hpi,cpi (1982-1984=100),pce (2012=100),real hpi (cpi),real hpi (pce)
15.088699539776464,29.01,16.074,52.012063218808905,93.87022234525608
15.072136752136753,29.0,16.089,51.972885352195696,93.67976103012465
15.072136752136753,28.97,16.1,52.026706082626006,93.61575622445187
15.072136752136753,28.98,16.132,52.00875345802882,93.43005673280904
15.138387902695596,29.04,16.14,52.12943492663773,93.79422492376453
15.138387902695596,29.11,16.186,52.00408073753211,93.52766528293338
15.088699539776464,29.15,16.22,51.76226257213196,93.02527459788202
15.072136752136753,29.18,16.244,51.6522849627716,92.78587018060055
15.105262327416176,29.25,16.286,51.64192248689291,92.74998358968546
15.188076265614729,29.35,16.326,51.74813037688153,93.02999060158477
15.204639053254438,29.35,16.336,51.804562362025344,93.07443103118536
15.138387902695596,29.41,16.355,51.473607285602164,92.56122227267255
15.188076265614729,29.37,16.346,51.7128916091751,92.91616460060399
15.188076265614729,29.41,16.363,51.642557856561474,92.81963127552851
15.188076265614729,29.41,16.372,51.642557856561474,92.76860655762722
15.188076265614729,29.54,16.432,51.41528864459962,92.42987016562031
15.154950690335308,29.57,16.449,51.251101421492415,92.1329606075464
15.121825115055884,29.61,16.456,51.0699936340962,91.89247153048058
15.121825115055884,29.55,16.485,51.17368905264259,91.73081659117916
15.188076265614729,29.61,16.513,51.29373949886771,91.97648074616804
15.25432741617357,29.61,16.523,51.51748536363922,92.32177822534389
15.304015779092703,29.75,16.542,51.44206984568975,92.5161152163747
15.25432741617357,29.78,16.598,51.2233962933968,91.90461149640662
15.25432741617357,29.81,16.601,51.171846414537306,91.88800322976671
15.25432741617357,29.84,16.604,51.12040018824923,91.87140096466858
15.22120184089415,29.84,16.62,51.00938954723241,91.5836452520707
15.25432741617357,29.84,16.61,51.12040018824923,91.83821442609013
15.188076265614729,29.81,16.6,50.94960169612456,91.49443533502848
15.237764628533862,29.84,16.609,51.064894867740826,91.74402208762635
15.22120184089415,29.84,16.617,51.00938954723241,91.60017958051483
15.270890203813282,29.92,16.653,51.0390715368091,91.70053566212263
15.28745299145299,29.94,16.667,51.060297232641915,91.72288349104811
15.28745299145299,29.98,16.686,50.99217141912272,91.61844055767105
15.28745299145299,29.98,16.685,50.99217141912272,91.62393162393163
15.370266929651544,29.98,16.686,51.268402033527494,92.11474846968443
15.403392504930968,30.01,16.69,51.32753250560136,92.29114742319334
15.419955292570677,30.04,16.721,51.33140909644034,92.21909749758194
15.386829717291256,30.11,16.767,51.1020581776528,91.76853174265675
15.386829717291256,30.17,16.789,51.00042995456167,91.64827992906817
15.386829717291256,30.21,16.808,50.9329020764358,91.54467942224689
15.46964365548981,30.24,16.818,51.15622901947688,91.98265938571654
15.486206443129522,30.21,16.829,51.261855157661444,92.02095456134958
15.486206443129522,30.22,16.819,51.244892267139385,92.075667061832
15.486206443129522,30.28,16.844,51.14335020848587,91.93900761772453
15.46964365548981,30.42,16.927,50.85352943947997,91.39034474797548
15.436518080210389,30.38,16.909,50.81144858528766,91.29172677396883
15.453080867850097,30.38,16.922,50.86596730694568,91.31947091271775
15.453080867850097,30.38,16.914,50.86596730694568,91.36266328396651
15.46964365548981,30.44,16.956,50.82011713367217,91.23403901562756
15.46964365548981,30.48,16.974,50.75342406656762,91.13729029981036
15.552457593688365,30.51,16.961,50.974951142865834,91.69540471486567
15.618708744247206,30.48,16.96,51.242482756716555,92.09144306749532
15.585583168967785,30.51,16.987,51.08352398875052,91.75006280666267
15.585583168967785,30.61,17.024,50.91663890548117,91.55065301320361
15.618708744247206,30.69,17.058,50.891849932379294,91.56236806335565
15.618708744247206,30.75,17.081,50.792548761779535,91.43907701099002
15.618708744247206,30.72,17.078,50.842150860179714,91.4551396196698
15.618708744247206,30.75,17.111,50.792548761779535,91.27876070508565
15.718085470085471,30.78,17.135,51.06590471112889,91.73087522664412
15.784336620644313,30.88,17.161,51.11507973006578,91.97795361951117
15.784336620644313,30.94,17.197,51.01595546426733,91.78540804003205
15.834024983563445,30.91,17.221,51.226221234433666,91.94602510634368
15.834024983563445,30.94,17.231,51.17655133666271,91.89266428856969
15.784336620644313,30.95,17.245,50.99947211839842,91.52993111420302
15.718085470085471,30.98,17.246,50.73623457096665,91.14047008051416
15.767773833004604,31.01,17.271,50.847384176087076,91.29624128889238
15.800899408284025,31.02,17.293,50.93778016854941,91.37164984840123
15.850587771203157,31.05,17.306,51.048591855726755,91.59012926848004
15.900276134122286,31.08,17.333,51.159189620728085,91.73412643005993
15.93340170940171,31.12,17.343,51.19987695823171,91.87223496166587
15.983090072320842,31.21,17.368,51.21143887318437,92.02608286688647
15.983090072320842,31.25,17.393,51.145888231426696,91.89380826953855
16.082466798159107,31.28,17.412,51.41453579974139,92.36427060739207
16.082466798159107,31.28,17.419,51.41453579974139,92.32715309810612
16.032778435239972,31.31,17.442,51.20657436997755,91.92052766448786
15.999652859960552,31.38,17.469,50.986784129893415,91.58883084298215
15.983090072320842,31.48,17.508,50.77220480406874,91.29021060270071
15.983090072320842,31.61,17.559,50.5633978877597,91.02505878649605
16.016215647600266,31.58,17.572,50.716325673211735,91.14623063737916
16.016215647600266,31.55,17.576,50.76455038859038,91.12548729859049
16.016215647600266,31.62,17.584,50.652168398482814,91.08402893312253
16.115592373438528,31.65,17.59,50.91814335999535,91.61792139532989
16.19840631163708,31.75,17.62,51.01860255633726,91.93193139408103
16.248094674556214,31.85,17.684,51.01442597976833,91.88020060255718
16.297783037475348,31.88,17.704,51.12228054415103,92.05706641140617
16.264657462195924,32.08,17.778,50.70030380983766,91.4875546304192
16.264657462195924,32.18,17.821,50.54275159165918,91.26680580324293
16.281220249835634,32.28,17.883,50.43748528449701,91.04300313054652
16.314345825115055,32.35,17.905,50.43074443621346,91.11614535110334
16.34747140039448,32.38,17.95,50.48632304013119,91.07226406905002
16.36403418803419,32.45,17.984,50.428456665744804,90.99218298506555
16.314345825115055,32.65,18.053,49.967368530214564,90.36916759051157
16.314345825115055,32.75,18.11,49.81479641256505,90.08473674828853
16.3805969756739,32.85,18.158,49.86483097617625,90.21146037930333
16.3805969756739,32.88,18.185,49.819333867621346,90.07751980024142
16.44684812623274,32.92,18.222,49.96004898612618,90.25819408535143
16.44684812623274,32.9,18.224,49.990419836573686,90.24828866457824
16.44684812623274,33.0,18.245,49.83893371585679,90.14441285959298
16.33090861275477,33.0,18.255,49.48760185683263,89.45992118737206
16.39715976331361,33.1,18.285,49.53824701907435,89.67547040368395
16.496536489151875,33.1,18.32,49.83847881918995,90.04659655650586
16.529662064431296,33.3,18.379,49.63862481811201,89.93776627907555
16.529662064431296,33.4,18.441,49.49000618093203,89.63538888580499
16.62903879026956,33.5,18.499,49.63892176199869,89.89155516660124
16.62903879026956,33.6,18.555,49.49118687580226,89.62025756006231
16.695289940828403,33.7,18.606,49.54091970572226,89.73067795780072
16.744978303747533,33.9,18.668,49.39521623524346,89.69883385337226
16.82779224194609,34.0,18.698,49.49350659395908,89.99781924241142
16.81122945430638,34.1,18.784,49.29979312113307,89.49760143902459
16.89404339250493,34.2,18.861,49.39778769738283,89.57130264834807
16.86091781722551,34.3,18.923,49.157194802406735,89.10277343563658
16.86091781722551,34.4,18.982,49.01429598030671,88.82582350239969
16.81122945430638,34.5,19.052,48.72820131683008,88.2386597433675
16.943731755424064,34.7,19.113,48.82919814243245,88.65029956272727
17.00998290598291,34.9,19.171,48.739206034334984,88.72767673038918
17.059671268902036,35.0,19.25,48.741917911148676,88.62166892936123
17.059671268902036,35.1,19.317,48.60305204815395,88.31428932495749
17.175610782380016,35.3,19.402,48.65612119654396,88.5249499143388
17.374364234056543,35.4,19.467,49.08012495496199,89.25034280606432
17.52342932281394,35.6,19.508,49.22311607532005,89.82688806035442
17.60624326101249,35.7,19.584,49.31720801404059,89.9011604422615
17.689057199211046,35.8,19.633,49.4107742994722,90.09859521831125
17.838122287968446,36.1,19.726,49.4130811301065,90.42949552858384
17.854685075608153,36.3,19.812,49.18646026338334,90.12055862915481
17.937499013806708,36.4,19.892,49.27884344452392,90.17443702899008
17.98718737672584,36.6,19.989,49.14532070143672,89.98542886950742
18.152815253122945,36.8,20.076,49.328302318268875,90.42047844751417
18.26875476660092,36.9,20.132,49.508820505693556,90.74485777171131
18.401257067718607,37.1,20.216,49.599075654228045,91.02323440699746
18.550322156476003,37.3,20.285,49.73276717553889,91.44847008368747
18.633136094674555,37.5,20.372,49.688362919132146,91.46444185487215
18.749075608152534,37.7,20.465,49.732296042844915,91.61532180871016
18.93126627218935,37.9,20.539,49.95057063902203,92.17228819411534
19.063768573307033,38.1,20.62,50.03613798768251,92.45280588412722
19.163145299145302,38.3,20.672,50.0343219298833,92.70097377682518
19.245959237343854,38.5,20.776,49.98950451258144,92.6355373380047
19.395024326101247,38.6,20.842,50.24617701062499,93.0574048848539
19.527526627218936,38.8,20.896,50.328676874275615,93.45102712107071
19.57721499013807,38.9,20.973,50.32703082297705,93.34484809106027
19.759405654174888,39.0,21.028,50.665142703012535,93.96711838584217
19.958159105851415,39.2,21.122,50.91367118839646,94.48991149442011
20.057535831689677,39.4,21.227,50.90745134946618,94.49067617510565
20.173475345167653,39.6,21.31,50.943119558504165,94.66670739168302
20.289414858645628,39.8,21.405,50.97842929307947,94.78820303034631
20.339103221564763,39.9,21.45,50.97519604402196,94.82099403992896
20.289414858645628,39.9,21.513,50.85066380612939,94.31234536626982
20.289414858645628,40.0,21.584,50.72353714661407,94.00210738809132
20.355666009204473,40.1,21.669,50.76225937457475,93.93911121512055
20.50473109796187,40.3,21.759,50.88022604953317,94.23563168326609
20.720047337278107,40.5,21.855,51.16061070932866,94.80689699051982
20.75317291255753,40.6,21.921,51.11618943979688,94.6725647213062
20.819424063116372,40.7,21.985,51.15337607645299,94.6983127728741
20.869112426035503,40.8,22.018,51.149785357930156,94.78205298408349
20.935363576594348,40.9,22.052,51.18670801123313,94.93634852437125
21.100991452991455,41.0,22.097,51.465832812174284,95.49256212604179
21.150679815910586,41.1,22.184,51.461508067908966,95.34204749328609
21.216930966469427,41.2,22.275,51.49740525842093,95.24997066877408
21.26661932938856,41.4,22.363,51.368645723160775,95.09734529977446
21.25005654174885,41.4,22.395,51.32863898973152,94.88750409354255
21.28318211702827,41.5,22.429,51.28477618561029,94.89135546403439
21.349433267587116,41.6,22.478,51.32075304708441,94.97923866708388
21.4819355687048,41.7,22.513,51.51543301847673,95.42013755920932
21.69725180802104,41.8,22.593,51.90730097612689,96.03528441562005
21.780065746219595,41.9,22.659,51.98106383345965,96.12103687814817
21.763502958579885,42.1,22.76,51.69478137429901,95.62171774419984
21.746940170940174,42.2,22.786,51.533033580426945,95.43991999885971
21.763502958579885,42.4,22.854,51.32901641174501,95.22841935144783
21.780065746219595,42.5,22.927,51.2472135205167,94.99745167801979
21.73037738330046,42.7,22.996,50.89081354402918,94.49633581188233
21.73037738330046,43.0,23.117,50.5357613565127,94.00171900895644
21.746940170940174,43.4,23.28,50.108157075899015,93.41469145592858
21.746940170940174,43.7,23.454,49.76416515089284,92.72166867459782
21.7966285338593,43.9,23.569,49.650634473483606,92.4800735451623
21.84631689677844,44.2,23.704,49.42605632755303,92.1629973708169
21.829754109138726,44.2,23.79,49.388583957327434,91.76021063110016
22.028507560815253,45.0,24.064,48.952239024033894,91.5413379355687
22.11132149901381,45.2,24.16,48.91885287392435,91.52037044293795
22.276949375410915,45.6,24.296,48.85295915660288,91.68978175588951
22.376326101249177,45.9,24.495,48.75016579792849,91.35058624718994
22.525391190006577,46.3,24.697,48.65095289418267,91.20699352150697
22.707581854043394,46.8,24.934,48.52047404710127,91.07075420728079
22.889772518080207,47.3,25.224,48.39275373801313,90.74600585981688
23.13821433267587,47.8,25.517,48.406306135305165,90.67764365981843
23.221028270874424,48.1,25.697,48.27656605171398,90.36474402021413
23.336967784352403,48.6,25.95,48.01845223117778,89.93051169307284
23.469470085470082,49.0,26.17,47.89687772544915,89.6808180568211
23.58540959894806,49.3,26.363,47.840587421801345,89.46405795602952
23.8007258382643,49.9,26.639,47.69684536726312,89.34541776442171
24.03260486522025,50.6,26.916,47.49526653205583,89.28743076690537
24.23135831689678,51.0,27.108,47.51246728803291,89.38821866938461
24.413548980933598,51.5,27.312,47.40494947754097,89.38762807898945
24.794493096646942,51.9,27.528,47.77358978159334,90.07008535544516
25.266,52.3,27.698,48.30975143403442,91.21958264134594
25.308,52.6,27.849,48.11406844106464,90.87579446299688
25.373,52.8,27.943,48.05492424242425,90.80270550764055
25.415,53.0,28.039,47.95283018867924,90.64160633403473
25.491,53.1,28.15,48.00564971751412,90.55417406749557
25.475,53.5,28.326,47.61682242990655,89.9350420108734
25.612,54.0,28.569,47.42962962962963,89.6496202177185
25.764,54.2,28.693,47.5350553505535,89.79193531523367
26.024,54.6,28.835,47.663003663003664,90.25143055314722
26.217,54.9,29.003,47.75409836065574,90.39409716236251
26.403,55.3,29.189,47.74502712477396,90.45530850662921
26.478,55.6,29.35,47.622302158273385,90.21465076660988
26.575,55.8,29.462,47.62544802867383,90.20093679994568
26.626,55.9,29.5,47.631484794275494,90.25762711864407
26.86,56.0,29.544,47.964285714285715,90.91524505821825
27.129,56.1,29.611,48.35828877005348,91.61797980480227
27.449,56.4,29.752,48.668439716312065,92.25934390965314
27.534,56.7,29.882,48.56084656084656,92.14242687905761
27.761,57.0,30.033,48.70350877192982,92.43498817966902
27.942,57.3,30.199,48.76439790575917,92.52624259081426
28.143,57.6,30.369,48.859375,92.67015706806284
28.235,57.9,30.528,48.76511226252159,92.48886268343816
28.399,58.1,30.667,48.87951807228916,92.6044282127368
28.635,58.4,30.839,49.03253424657535,92.85320535685334
28.873,58.7,31.017,49.18739352640545,93.08766160492632
29.212,59.3,31.26,49.26138279932547,93.44849648112603
29.63,59.6,31.417,49.71476510067114,94.31199668969029
30.157,60.0,31.6,50.26166666666667,95.43354430379748
30.53,60.2,31.76,50.71428571428571,96.1272040302267
30.761,60.5,31.937,50.84462809917355,96.31775057143751
31.078,60.8,32.103,51.11513157894737,96.80715197956576
31.393,61.1,32.253,51.379705400982004,97.33358137227545
31.804,61.3,32.374,51.882544861337685,98.23932785568665
32.204,61.6,32.524,52.27922077922078,99.01611117943673
32.537,62.0,32.712,52.47903225806452,99.46502812423574
32.831,62.3,32.87,52.69823434991975,99.8813507757834
33.162,62.7,33.064,52.889952153110045,100.29639487055408
33.534,63.0,33.218,53.22857142857143,100.95129146848092
34.001,63.4,33.433,53.62933753943218,101.69892022851673
34.447,63.9,33.686,53.90766823161189,102.25909873537968
34.92,64.5,33.927,54.13953488372093,102.92687240251128
35.446,65.0,34.149,54.53230769230769,103.79806143664527
35.945,65.5,34.336,54.87786259541985,104.68604380242313
36.419,65.9,34.509,55.264036418816374,105.53478802631197
36.801,66.5,34.706,55.33984962406016,106.03642021552469
37.158,67.1,34.981,55.37704918032787,106.22337840542009
37.548,67.5,35.18,55.626666666666665,106.73109721432633
37.993,67.9,35.345,55.954344624447714,107.49186589333712
38.501,68.5,35.611,56.20583941605839,108.11546993906379
38.985,69.2,35.802,56.33670520231213,108.89056477291771
39.502,69.9,36.081,56.51216022889842,109.4814445275907
40.015,70.6,36.457,56.67847025495752,109.7594426310448
40.534,71.4,36.835,56.77030812324929,110.04207954391202
41.047,72.2,37.138,56.85180055401662,110.52560719478701
41.507,73.0,37.422,56.858904109589034,110.91603869381647
41.925,73.7,37.708,56.88602442333786,111.18330327781902
42.28,74.4,38.041,56.827956989247305,111.143240188218
42.655,75.2,38.351,56.722074468085104,111.22265390732966
42.961,76.0,38.617,56.52763157894737,111.2489318175933
43.22,76.9,38.942,56.20286085825747,110.98556828103332
43.439,78.0,39.349,55.69102564102564,110.39416503596027
43.69,79.0,39.776,55.30379746835443,109.84010458567978
44.063,80.1,40.264,55.009987515605495,109.43522749850982
44.476,80.9,40.475,54.97651421508034,109.8851142680667
44.791,81.7,40.79,54.823745410036715,109.80877666094631
45.063,82.5,41.047,54.621818181818185,109.78390625380663
45.376,82.6,41.365,54.93462469733657,109.69660340867881
45.641,83.2,41.711,54.856971153846146,109.42197501858021
45.863,83.9,42.096,54.66388557806913,108.94859369061194
46.052,84.7,42.434,54.370720188902,108.52618183532074
46.237,85.6,42.779,54.01518691588786,108.0834054091961
46.42,86.4,43.057,53.726851851851855,107.81057667742759
46.563,87.2,43.47,53.39793577981652,107.1152518978606
46.75,88.0,43.91,53.125,106.46777499430655
47.029,88.6,44.216,53.0801354401806,106.36195042518546
47.448,89.1,44.409,53.25252525252525,106.84320745794771
47.778,89.7,44.609,53.264214046822744,107.10394763388553
48.087,90.5,44.787,53.13480662983425,107.3682095250854
48.334,91.5,45.057,52.824043715847004,107.27300974321415
48.582,92.2,45.338,52.691973969631235,107.15514579381534
48.674,93.1,45.613,52.28141783029001,106.71080612983141
48.74,93.4,45.82,52.18415417558886,106.37276298559581
48.743,93.8,46.065,51.96481876332623,105.81352436774125
48.782,94.1,46.208,51.84059511158342,105.57046398891967
48.815,94.4,46.483,51.71080508474576,105.01688789449905
48.894,94.7,46.622,51.63041182682154,104.87323581141949
48.867,94.7,46.742,51.601900739176344,104.54623251037611
48.931,95.0,46.766,51.506315789473675,104.62943163836975
48.995,95.9,47.043,51.08967674661105,104.14939523414748
48.991,97.0,47.384,50.506185567010306,103.39144014857335
48.978,97.5,47.665,50.23384615384615,102.7546417706913
48.956,97.7,47.813,50.10849539406345,102.39056323594002
48.973,97.7,47.946,50.125895598771756,102.14199307554333
48.974,98.1,48.215,49.92252803261977,101.57419890075701
48.977,98.0,48.359,49.97653061224489,101.27794205835521
49.06,97.7,48.432,50.21494370522006,101.29666336306573
49.224,97.9,48.659,50.27987742594483,101.16114182371194
49.48,98.0,48.741,50.48979591836734,101.51617734556122
49.685,98.1,48.804,50.64729867482162,101.80517990328661
49.941,98.8,49.027,50.547570850202426,101.8642788667469
50.192,99.2,49.166,50.59677419354839,102.08680795671808
50.438,99.4,49.349,50.74245472837022,102.20673164603133
50.726,99.8,49.627,50.827655310621246,102.21452032159912
50.951,100.1,49.84,50.9000999000999,102.22913322632424
51.087,100.4,50.014,50.883466135458164,102.1453992881993
51.183,100.8,50.099,50.77678571428571,102.1637158426316
51.253,101.1,50.17,50.69535113748764,102.158660554116
51.387,101.4,50.198,50.6775147928994,102.36862026375553
51.537,102.1,50.416,50.4769833496572,102.22350047603936
51.703,102.6,50.755,50.392787524366476,101.86779627622894
51.939,102.9,50.922,50.47521865889213,101.99717214563451
52.23,103.3,51.115,50.56147144240077,102.18135576640907
52.559,103.5,51.18,50.7816425120773,102.69441187964048
52.862,103.7,51.271,50.97589199614272,103.10311872208462
53.154,104.1,51.455,51.06051873198848,103.30191429404334
53.409,104.4,51.613,51.15804597701149,103.47974347548099
53.567,104.7,51.683,51.16236867239733,103.645299227986
53.666,105.1,51.805,51.06184586108468,103.59231734388572
53.674,105.3,51.877,50.97245963912631,103.46396283516779
53.79,105.5,52.023,50.98578199052133,103.39657459200737
53.975,105.7,52.283,51.06433301797541,103.236233574967
54.22,106.3,52.527,51.0065851364064,103.22310430826052
54.529,106.8,52.732,51.05711610486892,103.40779792156567
54.9,107.0,52.808,51.30841121495327,103.96152098166944
55.32,107.2,52.934,51.604477611940304,104.50749990554276
55.718,107.5,53.078,51.830697674418616,104.97381212555108
56.117,107.7,53.208,52.104921077065924,105.46722297398887
56.504,107.9,53.384,52.36700648748841,105.84444777461411
56.87,108.1,53.474,52.60869565217391,106.35074989714627
57.192,108.5,53.563,52.71152073732719,106.77519929802288
57.505,109.0,53.719,52.75688073394495,107.04778569965934
57.811,109.5,53.9,52.79543378995434,107.2560296846011
58.158,109.9,54.148,52.91901728844404,107.40562901676884
58.502,109.7,54.148,53.329079307201454,108.04092487257147
58.943,109.1,54.029,54.026581118240145,109.09511558607414
59.486,108.7,53.918,54.72493100275988,110.32679253681516
60.052,109.0,54.017,55.09357798165138,111.17240868615434
60.649,109.4,54.218,55.43784277879341,111.86137445128924
61.251,109.5,54.231,55.93698630136986,112.94462576754991
61.782,109.6,54.3,56.37043795620438,113.77900552486189
62.241,110.0,54.477,56.582727272727276,114.25188611707694
62.59,110.2,54.575,56.7967332123412,114.68621163536419
62.903,110.4,54.673,56.977355072463766,115.05313408812393
63.366,110.8,54.746,57.18953068592057,115.74544258941293
63.753,111.4,55.002,57.22890484739677,115.91033053343513
64.153,111.8,55.195,57.38193202146691,116.22973095389075
64.489,112.2,55.341,57.47682709447416,116.53023978605374
64.994,112.7,55.547,57.66992014196983,117.00721911174321
65.569,113.0,55.688,58.02566371681416,117.74349949719867
66.238,113.5,55.899,58.35947136563877,118.49585860212169
66.802,113.8,56.028,58.70123022847101,119.2296708788463
67.282,114.3,56.25,58.86439195100613,119.61244444444444
67.637,114.7,56.439,58.96861377506538,119.84089016460248
67.916,115.0,56.618,59.05739130434783,119.95478469744603
68.107,115.4,56.726,59.01819757365684,120.06311039029723
68.358,115.6,56.831,59.13321799307959,120.28294416779575
68.595,116.0,57.051,59.133620689655174,120.23452700215596
68.928,116.2,57.135,59.3184165232358,120.64058808086111
69.335,116.5,57.332,59.515021459227455,120.93595199888367
69.798,117.2,57.611,59.55460750853242,121.1539462949784
70.417,117.5,57.778,59.92936170212766,121.87510817266087
71.076,118.0,58.024,60.23389830508474,122.49414035571486
71.694,118.5,58.306,60.50126582278481,122.96161630020926
72.194,119.0,58.479,60.66722689075631,123.45286342105715
72.583,119.5,58.764,60.73891213389121,123.51609829147097
72.831,119.9,58.956,60.74311926605505,123.53450030531243
73.074,120.3,59.092,60.743142144638405,123.66140932782778
73.286,120.7,59.277,60.71748135874068,123.63311233699412
73.623,121.2,59.581,60.7450495049505,123.56791594635874
73.973,121.6,59.779,60.83305921052632,123.74412419076933
74.415,122.2,60.002,60.896072013093296,124.02086597113431
74.873,123.1,60.402,60.822908204711624,123.95781596635874
75.302,123.7,60.622,60.874696847211,124.21563128897103
75.702,124.1,60.755,61.00080580177276,124.60209036293308
76.048,124.5,60.9,61.08273092369478,124.8735632183908
76.279,124.5,60.907,61.268273092369476,125.23847833582347
76.427,124.8,61.043,61.239583333333336,125.20190685254657
76.493,125.4,61.281,60.99920255183412,124.82335471026909
76.524,125.9,61.415,60.781572676727556,124.60148172270618
76.499,126.3,61.593,60.56927949326999,124.20080203919275
76.527,127.5,62.06,60.02117647058823,123.31131163390268
76.587,128.0,62.333,59.833593750000006,122.86750196525117
76.79,128.6,62.568,59.71228615863142,122.7304692494566
77.041,128.9,62.699,59.768037238169114,122.87436801224901
77.299,129.1,62.84,59.87529047250194,123.00922978994271
77.504,129.9,63.118,59.664357197844495,122.79223042555213
77.556,130.5,63.274,59.42988505747127,122.5716724088883
77.473,131.6,63.695,58.87006079027356,121.63121124107073
77.222,132.5,64.086,58.28075471698113,120.49745654277064
76.906,133.4,64.453,57.65067466266866,119.32105565295643
76.374,133.7,64.534,57.123410620792825,118.34691790374066
75.965,134.2,64.595,56.605812220566335,117.60198157752149
75.527,134.7,64.84,56.07052709725316,116.48210980876001
75.247,134.8,64.873,55.82121661721068,115.99124443142755
75.141,134.8,64.887,55.74258160237389,115.80285727495495
75.312,135.1,65.004,55.74537379718727,115.8574856931881
75.769,135.6,65.274,55.87684365781711,116.07837730183535
76.252,136.0,65.384,56.067647058823525,116.62180349932704
76.509,136.2,65.487,56.174008810572694,116.83082138439691
76.586,136.6,65.639,56.06588579795022,116.67758497234877
76.571,137.0,65.865,55.89124087591241,116.2544598800577
76.287,137.2,65.989,55.6027696793003,115.60563124157058
76.032,137.8,66.133,55.17561683599419,114.96832141291036
75.833,138.2,66.299,54.87192474674385,114.38030739528497
75.695,138.3,66.389,54.73246565437454,114.01738239768635
75.651,138.6,66.557,54.58225108225108,113.66347641870877
75.81,139.1,66.718,54.50035945363049,113.62750681974877
76.077,139.4,66.899,54.57460545193686,113.7191886276327
76.396,139.7,66.987,54.685755189692195,114.04600892710528
76.601,140.1,67.107,54.67594575303355,114.14755539660541
76.71,140.5,67.328,54.597864768683266,113.93476711026615
76.731,140.8,67.418,54.49644886363636,113.8138182681183
76.629,141.1,67.528,54.308291991495395,113.4773723492477
76.6,141.7,67.767,54.05786873676782,113.03436776011924
76.582,142.1,67.9,53.89303307529908,112.78645066273931
76.467,142.3,68.018,53.736472241742796,112.42171189979122
76.398,142.8,68.184,53.49999999999999,112.04681450193594
76.33,143.1,68.287,53.34032145352901,111.77823011700616
76.385,143.3,68.427,53.30425680390789,111.62991216917297
76.662,143.8,68.609,53.311543810848406,111.7375271465843
77.031,144.2,68.821,53.41955617198336,111.9294982636114
77.517,144.3,68.845,53.71933471933471,112.59641223037258
77.885,144.5,68.954,53.89965397923876,112.95211300287149
78.131,144.8,69.072,53.95787292817678,113.11529997683576
78.2,145.0,69.144,53.93103448275862,113.09730417679047
78.176,145.6,69.362,53.69230769230769,112.70724604250167
78.176,146.0,69.493,53.54520547945205,112.49478364727383
78.119,146.3,69.509,53.39644565960355,112.38688515156309
78.204,146.3,69.532,53.454545454545446,112.47195535868377
78.21,146.7,69.693,53.312883435582826,112.22073952907752
78.355,147.1,69.885,53.266485384092455,112.11991128282177
78.709,147.2,69.968,53.470788043478265,112.49285387605764
79.218,147.5,70.069,53.7071186440678,113.057129401019
79.71,147.9,70.241,53.894523326572,113.48073062741133
80.072,148.4,70.462,53.956873315363886,113.63855695268373
80.325,149.0,70.623,53.90939597315436,113.73773416592327
80.347,149.3,70.702,53.81580709979905,113.64176402364853
80.31,149.4,70.822,53.75502008032128,113.39696704413882
80.175,149.8,70.957,53.52136181575433,112.99096635990813
80.085,150.1,71.003,53.35443037974683,112.79100883061277
80.036,150.5,71.146,53.180066445182725,112.49543192870999
80.005,150.9,71.272,53.018555334658714,112.25305870468065
80.094,151.2,71.404,52.97222222222222,112.17018654417119
80.387,151.8,71.592,52.95586297760211,112.28489216672256
80.709,152.1,71.702,53.063116370808686,112.56171375972777
81.085,152.4,71.772,53.20538057742782,112.97581229448808
81.428,152.6,71.862,53.360419397116644,113.31162505914114
81.671,152.9,72.017,53.41465009810334,113.4051682241693
81.756,153.1,72.066,53.40039190071849,113.44600782615935
81.745,153.5,72.253,53.25407166123779,113.13717077491592
81.65,153.7,72.251,53.12296681847756,113.00881648696904
81.533,153.9,72.39,52.977907732293694,112.63019754109685
81.448,154.7,72.551,52.648998060762764,112.26309768300918
81.421,155.0,72.665,52.52967741935485,112.04981765636826
81.687,155.5,72.884,52.53183279742765,112.07809670160802
82.145,156.1,73.103,52.62331838565022,112.36884943162389
82.623,156.4,73.229,52.82800511508952,112.82825110270522
83.072,156.7,73.228,53.01340140395661,113.44294532146175
83.444,157.0,73.383,53.14904458598726,113.71025986945207
83.672,157.2,73.453,53.2264631043257,113.91229765972798
83.728,157.7,73.66,53.09321496512365,113.66820526744502
83.655,158.2,73.883,52.879266750948176,113.2263172854378
83.581,158.7,74.015,52.66603654694393,112.92440721475376
83.515,159.1,74.1,52.49214330609679,112.70580296896087
83.554,159.4,74.196,52.41781681304894,112.61253975955579
83.619,159.7,74.352,52.36005009392611,112.46368624919303
83.935,159.8,74.43,52.52503128911139,112.77038828429396
84.349,159.9,74.503,52.75109443402126,113.21557521173644
84.896,159.9,74.469,53.0931832395247,114.00179940646444
85.429,160.2,74.565,53.32646691635456,114.56983839603032
85.871,160.4,74.609,53.535536159600994,115.09469366966452
86.18,160.8,74.669,53.59452736318408,115.41603610601456
86.34,161.2,74.849,53.560794044665016,115.35224251493005
86.437,161.5,74.946,53.52136222910217,115.33237264163532
86.66,161.7,74.95,53.59307359307359,115.62374916611074
86.877,161.8,74.934,53.694066749072924,115.93802546240693
87.193,162.0,74.971,53.82283950617284,116.30230355737552
87.404,162.0,74.932,53.953086419753085,116.64442427801205
87.907,162.0,74.944,54.26358024691358,117.29691502988896
88.587,162.2,75.037,54.61590628853268,118.05775817263482
89.403,162.6,75.14,54.98339483394834,118.98190045248869
90.223,162.8,75.076,55.41953316953317,120.17555543715703
90.887,163.2,75.262,55.69056372549021,120.76080890754963
91.435,163.4,75.366,55.9577723378213,121.32128546028713
91.779,163.5,75.322,56.13394495412843,121.8488622182098
92.026,163.9,75.487,56.147651006711406,121.90973280167445
92.223,164.1,75.491,56.199268738574034,122.16423149779443
92.47,164.4,75.567,56.24695863746958,122.36822951817594
92.74,164.7,75.705,56.30843958712811,122.50181626048477
93.007,164.7,75.687,56.470552519732856,122.88371847212865
93.638,164.8,75.746,56.81917475728155,123.62104929633249
94.465,165.9,76.096,56.94092827004219,124.13924516400337
95.39,166.0,76.134,57.46385542168675,125.29224787874011
96.393,166.0,76.15,58.068072289156625,126.58305975049244
97.221,166.7,76.352,58.32093581283744,127.33261735121542
97.926,167.1,76.486,58.60323159784561,128.03127369714718
98.43,167.8,76.754,58.65911799761621,128.24087343982075
98.865,168.1,76.876,58.81320642474718,128.60320516155886
99.184,168.4,76.943,58.8978622327791,128.90581339433086
99.578,168.8,77.128,58.99170616113744,129.10745773260035
100.0,169.3,77.348,59.06674542232723,129.2858251021358
100.57,170.0,77.597,59.15882352941176,129.6055259868294
101.466,171.0,77.928,59.33684210526315,130.20480443486295
102.541,170.9,77.851,60.000585137507315,131.71442884484463
103.702,171.2,77.906,60.57359813084112,133.1116987138346
104.856,172.2,78.161,60.89198606271778,134.15386190043628
105.722,172.7,78.349,61.21713954834974,134.9372678655758
106.522,172.7,78.34,61.68037058482919,135.9739596630074
107.135,173.6,78.676,61.71370967741936,136.17240327418781
107.728,173.9,78.787,61.94824611845888,136.73321740896338
108.291,174.2,78.888,62.16475315729048,137.27182841496804
108.792,174.6,78.991,62.30927835051546,137.72708283222138
109.215,175.6,79.348,62.19533029612757,137.64052023995566
109.643,176.0,79.458,62.29715909090909,137.98862292028494
110.395,176.1,79.462,62.68881317433277,138.9280410762377
111.248,176.4,79.605,63.065759637188215,139.75001570253124
112.203,177.3,79.818,63.28426395939086,140.57355483725476
113.274,177.7,79.962,63.74451322453574,141.65978839948977
114.229,177.4,79.935,64.39064261555806,142.90235816600986
114.991,177.4,79.929,64.82018038331454,143.8664314579189
115.467,178.1,79.663,64.83267827063447,144.9443279816226
115.682,177.6,79.952,65.13626126126127,144.68931358815288
115.839,177.5,79.903,65.26140845070422,144.97453161958873
116.056,177.4,79.819,65.4205186020293,145.39896515867147
116.438,177.7,79.879,65.52504220596511,145.7679740607669
116.918,178.0,80.011,65.68426966292135,146.1274074814713
117.932,178.5,80.233,66.06834733893557,146.98690065185147
119.212,179.3,80.58,66.48745119910764,147.94241747331844
120.791,179.5,80.637,67.29303621169916,149.79599935513474
122.335,179.6,80.735,68.1152561247216,151.5265993683037
123.687,180.0,80.897,68.715,152.89442130116072
124.729,180.5,81.048,69.10193905817175,153.89522258414766
125.493,180.8,81.191,69.40984513274336,154.56516116318312
126.135,181.2,81.342,69.61092715231788,155.0674928081434
126.641,181.5,81.423,69.77465564738293,155.53467693403584
127.15,181.8,81.494,69.93949394939494,156.02375635016074
127.652,182.6,81.716,69.907995618839,156.2142052963924
128.327,183.6,82.039,69.89488017429194,156.42194565999097
129.31,183.9,82.227,70.31538879825993,157.25978085057218
130.49,183.2,82.063,71.22816593886463,159.01197860180594
131.841,182.9,81.953,72.08365226899946,160.87391553695412
133.225,183.1,82.03,72.7607864554888,162.41009386809705
134.646,183.7,82.263,73.29667936853565,163.6774734692389
135.964,184.5,82.529,73.69322493224932,164.74693744017256
137.076,185.1,82.773,74.05510534846029,165.6047261788264
137.978,184.9,82.767,74.62303948080043,166.70653762973166
138.769,185.0,82.87,75.01027027027027,167.4538433691324
139.633,185.5,83.064,75.27385444743936,168.10290860059715
140.711,186.3,83.412,75.52925389157274,168.6939529084544
142.035,186.7,83.608,76.0765934654526,169.88206870155963
144.085,187.1,83.746,77.00962052378408,172.0500083586082
146.182,187.4,83.898,78.00533617929561,174.2377649050037
148.335,188.2,84.172,78.81774707757705,176.22843700993204
150.518,188.9,84.415,79.68131286394917,178.30717289581236
152.337,189.1,84.499,80.55896351136964,180.28260689475616
153.814,189.2,84.546,81.2970401691332,181.929363896577
155.108,189.8,84.714,81.7218124341412,183.09606440493897
156.3,190.8,85.077,81.91823899371069,183.71592792411582
157.498,191.7,85.403,82.1585811163276,184.4174092245003
158.674,191.7,85.446,82.7720396452791,185.7009105165836
160.136,191.6,85.556,83.57828810020877,187.17097573519098
161.932,192.4,85.791,84.16424116424116,188.7517338648576
164.582,193.1,86.038,85.23148627654065,191.28989516260256
167.0,193.7,86.266,86.2157976251936,193.58727656318825
169.542,193.6,86.308,87.57334710743801,196.43833711822774
172.013,193.7,86.357,88.8038203407331,199.188253413157
174.096,194.9,86.722,89.3258081067214,200.75182767925094
175.922,196.1,87.069,89.71035186129525,202.04894968358425
177.612,198.8,87.905,89.34205231388329,202.04994027643477
178.755,199.1,88.038,89.78151682571573,203.0430041572957
179.679,198.1,87.85,90.70116102978294,204.5293113261241
180.113,198.1,87.851,90.92024230186775,205.02100146839535
180.833,199.3,88.279,90.73406924234821,204.84260129815698
181.505,199.4,88.323,91.02557673019056,205.50139827677958
182.753,199.7,88.473,91.51377065598398,206.56358437037287
183.651,200.7,88.85,91.5052316890882,206.69780528981434
184.383,201.3,89.07,91.59612518628913,207.00909397103408
184.552,201.8,89.285,91.45292368681862,206.69989359914877
184.615,202.9,89.601,90.98817151306062,206.04122721844624
184.413,203.8,89.885,90.48724239450442,205.16548923624632
184.207,202.8,89.646,90.8318540433925,205.48267630457576
184.063,201.9,89.428,91.16542842991579,205.82256116652502
183.639,202.0,89.461,90.91039603960397,205.27268865762736
183.236,203.1,89.789,90.21959625800098,204.07399570103243
182.723,203.437,90.109,89.81797804725787,202.7799664850348
182.475,204.226,90.394,89.34954413248069,201.86627431024183
182.198,205.288,90.715,88.75238689061221,200.84660750702753
182.137,205.904,90.906,88.45724220996193,200.35751215541327
181.892,206.755,91.16,87.9746559938091,199.53049583150505
181.548,207.234,91.352,87.6053157300443,198.7345651983536
181.002,207.603,91.499,87.18660134969149,197.81855539404805
180.243,207.667,91.558,86.79424270587045,196.86209834203453
179.131,208.547,91.901,85.89478630716337,194.91735672081916
177.54,209.19,92.162,84.87021368134232,192.6390486317571
175.173,210.834,92.642,83.08574518341445,189.0859437404201
173.347,211.445,92.855,81.98207571708956,186.6856927467557
171.084,212.174,93.102,80.63381941236909,183.75974737384803
169.196,212.687,93.298,79.55164161420302,181.35008253124397
167.908,213.448,93.587,78.66459278138,179.41380747326014
167.328,213.942,93.785,78.21185181030373,178.41659113930803
167.027,215.208,94.206,77.611891751236,177.29974736216374
166.547,217.463,94.876,76.58636181787246,175.54175977064799
165.726,219.016,95.285,75.66844431457062,173.92664112924385
164.291,218.69,95.204,75.1250628743884,172.5673291038192
161.923,218.877,95.307,73.97899276762749,169.8962300775389
159.17,216.995,94.727,73.35192055116477,168.03023425211393
156.078,213.153,93.643,73.22345920535953,166.6734299413731
152.553,211.398,93.139,72.16388045298442,163.79067844834066
149.372,211.933,93.173,70.48076514747586,160.31682998293496
147.628,212.705,93.363,69.4050445452622,158.12259674603428
146.524,212.495,93.284,68.95409303748323,157.07302431285106
146.952,212.709,93.432,69.08593430461335,157.28230156691495
148.178,213.022,93.546,69.55995155429956,158.4012143758151
149.804,214.79,94.1,69.74440150845011,159.19659936238045
150.753,214.726,94.106,70.20714771383064,160.19488661721888
150.67,215.445,94.378,69.93432198472928,159.64525630973318
149.629,215.861,94.536,69.3172921463349,158.27727003469576
148.589,216.509,94.899,68.62947960592862,156.5759386294903
147.946,217.234,95.135,68.10444037305395,155.51164135176327
146.675,217.347,95.175,67.48425329082067,154.1108484370896
145.003,217.488,95.366,66.67172441697932,152.04894826248346
143.056,217.281,95.351,65.83916679323089,150.03093832261857
143.596,217.353,95.468,66.06580079409991,150.4127037331881
145.398,217.403,95.507,66.87948188387465,152.23805584930946
147.031,217.29,95.527,67.6657922591928,153.91564688517383
147.695,217.199,95.474,67.99985266967158,154.69656660452057
147.552,217.605,95.556,67.80726545805473,154.4141655155092
146.413,217.923,95.684,67.1856573193284,153.01722336022743
144.598,218.275,95.773,66.24579086015348,150.97992127217486
143.129,219.035,96.057,65.34526445545232,149.00423706757445
141.826,219.59,96.238,64.58672981465457,147.37006172198093
140.639,220.472,96.456,63.78995972277659,145.8063780376545
139.049,221.187,96.774,62.86490616537138,143.68425403517475
137.746,221.898,97.054,62.07626927687496,141.92717456261462
137.794,223.046,97.446,61.77828788680363,141.4054963774809
139.156,224.093,97.854,62.09743276229066,142.20777893596585
140.685,224.806,98.153,62.58062507228455,143.33234847635833
141.936,224.806,98.136,63.13710488154231,144.6319393494742
142.332,225.395,98.316,63.14780718294549,144.76992554619795
141.775,226.106,98.555,62.702891564133644,143.85368575922072
140.159,226.597,98.699,61.85386390817177,142.0065046251735
138.402,226.75,98.705,61.0372657111356,140.2178207790892
136.659,227.169,98.908,60.15741584459147,138.16779229182674
135.162,227.223,98.965,59.48429516378183,136.57555701510634
134.166,227.842,99.32,58.88554349066458,135.08457511075312
133.999,228.329,99.556,58.68680719488106,134.59660894371007
135.872,228.807,99.737,59.3827986031896,136.23028565126285
138.483,229.187,99.873,60.4235842347079,138.65909705325763
141.06,228.713,99.755,61.6755497064006,141.40644579219088
143.177,228.524,99.701,62.652937984631805,143.60638308542542
144.286,228.59,99.738,63.119996500284344,144.66502235857948
144.708,229.918,100.07,62.93896084691063,144.6067752573199
144.364,231.015,100.378,62.49118022639223,143.82035904281815
143.976,231.638,100.672,62.15560486621365,143.0149396058487
143.972,231.249,100.605,62.258431387811406,143.10620744495802
143.878,231.221,100.595,62.22531690460641,143.0269894129927
144.316,231.679,100.782,62.29136002831503,143.19620567164773
145.161,232.937,101.149,62.31770822153629,143.5120465847413
147.961,232.282,101.015,63.69886603352821,146.47428599712916
150.977,231.797,100.94,65.13328472758492,149.5710322964137
153.874,231.893,101.006,66.35560366203379,152.34144506266952
156.446,232.445,101.226,67.3045236507561,154.55120226028887
158.309,232.9,101.351,67.97294976384714,156.19875482235003
159.418,233.456,101.503,68.28610102117744,157.05742687408255
159.693,233.544,101.545,68.37812146747508,157.2632822886405
159.569,233.669,101.711,68.28847643461476,156.8847027361839
159.37,234.1,101.865,68.07774455360958,156.45216708388554
159.291,234.719,102.065,67.86455293350772,156.06819183853426
159.391,235.288,102.254,67.74293631634421,155.87752068378742
159.904,235.547,102.308,67.88623926435064,156.2966727919615
161.222,236.028,102.509,68.30630264205942,157.27594650225836
162.999,236.468,102.698,68.93067983828679,158.71682019124034
164.71,236.918,102.866,69.52194430140386,160.1209340306807
166.236,237.231,102.976,70.07347269117442,161.43178993163454
167.156,237.498,103.128,70.38206637529579,162.08595143898845
167.47,237.46,103.11,70.52556219994946,162.41877606439726
167.264,237.477,103.132,70.43376832282705,162.18438505992322
166.934,237.43,103.103,70.308722570863,161.9099347254687
166.685,236.983,103.021,70.33626884628855,161.79710932722455
166.495,236.252,102.852,70.47347747320659,161.8782328005289
166.297,234.718,102.357,70.8497004916538,162.46763777758238
166.688,235.236,102.518,70.85990239589178,162.5938859517353
168.142,236.005,102.751,71.2451007393911,163.6402565425154
170.012,236.156,102.803,71.99139551821678,165.37649679484062
171.887,236.974,103.064,72.53411766691706,166.77695412559189
173.488,237.684,103.277,72.99103010720115,167.98319083629463
174.535,238.053,103.389,73.31770656114395,168.81389702966467
174.983,238.028,103.392,73.51362024635758,169.24230114515632
175.099,237.506,103.235,73.72403223497511,169.6120501767811
175.112,237.781,103.236,73.644235662227,169.62299972877676
175.214,238.016,103.294,73.61437886528637,169.62650299146128
175.191,237.817,103.23,73.66630644571246,169.70938680616098
175.105,237.833,103.287,73.62519078513074,169.53246778394183
175.343,237.469,103.218,73.83826941621854,169.87637815109767
176.659,238.038,103.385,74.21462119493526,170.8748851380761
178.55,238.827,103.722,74.76122883928534,172.14284336977693
180.404,239.464,103.904,75.33658503992248,173.62565445026178
181.991,240.167,104.104,75.77685527154023,174.81652962422194
183.11,240.15,104.199,76.24817822194461,175.73105308112363
183.761,240.602,104.363,76.37550810051454,176.07868689094795
184.059,241.051,104.47,76.35687053777002,176.18359337608882
184.141,241.691,104.708,76.18860445775805,175.86144325170952
184.363,242.029,104.752,76.17392957042338,175.99950358943028
184.541,242.772,104.976,76.01412024450926,175.79351470812378
184.795,243.78,105.336,75.80400360981213,175.43384977595503
185.172,243.961,105.42,75.9022958587643,175.65167899829254
186.676,243.749,105.309,76.58533983729163,177.26500109202442
188.683,244.051,105.546,77.31293868904451,178.76849904307127
190.685,243.962,105.56,78.16176289750044,180.6413414172035
192.428,244.182,105.68,78.80515353302046,182.08554125662374
193.69,244.39,105.758,79.25447031384263,183.14453752907582
194.538,245.297,105.995,79.30712564768424,183.5350724090759
195.015,246.418,106.345,79.13991672686248,183.37956650524237
195.282,246.587,106.538,79.1939558857523,183.2979781861871
195.647,247.332,106.739,79.10298707809746,183.2947657369846
196.058,247.901,106.922,79.08721626778431,183.36544396850041
196.345,248.884,107.223,78.8901656996834,183.11836079945533
197.152,249.369,107.423,79.06034831915754,183.5286670452324
198.836,249.498,107.555,79.69442640822773,184.86913672074752
200.888,249.956,107.765,80.36934500472084,186.41302834872175
202.745,250.646,108.017,80.8889828682684,187.69730690539453
204.347,251.134,108.182,81.36970700900716,188.8918674086262
205.272,251.597,108.353,81.58761829433577,189.44745415447656
205.647,251.879,108.39,81.64515501490796,189.7287572654304
205.707,252.01,108.496,81.62652275703344,189.59869488276067
205.709,252.794,108.71,81.37416236144846,189.22730199613653
205.471,252.76,108.776,81.29094793479982,188.8936897845113
205.073,252.723,108.83,81.14536468782026,188.43425526049805
204.708,252.673,108.739,81.01696659318566,188.2562833941824
