year,Argentina - ARG,Australia - AUS,Austria - AUT,Barbados - BRB,Belgium - BEL,Bolivia (Plurinational State of) - BOL,Botswana - BWA,Brazil - BRA,Burkina Faso - BFA,Cameroon - CMR,Canada - CAN,Chad - TCD,Chile - CHL,China - CHN,"China, Hong Kong SAR - HKG",Colombia - COL,Costa Rica - CRI,Cote d'Ivoire - CIV,Cyprus - CYP,Denmark - DNK,Dominican Republic - DOM,Ecuador - ECU,Egypt - EGY,Finland - FIN,France - FRA,Gabon - GAB,Germany - DEU,Greece - GRC,Guatemala - GTM,Iceland - ISL,India - IND,Indonesia - IDN,Iran (Islamic Republic of) - IRN,Ireland - IRL,Israel - ISR,Italy - ITA,Jamaica - JAM,Japan - JPN,Jordan - JOR,Kenya - KEN,Luxembourg - LUX,Malaysia - MYS,Malta - MLT,Mauritius - MUS,Mexico - MEX,Morocco - MAR,Mozambique - MOZ,Namibia - NAM,Netherlands - NLD,New Zealand - NZL,Niger - NER,Nigeria - NGA,Norway - NOR,Paraguay - PRY,Peru - PER,Philippines - PHL,Portugal - PRT,Republic of Korea - KOR,Romania - ROU,Rwanda - RWA,Senegal - SEN,Singapore - SGP,South Africa - ZAF,Spain - ESP,Sri Lanka - LKA,Sweden - SWE,Switzerland - CHE,Taiwan - TWN,Thailand - THA,Trinidad and Tobago - TTO,Tunisia - TUN,Turkey - TUR,U.R. of Tanzania: Mainland - TZA,United Kingdom - GBR,United States - USA,Uruguay - URY,Venezuela (Bolivarian Republic of) - VEN,Zambia - ZMB,Zimbabwe - ZWE
1960-01-01,0.4410236179828644,0.6858193278312683,0.6329604387283325,0.7334687113761902,0.6446347236633301,0.5131999850273132,0.3491850197315216,0.5146055817604065,0.4604625999927521,0.555014967918396,0.768659234046936,0.45519956946372986,0.4776756763458252,0.5921685695648193,0.46272388100624084,0.4757373631000519,0.5754779577255249,0.5693715810775757,0.499210387468338,0.6416286826133728,0.6441736221313477,0.5926932692527771,0.3926834762096405,0.6922876834869385,0.6584557294845581,0.49964165687561035,0.6681209206581116,0.4881878197193146,0.5462682247161865,0.634732723236084,0.7537503838539124,0.44481533765792847,0.3503643870353699,0.5555878281593323,0.582946240901947,0.5943796634674072,0.5541441440582275,0.6205279231071472,0.48713111877441406,0.7773509621620178,0.5459451675415039,0.30572617053985596,0.5371466875076294,0.5061092972755432,0.42808985710144043,0.5076714754104614,0.4184567332267761,0.5698032975196838,0.7289390563964844,0.6285071969032288,0.5791801810264587,0.7654170989990234,0.5982488393783569,0.4643402099609375,0.7389029860496521,0.4378337264060974,0.6429725885391235,0.6467701196670532,0.47132834792137146,0.8009196519851685,0.48660239577293396,0.4020622968673706,0.6031678915023804,0.6271819472312927,0.43695175647735596,0.5942683219909668,0.6833442449569702,0.7462741732597351,0.6613681316375732,0.5901230573654175,0.5515008568763733,0.3849981129169464,0.4867294728755951,0.5514318346977234,0.6367416977882385,0.5168891549110413,0.42262211441993713,0.4457208812236786,0.6601983904838562
1961-01-01,0.4410236179828644,0.6805217862129211,0.6329604387283325,0.7334687113761902,0.6446347236633301,0.5131999850273132,0.3491850197315216,0.5146055817604065,0.4604625999927521,0.555014967918396,0.768659234046936,0.45519956946372986,0.4776756763458252,0.5921685695648193,0.46272388100624084,0.4757373631000519,0.5754779577255249,0.5693715810775757,0.499210387468338,0.6416286826133728,0.6441736221313477,0.5926932692527771,0.3926834762096405,0.6922876834869385,0.6654748916625977,0.49964165687561035,0.6681209206581116,0.4881878197193146,0.5462682247161865,0.634732723236084,0.7537503838539124,0.44481533765792847,0.3503643870353699,0.5555878281593323,0.582946240901947,0.5943796634674072,0.5541441440582275,0.6205279231071472,0.48713111877441406,0.7773509621620178,0.5459451675415039,0.30572617053985596,0.5371466875076294,0.5061092972755432,0.42808985710144043,0.5076714754104614,0.4184567332267761,0.5698032975196838,0.7289390563964844,0.6285071969032288,0.5791801810264587,0.7654170989990234,0.5982488393783569,0.4643402099609375,0.7389029860496521,0.4378337264060974,0.6429725885391235,0.6467701196670532,0.47132834792137146,0.8009196519851685,0.48660239577293396,0.4020622968673706,0.6031678915023804,0.6271819472312927,0.43695175647735596,0.6023328900337219,0.6833442449569702,0.7462741732597351,0.6613681316375732,0.5901230573654175,0.5515008568763733,0.3849981129169464,0.4867294728755951,0.5514318346977234,0.6337034106254578,0.5168891549110413,0.42262211441993713,0.4457208812236786,0.6601983904838562
1962-01-01,0.4410236179828644,0.6706364154815674,0.6329604387283325,0.7334687113761902,0.6446347236633301,0.5131999850273132,0.3491850197315216,0.5146055817604065,0.4604625999927521,0.555014967918396,0.768659234046936,0.45519956946372986,0.4776756763458252,0.5921685695648193,0.46272388100624084,0.4757373631000519,0.5754779577255249,0.5693715810775757,0.499210387468338,0.6416286826133728,0.6441736221313477,0.5926932692527771,0.3926834762096405,0.6922876834869385,0.6756666898727417,0.49964165687561035,0.6681209206581116,0.4881878197193146,0.5462682247161865,0.634732723236084,0.7537503838539124,0.44481533765792847,0.3503643870353699,0.5555878281593323,0.582946240901947,0.5943796634674072,0.5541441440582275,0.6205279231071472,0.48713111877441406,0.7773509621620178,0.5459451675415039,0.30572617053985596,0.5371466875076294,0.5061092972755432,0.42808985710144043,0.5076714754104614,0.4184567332267761,0.5698032975196838,0.7289390563964844,0.6285071969032288,0.5791801810264587,0.7654170989990234,0.5982488393783569,0.4643402099609375,0.7389029860496521,0.4378337264060974,0.6429725885391235,0.6467701196670532,0.47132834792137146,0.8009196519851685,0.48660239577293396,0.4020622968673706,0.6031678915023804,0.6271819472312927,0.43695175647735596,0.6173798441886902,0.6833442449569702,0.7462741732597351,0.6613681316375732,0.5901230573654175,0.5515008568763733,0.3849981129169464,0.4867294728755951,0.5514318346977234,0.6291072964668274,0.5168891549110413,0.42262211441993713,0.4457208812236786,0.6601983904838562
1963-01-01,0.4410236179828644,0.6617007255554199,0.6329604387283325,0.7334687113761902,0.6446347236633301,0.5131999850273132,0.3491850197315216,0.5146055817604065,0.4604625999927521,0.555014967918396,0.768659234046936,0.45519956946372986,0.4776756763458252,0.5921685695648193,0.46272388100624084,0.4757373631000519,0.5754779577255249,0.5693715810775757,0.499210387468338,0.6416286826133728,0.6441736221313477,0.5926932692527771,0.3926834762096405,0.6922876834869385,0.6806215643882751,0.49964165687561035,0.6681209206581116,0.4881878197193146,0.5462682247161865,0.634732723236084,0.7537503838539124,0.44481533765792847,0.3503643870353699,0.5555878281593323,0.582946240901947,0.5943796634674072,0.5541441440582275,0.6205279231071472,0.48713111877441406,0.7773509621620178,0.5459451675415039,0.30572617053985596,0.5371466875076294,0.5061092972755432,0.42808985710144043,0.5076714754104614,0.4184567332267761,0.5698032975196838,0.7289390563964844,0.6285071969032288,0.5791801810264587,0.7654170989990234,0.5982488393783569,0.4643402099609375,0.7389029860496521,0.4378337264060974,0.6429725885391235,0.6467701196670532,0.47132834792137146,0.8009196519851685,0.48660239577293396,0.4020622968673706,0.6031678915023804,0.6271819472312927,0.43695175647735596,0.6226468086242676,0.6833442449569702,0.7462741732597351,0.6613681316375732,0.5901230573654175,0.5515008568763733,0.3849981129169464,0.4867294728755951,0.5514318346977234,0.6263846755027771,0.5168891549110413,0.42262211441993713,0.4457208812236786,0.6601983904838562
1964-01-01,0.4410236179828644,0.6681882739067078,0.6329604387283325,0.7334687113761902,0.6446347236633301,0.5131999850273132,0.3491850197315216,0.5146055817604065,0.4604625999927521,0.555014967918396,0.768659234046936,0.45519956946372986,0.4776756763458252,0.5921685695648193,0.46272388100624084,0.4757373631000519,0.5754779577255249,0.5693715810775757,0.499210387468338,0.6416286826133728,0.6441736221313477,0.5926932692527771,0.3926834762096405,0.6922876834869385,0.6776551008224487,0.49964165687561035,0.6681209206581116,0.4881878197193146,0.5462682247161865,0.634732723236084,0.7537503838539124,0.44481533765792847,0.3503643870353699,0.5555878281593323,0.582946240901947,0.5943796634674072,0.5541441440582275,0.6205279231071472,0.48713111877441406,0.7773509621620178,0.5459451675415039,0.30572617053985596,0.5371466875076294,0.5061092972755432,0.42808985710144043,0.5076714754104614,0.4184567332267761,0.5698032975196838,0.7289390563964844,0.6285071969032288,0.5791801810264587,0.7654170989990234,0.5982488393783569,0.4643402099609375,0.7389029860496521,0.4378337264060974,0.6429725885391235,0.6467701196670532,0.47132834792137146,0.8009196519851685,0.48660239577293396,0.4020622968673706,0.6031678915023804,0.6271819472312927,0.43695175647735596,0.6179929375648499,0.6833442449569702,0.7462741732597351,0.6613681316375732,0.5901230573654175,0.5515008568763733,0.3849981129169464,0.4867294728755951,0.5514318346977234,0.6243788003921509,0.5168891549110413,0.42262211441993713,0.4457208812236786,0.6601983904838562
1965-01-01,0.4410236179828644,0.6805416345596313,0.6329604387283325,0.7334687113761902,0.6446347236633301,0.5131999850273132,0.3491850197315216,0.5146055817604065,0.4604625999927521,0.555014967918396,0.768659234046936,0.45519956946372986,0.4776756763458252,0.5921685695648193,0.46272388100624084,0.4757373631000519,0.5754779577255249,0.5693715810775757,0.499210387468338,0.6416286826133728,0.6441736221313477,0.5926932692527771,0.3926834762096405,0.6922876834869385,0.6713692545890808,0.49964165687561035,0.6681209206581116,0.4881878197193146,0.5462682247161865,0.634732723236084,0.7537503838539124,0.44481533765792847,0.3503643870353699,0.5555878281593323,0.582946240901947,0.5943796634674072,0.5541441440582275,0.6205279231071472,0.48713111877441406,0.7773509621620178,0.5459451675415039,0.30572617053985596,0.5371466875076294,0.5061092972755432,0.42808985710144043,0.5076714754104614,0.4184567332267761,0.5698032975196838,0.7289390563964844,0.6285071969032288,0.5791801810264587,0.7654170989990234,0.5982488393783569,0.4643402099609375,0.7389029860496521,0.4378337264060974,0.6429725885391235,0.6467701196670532,0.47132834792137146,0.8009196519851685,0.48660239577293396,0.4020622968673706,0.6031678915023804,0.6271819472312927,0.43695175647735596,0.6240573525428772,0.6833442449569702,0.7462741732597351,0.6613681316375732,0.5901230573654175,0.5515008568763733,0.3849981129169464,0.4867294728755951,0.5514318346977234,0.6193597912788391,0.5168891549110413,0.42262211441993713,0.4457208812236786,0.6601983904838562
1966-01-01,0.4410236179828644,0.6760570406913757,0.6329604387283325,0.7334687113761902,0.6446347236633301,0.5131999850273132,0.3491850197315216,0.5146055817604065,0.4604625999927521,0.555014967918396,0.768659234046936,0.45519956946372986,0.4776756763458252,0.5921685695648193,0.46272388100624084,0.4757373631000519,0.5754779577255249,0.5693715810775757,0.499210387468338,0.6416286826133728,0.6441736221313477,0.5926932692527771,0.3926834762096405,0.6922876834869385,0.6669395565986633,0.49964165687561035,0.6681209206581116,0.4881878197193146,0.5462682247161865,0.634732723236084,0.7537503838539124,0.44481533765792847,0.3503643870353699,0.5555878281593323,0.582946240901947,0.5943796634674072,0.5541441440582275,0.6205279231071472,0.48713111877441406,0.7773509621620178,0.5459451675415039,0.30572617053985596,0.5371466875076294,0.5061092972755432,0.42808985710144043,0.5076714754104614,0.4184567332267761,0.5698032975196838,0.7289390563964844,0.6285071969032288,0.5791801810264587,0.7654170989990234,0.5982488393783569,0.4643402099609375,0.7389029860496521,0.4378337264060974,0.6429725885391235,0.6467701196670532,0.47132834792137146,0.8009196519851685,0.48660239577293396,0.4020622968673706,0.6031678915023804,0.6271819472312927,0.43695175647735596,0.6373468041419983,0.6833442449569702,0.7462741732597351,0.6613681316375732,0.5901230573654175,0.5515008568763733,0.3849981129169464,0.4867294728755951,0.5514318346977234,0.6228949427604675,0.5168891549110413,0.42262211441993713,0.4457208812236786,0.6601983904838562
1967-01-01,0.4410236179828644,0.6703483462333679,0.6329604387283325,0.7334687113761902,0.6446347236633301,0.5131999850273132,0.3491850197315216,0.5146055817604065,0.4604625999927521,0.555014967918396,0.768659234046936,0.45519956946372986,0.4776756763458252,0.5921685695648193,0.46272388100624084,0.4757373631000519,0.5754779577255249,0.5693715810775757,0.499210387468338,0.6416286826133728,0.6441736221313477,0.5926932692527771,0.3926834762096405,0.6922876834869385,0.6626394987106323,0.49964165687561035,0.6681209206581116,0.4881878197193146,0.5462682247161865,0.634732723236084,0.7537503838539124,0.44481533765792847,0.3503643870353699,0.5555878281593323,0.582946240901947,0.5943796634674072,0.5541441440582275,0.6205279231071472,0.48713111877441406,0.7773509621620178,0.5459451675415039,0.30572617053985596,0.5371466875076294,0.5061092972755432,0.42808985710144043,0.5076714754104614,0.4184567332267761,0.5698032975196838,0.7289390563964844,0.6285071969032288,0.5791801810264587,0.7654170989990234,0.5982488393783569,0.4643402099609375,0.7389029860496521,0.4378337264060974,0.6429725885391235,0.6467701196670532,0.47132834792137146,0.8009196519851685,0.48660239577293396,0.4020622968673706,0.6031678915023804,0.6271819472312927,0.43695175647735596,0.6321982145309448,0.6833442449569702,0.7462741732597351,0.6613681316375732,0.5901230573654175,0.5515008568763733,0.3849981129169464,0.4867294728755951,0.5514318346977234,0.630079448223114,0.5168891549110413,0.42262211441993713,0.4457208812236786,0.6601983904838562
1968-01-01,0.4410236179828644,0.6642485857009888,0.6329604387283325,0.7334687113761902,0.6446347236633301,0.5131999850273132,0.3491850197315216,0.5146055817604065,0.4604625999927521,0.555014967918396,0.768659234046936,0.45519956946372986,0.4776756763458252,0.5921685695648193,0.46272388100624084,0.4757373631000519,0.5754779577255249,0.5693715810775757,0.499210387468338,0.6416286826133728,0.6441736221313477,0.5926932692527771,0.3926834762096405,0.6922876834869385,0.6677345633506775,0.49964165687561035,0.6681209206581116,0.4881878197193146,0.5462682247161865,0.634732723236084,0.7537503838539124,0.44481533765792847,0.3503643870353699,0.5555878281593323,0.582946240901947,0.5943796634674072,0.5541441440582275,0.6205279231071472,0.48713111877441406,0.7773509621620178,0.5459451675415039,0.30572617053985596,0.5371466875076294,0.5061092972755432,0.42808985710144043,0.5076714754104614,0.4184567332267761,0.5698032975196838,0.7289390563964844,0.6285071969032288,0.5791801810264587,0.7654170989990234,0.5982488393783569,0.4643402099609375,0.7389029860496521,0.4378337264060974,0.6429725885391235,0.6467701196670532,0.47132834792137146,0.8009196519851685,0.48660239577293396,0.4020622968673706,0.6031678915023804,0.6271819472312927,0.43695175647735596,0.6421721577644348,0.6833442449569702,0.7462741732597351,0.6613681316375732,0.5901230573654175,0.5515008568763733,0.3849981129169464,0.4867294728755951,0.5514318346977234,0.634225606918335,0.5168891549110413,0.42262211441993713,0.4457208812236786,0.6601983904838562
1969-01-01,0.4410236179828644,0.6568861603736877,0.6329604387283325,0.7334687113761902,0.6446347236633301,0.5131999850273132,0.3491850197315216,0.5146055817604065,0.4604625999927521,0.555014967918396,0.768659234046936,0.45519956946372986,0.4776756763458252,0.5921685695648193,0.46272388100624084,0.4757373631000519,0.5754779577255249,0.5693715810775757,0.499210387468338,0.6416286826133728,0.6441736221313477,0.5926932692527771,0.3926834762096405,0.6922876834869385,0.6553200483322144,0.49964165687561035,0.6681209206581116,0.4881878197193146,0.5462682247161865,0.634732723236084,0.7537503838539124,0.44481533765792847,0.3503643870353699,0.5555878281593323,0.582946240901947,0.5943796634674072,0.5541441440582275,0.6205279231071472,0.48713111877441406,0.7773509621620178,0.5459451675415039,0.30572617053985596,0.5371466875076294,0.5061092972755432,0.42808985710144043,0.5076714754104614,0.4184567332267761,0.5698032975196838,0.7289390563964844,0.6285071969032288,0.5791801810264587,0.7654170989990234,0.5982488393783569,0.4643402099609375,0.7389029860496521,0.4378337264060974,0.6429725885391235,0.6467701196670532,0.47132834792137146,0.8009196519851685,0.48660239577293396,0.4020622968673706,0.6031678915023804,0.6271819472312927,0.43695175647735596,0.6401479244232178,0.6833442449569702,0.7462741732597351,0.6613681316375732,0.5901230573654175,0.5515008568763733,0.3849981129169464,0.4867294728755951,0.5514318346977234,0.6438753008842468,0.5168891549110413,0.42262211441993713,0.4457208812236786,0.6601983904838562
1970-01-01,0.4410236179828644,0.6710271835327148,0.6329604387283325,0.7334687113761902,0.6446347236633301,0.5131999850273132,0.3491850197315216,0.5146055817604065,0.4604625999927521,0.555014967918396,0.768659234046936,0.45519956946372986,0.4776756763458252,0.5921685695648193,0.46272388100624084,0.4757373631000519,0.5754779577255249,0.5693715810775757,0.499210387468338,0.6416286826133728,0.6441736221313477,0.5926932692527771,0.3926834762096405,0.6922876834869385,0.655757486820221,0.49964165687561035,0.6681209206581116,0.4881878197193146,0.5462682247161865,0.634732723236084,0.7537503838539124,0.44481533765792847,0.3503643870353699,0.5555878281593323,0.582946240901947,0.5943796634674072,0.5541441440582275,0.6205279231071472,0.48713111877441406,0.7773509621620178,0.5459451675415039,0.30572617053985596,0.5371466875076294,0.5061092972755432,0.42808985710144043,0.5076714754104614,0.4184567332267761,0.5698032975196838,0.7289390563964844,0.6285071969032288,0.5791801810264587,0.7654170989990234,0.5982488393783569,0.4643402099609375,0.7389029860496521,0.4378337264060974,0.6429725885391235,0.6467701196670532,0.47132834792137146,0.8009196519851685,0.48660239577293396,0.4020622968673706,0.6031678915023804,0.6271819472312927,0.43695175647735596,0.6373655796051025,0.6833442449569702,0.7462741732597351,0.6613681316375732,0.5901230573654175,0.5515008568763733,0.3849981129169464,0.4867294728755951,0.5514318346977234,0.6489855647087097,0.5168891549110413,0.42262211441993713,0.4457208812236786,0.6601983904838562
1971-01-01,0.4410236179828644,0.6754521131515503,0.6329604387283325,0.7334687113761902,0.6446347236633301,0.5650725960731506,0.3491850197315216,0.5146055817604065,0.4604625999927521,0.555014967918396,0.7701014876365662,0.45519956946372986,0.4776756763458252,0.5921685695648193,0.46272388100624084,0.4757373631000519,0.5754779577255249,0.5693715810775757,0.499210387468338,0.6416286826133728,0.6441736221313477,0.5921546220779419,0.3926834762096405,0.6922876834869385,0.6556384563446045,0.49964165687561035,0.6681209206581116,0.4881878197193146,0.5462682247161865,0.634732723236084,0.7537503838539124,0.44481533765792847,0.3503643870353699,0.5555878281593323,0.582946240901947,0.5943796634674072,0.5625907778739929,0.6205279231071472,0.5021457076072693,0.7668428421020508,0.5459451675415039,0.30572617053985596,0.5371466875076294,0.5061092972755432,0.42808985710144043,0.5076714754104614,0.4184567332267761,0.5698032975196838,0.7289390563964844,0.6285071969032288,0.5791801810264587,0.7654170989990234,0.5982488393783569,0.4643402099609375,0.7677851915359497,0.4378337264060974,0.6429725885391235,0.6518809795379639,0.47132834792137146,0.8009196519851685,0.48660239577293396,0.4020622968673706,0.6031678915023804,0.6271819472312927,0.43695175647735596,0.6544913649559021,0.6833442449569702,0.7462741732597351,0.6613681316375732,0.6232500672340393,0.5515008568763733,0.3849981129169464,0.4867294728755951,0.5514318346977234,0.63764888048172,0.5168891549110413,0.42262211441993713,0.4457208812236786,0.6616491675376892
1972-01-01,0.4410236179828644,0.6699352264404297,0.6329604387283325,0.7334687113761902,0.6446347236633301,0.5399425029754639,0.3491850197315216,0.5146055817604065,0.4604625999927521,0.555014967918396,0.7709072232246399,0.45519956946372986,0.4776756763458252,0.5921685695648193,0.46272388100624084,0.4757373631000519,0.5754779577255249,0.5693715810775757,0.499210387468338,0.6416286826133728,0.6441736221313477,0.5829179883003235,0.3926834762096405,0.6922876834869385,0.6591647267341614,0.49964165687561035,0.6681209206581116,0.4881878197193146,0.5462682247161865,0.634732723236084,0.7537503838539124,0.44481533765792847,0.3503643870353699,0.5555878281593323,0.582946240901947,0.5943796634674072,0.5790369510650635,0.6205279231071472,0.5021457076072693,0.6221441030502319,0.5459451675415039,0.30572617053985596,0.5371466875076294,0.5061092972755432,0.42808985710144043,0.5076714754104614,0.4184567332267761,0.5698032975196838,0.7289390563964844,0.6285071969032288,0.5791801810264587,0.7654170989990234,0.5982488393783569,0.4643402099609375,0.7997601628303528,0.4378337264060974,0.6429725885391235,0.6335547566413879,0.47132834792137146,0.8009196519851685,0.48660239577293396,0.4020622968673706,0.6031678915023804,0.6271819472312927,0.43695175647735596,0.6431518793106079,0.6833442449569702,0.7462741732597351,0.6613681316375732,0.6265208721160889,0.5515008568763733,0.3849981129169464,0.4867294728755951,0.5514318346977234,0.6394450664520264,0.5168891549110413,0.42262211441993713,0.4457208812236786,0.652342677116394
1973-01-01,0.4410236179828644,0.6922356486320496,0.6329604387283325,0.7334687113761902,0.6446347236633301,0.5165501832962036,0.3491850197315216,0.5146055817604065,0.4604625999927521,0.555014967918396,0.7625473141670227,0.45519956946372986,0.4776756763458252,0.5921685695648193,0.46272388100624084,0.4757373631000519,0.5754779577255249,0.5693715810775757,0.499210387468338,0.6416286826133728,0.6441736221313477,0.5564942359924316,0.3926834762096405,0.6922876834869385,0.6540071368217468,0.42810484766960144,0.6681209206581116,0.4881878197193146,0.5462682247161865,0.634732723236084,0.7537503838539124,0.44481533765792847,0.3503643870353699,0.5555878281593323,0.582946240901947,0.5943796634674072,0.5924142003059387,0.6205279231071472,0.4747178256511688,0.6086702346801758,0.5459451675415039,0.30572617053985596,0.5371466875076294,0.5061092972755432,0.42808985710144043,0.5076714754104614,0.4184567332267761,0.5698032975196838,0.7289390563964844,0.6285071969032288,0.5791801810264587,0.7654170989990234,0.5982488393783569,0.4643402099609375,0.8088477253913879,0.4378337264060974,0.6429725885391235,0.6188516616821289,0.47132834792137146,0.8009196519851685,0.48660239577293396,0.4020622968673706,0.6031678915023804,0.6271819472312927,0.43695175647735596,0.6189156770706177,0.6833442449569702,0.7462741732597351,0.6613681316375732,0.5745236277580261,0.5515008568763733,0.3849981129169464,0.4867294728755951,0.5514318346977234,0.6406667232513428,0.5168891549110413,0.42262211441993713,0.4457208812236786,0.6467351317405701
1974-01-01,0.4410236179828644,0.7198032736778259,0.6329604387283325,0.7334687113761902,0.6446347236633301,0.5359194874763489,0.3491850197315216,0.5146055817604065,0.4604625999927521,0.555014967918396,0.7481533885002136,0.45519956946372986,0.4776756763458252,0.5921685695648193,0.46272388100624084,0.4757373631000519,0.5754779577255249,0.5693715810775757,0.499210387468338,0.6416286826133728,0.6441736221313477,0.5149263143539429,0.3926834762096405,0.6922876834869385,0.6542345881462097,0.2906780242919922,0.6681209206581116,0.4881878197193146,0.5462682247161865,0.634732723236084,0.7537503838539124,0.44481533765792847,0.3503643870353699,0.5555878281593323,0.582946240901947,0.5943796634674072,0.5942735075950623,0.6205279231071472,0.5021457076072693,0.5980392694473267,0.5459451675415039,0.30572617053985596,0.5371466875076294,0.5061092972755432,0.42808985710144043,0.5076714754104614,0.4184567332267761,0.5698032975196838,0.7289390563964844,0.6285071969032288,0.5791801810264587,0.7654170989990234,0.5982488393783569,0.4643402099609375,0.7629668712615967,0.4378337264060974,0.6429725885391235,0.6009070873260498,0.47132834792137146,0.8009196519851685,0.48660239577293396,0.4020622968673706,0.6031678915023804,0.6271819472312927,0.43695175647735596,0.6056135892868042,0.6833442449569702,0.7462741732597351,0.6613681316375732,0.42372360825538635,0.5515008568763733,0.3849981129169464,0.4867294728755951,0.5514318346977234,0.6409685611724854,0.5168891549110413,0.42262211441993713,0.4457208812236786,0.6353964805603027
1975-01-01,0.4410236179828644,0.7138828635215759,0.6329604387283325,0.7505659461021423,0.6446347236633301,0.5454278588294983,0.3491850197315216,0.5146055817604065,0.4604625999927521,0.555014967918396,0.7317866086959839,0.45519956946372986,0.4776756763458252,0.5921685695648193,0.46272388100624084,0.4757373631000519,0.5754779577255249,0.5693715810775757,0.499210387468338,0.6416286826133728,0.6441736221313477,0.5370787382125854,0.3926834762096405,0.6922876834869385,0.6836209297180176,0.33262836933135986,0.6681209206581116,0.4881878197193146,0.5462682247161865,0.634732723236084,0.7537503838539124,0.44481533765792847,0.3503643870353699,0.5555878281593323,0.582946240901947,0.5943796634674072,0.6110556125640869,0.6205279231071472,0.48904138803482056,0.5951015949249268,0.5459451675415039,0.30572617053985596,0.5371466875076294,0.5061092972755432,0.42808985710144043,0.5076714754104614,0.4184567332267761,0.5698032975196838,0.7289390563964844,0.6285071969032288,0.5791801810264587,0.7654170989990234,0.5982488393783569,0.4643402099609375,0.7701123952865601,0.4378337264060974,0.6429725885391235,0.6116098165512085,0.47132834792137146,0.8009196519851685,0.48660239577293396,0.4020622968673706,0.6031678915023804,0.6271819472312927,0.43695175647735596,0.612066388130188,0.6833442449569702,0.7462741732597351,0.6613681316375732,0.42038893699645996,0.5515008568763733,0.3849981129169464,0.4867294728755951,0.5514318346977234,0.6255608201026917,0.5168891549110413,0.42262211441993713,0.4457208812236786,0.6714615225791931
1976-01-01,0.4410236179828644,0.7008860111236572,0.6329604387283325,0.7505659461021423,0.6446347236633301,0.5330417156219482,0.3491850197315216,0.5146055817604065,0.4604625999927521,0.555014967918396,0.7271865010261536,0.4557161331176758,0.4776756763458252,0.5921685695648193,0.46272388100624084,0.4757373631000519,0.5754779577255249,0.5693715810775757,0.499210387468338,0.6416286826133728,0.6441736221313477,0.520282506942749,0.3926834762096405,0.7028931975364685,0.6870055794715881,0.27814197540283203,0.6681209206581116,0.4881878197193146,0.5462682247161865,0.634732723236084,0.7339187264442444,0.44481533765792847,0.3503643870353699,0.5555878281593323,0.582946240901947,0.5943796634674072,0.628116250038147,0.6205279231071472,0.5021457076072693,0.6131935715675354,0.5459451675415039,0.30572617053985596,0.5371466875076294,0.5061092972755432,0.42808985710144043,0.5076714754104614,0.4184567332267761,0.5698032975196838,0.7289390563964844,0.6285071969032288,0.5791801810264587,0.7654170989990234,0.5982488393783569,0.4643402099609375,0.7608339190483093,0.4378337264060974,0.6429725885391235,0.6119604110717773,0.47132834792137146,0.7998205423355103,0.48660239577293396,0.4020622968673706,0.6031678915023804,0.6271819472312927,0.43695175647735596,0.637247622013092,0.6833442449569702,0.7462741732597351,0.6613681316375732,0.46139734983444214,0.5515008568763733,0.3849981129169464,0.4867294728755951,0.5514318346977234,0.6215898990631104,0.5168891549110413,0.42262211441993713,0.4457208812236786,0.6818088889122009
1977-01-01,0.4410236179828644,0.7000945210456848,0.6329604387283325,0.7505659461021423,0.6446347236633301,0.5457043647766113,0.3491850197315216,0.5146055817604065,0.4604625999927521,0.555014967918396,0.7233879566192627,0.4562326669692993,0.4776756763458252,0.5921685695648193,0.46272388100624084,0.4757373631000519,0.5754779577255249,0.5693715810775757,0.499210387468338,0.6416286826133728,0.6441736221313477,0.48843514919281006,0.3926834762096405,0.6964066028594971,0.6843339800834656,0.34979507327079773,0.6681209206581116,0.4881878197193146,0.5462682247161865,0.634732723236084,0.7537503838539124,0.44481533765792847,0.3503643870353699,0.5555878281593323,0.582946240901947,0.5943796634674072,0.6254790425300598,0.6205279231071472,0.4770194888114929,0.6243904829025269,0.5459451675415039,0.30572617053985596,0.5371466875076294,0.5061092972755432,0.42808985710144043,0.5076714754104614,0.4184567332267761,0.5698032975196838,0.7289390563964844,0.6285071969032288,0.5791801810264587,0.7654170989990234,0.5982488393783569,0.4643402099609375,0.7598735094070435,0.4378337264060974,0.6429725885391235,0.6159746050834656,0.47132834792137146,0.7755423188209534,0.48660239577293396,0.4020622968673706,0.6031678915023804,0.6271819472312927,0.43695175647735596,0.6635579466819763,0.6833442449569702,0.7462741732597351,0.6613681316375732,0.45574823021888733,0.5515008568763733,0.3849981129169464,0.4867294728755951,0.5514318346977234,0.6215961575508118,0.5168891549110413,0.42262211441993713,0.4457208812236786,0.7165407538414001
1978-01-01,0.4410236179828644,0.6826691627502441,0.6329604387283325,0.7505659461021423,0.6446347236633301,0.5199680924415588,0.3491850197315216,0.5146055817604065,0.4604625999927521,0.555014967918396,0.7078696489334106,0.45674923062324524,0.4776756763458252,0.5921685695648193,0.46272388100624084,0.4757373631000519,0.5754779577255249,0.5693715810775757,0.499210387468338,0.6416286826133728,0.6441736221313477,0.48102185130119324,0.3926834762096405,0.6642012000083923,0.6898232102394104,0.4291766583919525,0.6681209206581116,0.4881878197193146,0.5462682247161865,0.634732723236084,0.7317959666252136,0.44481533765792847,0.3503643870353699,0.5555878281593323,0.582946240901947,0.5943796634674072,0.5809937119483948,0.6205279231071472,0.4646771550178528,0.5911840200424194,0.5459451675415039,0.30572617053985596,0.5371466875076294,0.5061092972755432,0.42808985710144043,0.5076714754104614,0.4184567332267761,0.5698032975196838,0.7289390563964844,0.6285071969032288,0.5791801810264587,0.7654170989990234,0.5982488393783569,0.4643402099609375,0.4303060472011566,0.4378337264060974,0.6429725885391235,0.6202165484428406,0.47132834792137146,0.7167333960533142,0.48660239577293396,0.4020622968673706,0.6031678915023804,0.6271819472312927,0.43695175647735596,0.6510422229766846,0.6833442449569702,0.7462741732597351,0.6613681316375732,0.4982188940048218,0.5515008568763733,0.3849981129169464,0.4867294728755951,0.5514318346977234,0.6222950220108032,0.5168891549110413,0.42262211441993713,0.4457208812236786,0.6939020156860352
1979-01-01,0.4410236179828644,0.6714571118354797,0.6329604387283325,0.7505659461021423,0.6446347236633301,0.5205627679824829,0.3491850197315216,0.5146055817604065,0.4604625999927521,0.555014967918396,0.6835426688194275,0.45726579427719116,0.4776756763458252,0.5921685695648193,0.46272388100624084,0.4757373631000519,0.5754779577255249,0.5693715810775757,0.499210387468338,0.6416286826133728,0.6441736221313477,0.45041072368621826,0.3926834762096405,0.6496577858924866,0.6883713603019714,0.42485788464546204,0.6681209206581116,0.4881878197193146,0.5462682247161865,0.634732723236084,0.7090594172477722,0.44481533765792847,0.3503643870353699,0.5555878281593323,0.582946240901947,0.5943796634674072,0.560572624206543,0.6205279231071472,0.46339645981788635,0.578788161277771,0.5459451675415039,0.30572617053985596,0.5371466875076294,0.5061092972755432,0.42808985710144043,0.5076714754104614,0.4184567332267761,0.5698032975196838,0.7289390563964844,0.6285071969032288,0.5791801810264587,0.7654170989990234,0.5662969350814819,0.4643402099609375,0.4303060472011566,0.4378337264060974,0.6429725885391235,0.6192590594291687,0.47132834792137146,0.7941651344299316,0.48660239577293396,0.4020622968673706,0.5992526412010193,0.6271819472312927,0.43695175647735596,0.6337682604789734,0.6833442449569702,0.7462741732597351,0.6613681316375732,0.48067858815193176,0.5515008568763733,0.3849981129169464,0.4867294728755951,0.5514318346977234,0.62261962890625,0.5168891549110413,0.42262211441993713,0.4457208812236786,0.6669631004333496
1980-01-01,0.4410236179828644,0.6723040342330933,0.6329604387283325,0.7505659461021423,0.6446347236633301,0.532829225063324,0.3491850197315216,0.5146055817604065,0.4635149836540222,0.555014967918396,0.6704149842262268,0.4577823579311371,0.4776756763458252,0.5921685695648193,0.46272388100624084,0.4757373631000519,0.5754779577255249,0.5693715810775757,0.499210387468338,0.6416286826133728,0.6441736221313477,0.49009162187576294,0.3926834762096405,0.6634451746940613,0.6912703514099121,0.42053911089897156,0.6681209206581116,0.4881878197193146,0.5462682247161865,0.634732723236084,0.7366718053817749,0.44481533765792847,0.3503643870353699,0.5555878281593323,0.582946240901947,0.5943796634674072,0.5679358243942261,0.6205279231071472,0.49273771047592163,0.5707132816314697,0.5459451675415039,0.30572617053985596,0.5371466875076294,0.5061092972755432,0.42808985710144043,0.5076714754104614,0.4184567332267761,0.5698032975196838,0.7289390563964844,0.6285071969032288,0.5791801810264587,0.7654170989990234,0.5365769863128662,0.4643402099609375,0.4303060472011566,0.4378337264060974,0.6429725885391235,0.5855424404144287,0.47132834792137146,0.7909106016159058,0.48660239577293396,0.4020622968673706,0.5591486096382141,0.6271819472312927,0.43695175647735596,0.6209832429885864,0.6833442449569702,0.7462741732597351,0.6613681316375732,0.4324335753917694,0.5515008568763733,0.3849981129169464,0.4867294728755951,0.5514318346977234,0.6243488788604736,0.5168891549110413,0.42262211441993713,0.4457208812236786,0.6826596260070801
1981-01-01,0.4410236179828644,0.6774827241897583,0.6329604387283325,0.7505659461021423,0.6446347236633301,0.5162510871887207,0.3491850197315216,0.5146055817604065,0.4866885542869568,0.555014967918396,0.6927360892295837,0.458298921585083,0.4776756763458252,0.5921685695648193,0.4664323031902313,0.4757373631000519,0.5754779577255249,0.5693715810775757,0.499210387468338,0.6416286826133728,0.6441736221313477,0.466586709022522,0.3926834762096405,0.6732153296470642,0.689041256904602,0.41622036695480347,0.6681209206581116,0.4881878197193146,0.5462682247161865,0.634732723236084,0.7167580723762512,0.44481533765792847,0.3503643870353699,0.5555878281593323,0.582946240901947,0.5989544987678528,0.5622672438621521,0.6184104681015015,0.4756966531276703,0.5754958391189575,0.5459451675415039,0.30572617053985596,0.5371466875076294,0.5061092972755432,0.42808985710144043,0.5076714754104614,0.4184567332267761,0.5698032975196838,0.7123860120773315,0.6285071969032288,0.5791801810264587,0.7654170989990234,0.5345295071601868,0.4643402099609375,0.4303060472011566,0.4378337264060974,0.6429725885391235,0.5887067317962646,0.47132834792137146,0.7984025478363037,0.48660239577293396,0.41414961218833923,0.6031678915023804,0.6271819472312927,0.43695175647735596,0.6217035055160522,0.6833442449569702,0.7462741732597351,0.6613681316375732,0.5044378042221069,0.5515008568763733,0.3849981129169464,0.4867294728755951,0.5514318346977234,0.6142160296440125,0.5168891549110413,0.42262211441993713,0.4457208812236786,0.683451771736145
1982-01-01,0.4410236179828644,0.6757407188415527,0.6329604387283325,0.7505659461021423,0.6446347236633301,0.5084056258201599,0.3491850197315216,0.5146055817604065,0.4903196096420288,0.555014967918396,0.7073604464530945,0.45881545543670654,0.4776756763458252,0.5921685695648193,0.478872686624527,0.4757373631000519,0.5754779577255249,0.5693715810775757,0.499210387468338,0.6416286826133728,0.6441736221313477,0.45173200964927673,0.3926834762096405,0.6664913892745972,0.6899712085723877,0.411901593208313,0.6681209206581116,0.4881878197193146,0.5462682247161865,0.634732723236084,0.707207441329956,0.44481533765792847,0.3503643870353699,0.5555878281593323,0.582946240901947,0.5986076593399048,0.5754498839378357,0.6224491596221924,0.48436325788497925,0.6034865379333496,0.5459451675415039,0.30572617053985596,0.5371466875076294,0.5061092972755432,0.42808985710144043,0.5076714754104614,0.4184567332267761,0.5698032975196838,0.7050924301147461,0.6285071969032288,0.5791801810264587,0.7918547987937927,0.5358315110206604,0.4643402099609375,0.4303060472011566,0.4378337264060974,0.6429725885391235,0.5844441652297974,0.47132834792137146,0.7342849969863892,0.48660239577293396,0.4516986012458801,0.6031678915023804,0.6271819472312927,0.43695175647735596,0.5969493985176086,0.6833442449569702,0.7462741732597351,0.6613681316375732,0.59248286485672,0.5515008568763733,0.3849981129169464,0.4867294728755951,0.5514318346977234,0.6167433261871338,0.5168891549110413,0.42262211441993713,0.4457208812236786,0.6956367492675781
1983-01-01,0.4410236179828644,0.6460069417953491,0.6329604387283325,0.7505659461021423,0.6446347236633301,0.5667818784713745,0.3491850197315216,0.5146055817604065,0.4923749566078186,0.555014967918396,0.6772252321243286,0.45933201909065247,0.4776756763458252,0.5921685695648193,0.4907904267311096,0.4757373631000519,0.5754779577255249,0.5693715810775757,0.499210387468338,0.6416286826133728,0.6441736221313477,0.4147251844406128,0.3926834762096405,0.6606751084327698,0.6807858943939209,0.4075828194618225,0.6681209206581116,0.4881878197193146,0.5462682247161865,0.634732723236084,0.7186240553855896,0.44481533765792847,0.3503643870353699,0.5555878281593323,0.582946240901947,0.598280668258667,0.5435366034507751,0.6260395646095276,0.5019317865371704,0.5919286012649536,0.5459451675415039,0.30572617053985596,0.5371466875076294,0.5061092972755432,0.42808985710144043,0.5076714754104614,0.4184567332267761,0.5698032975196838,0.6911651492118835,0.5934257507324219,0.5791801810264587,0.78605055809021,0.5275369882583618,0.4643402099609375,0.4303060472011566,0.4378337264060974,0.6429725885391235,0.5848190784454346,0.47132834792137146,0.6954324245452881,0.48660239577293396,0.4659384787082672,0.6031678915023804,0.6271819472312927,0.43695175647735596,0.5776142477989197,0.6833442449569702,0.7462741732597351,0.6613681316375732,0.6124454140663147,0.5515008568763733,0.3849981129169464,0.4867294728755951,0.5514318346977234,0.6038522720336914,0.5168891549110413,0.42262211441993713,0.4457208812236786,0.6390407681465149
1984-01-01,0.4410236179828644,0.6445949077606201,0.6329604387283325,0.7505659461021423,0.6446347236633301,0.7156985402107239,0.3491850197315216,0.5146055817604065,0.49962711334228516,0.555014967918396,0.6614236831665039,0.4598485827445984,0.4776756763458252,0.5921685695648193,0.4734891653060913,0.4757373631000519,0.5754779577255249,0.5693715810775757,0.499210387468338,0.6416286826133728,0.6441736221313477,0.4165601134300232,0.3926834762096405,0.6580469012260437,0.6681369543075562,0.40326404571533203,0.6681209206581116,0.4881878197193146,0.5462682247161865,0.634732723236084,0.7154123187065125,0.44481533765792847,0.3503643870353699,0.5555878281593323,0.582946240901947,0.578383207321167,0.4976575970649719,0.6148210763931274,0.4919591546058655,0.5746967792510986,0.5459451675415039,0.30572617053985596,0.5371466875076294,0.5061092972755432,0.42808985710144043,0.5076714754104614,0.4184567332267761,0.5698032975196838,0.673541784286499,0.590684175491333,0.5791801810264587,0.7447205781936646,0.5124108195304871,0.4643402099609375,0.4303060472011566,0.4378337264060974,0.6429725885391235,0.5725064873695374,0.47132834792137146,0.6928614377975464,0.48660239577293396,0.4778846502304077,0.6031678915023804,0.6271819472312927,0.43695175647735596,0.5635983943939209,0.6833442449569702,0.7462741732597351,0.6613681316375732,0.6115322709083557,0.5515008568763733,0.3849981129169464,0.4867294728755951,0.5514318346977234,0.6019517779350281,0.5168891549110413,0.42262211441993713,0.4457208812236786,0.6947091817855835
1985-01-01,0.4410236179828644,0.6417880654335022,0.6329604387283325,0.7505659461021423,0.6446347236633301,0.605671763420105,0.3491850197315216,0.5146055817604065,0.5025731921195984,0.555014967918396,0.658374547958374,0.4603651165962219,0.4776756763458252,0.5921685695648193,0.5002713799476624,0.4757373631000519,0.5754779577255249,0.5693715810775757,0.499210387468338,0.6416286826133728,0.6441736221313477,0.4093870222568512,0.3926834762096405,0.6719956994056702,0.659426212310791,0.39894530177116394,0.6681209206581116,0.4881878197193146,0.5462682247161865,0.634732723236084,0.6987954378128052,0.44481533765792847,0.3503643870353699,0.5555878281593323,0.582946240901947,0.5766283869743347,0.47512006759643555,0.6059867143630981,0.46057814359664917,0.5677208304405212,0.5459451675415039,0.30572617053985596,0.5371466875076294,0.5061092972755432,0.42808985710144043,0.5076714754104614,0.4184567332267761,0.5698032975196838,0.6724145412445068,0.5899309515953064,0.5791801810264587,0.7672020792961121,0.5195242166519165,0.4643402099609375,0.4303060472011566,0.4378337264060974,0.6429725885391235,0.5654549598693848,0.47132834792137146,0.7532075643539429,0.48660239577293396,0.49103838205337524,0.6031678915023804,0.6271819472312927,0.43695175647735596,0.569232165813446,0.6833442449569702,0.7462741732597351,0.6613681316375732,0.6303324103355408,0.5515008568763733,0.3849981129169464,0.4867294728755951,0.5514318346977234,0.6023015379905701,0.5168891549110413,0.42262211441993713,0.4457208812236786,0.6260130405426025
1986-01-01,0.4410236179828644,0.6319421529769897,0.6329604387283325,0.7505659461021423,0.6367520689964294,0.5202147364616394,0.3491850197315216,0.5146055817604065,0.5055192708969116,0.555014967918396,0.6795130372047424,0.46088168025016785,0.4776756763458252,0.5921685695648193,0.49199047684669495,0.4757373631000519,0.5754779577255249,0.5693715810775757,0.499210387468338,0.6416286826133728,0.6441736221313477,0.4422951936721802,0.3926834762096405,0.6702529191970825,0.6390039324760437,0.39462652802467346,0.6681209206581116,0.4881878197193146,0.5462682247161865,0.634732723236084,0.6957070827484131,0.44481533765792847,0.3503643870353699,0.5555878281593323,0.582946240901947,0.5652990341186523,0.4572625160217285,0.5967991948127747,0.46073782444000244,0.5716925263404846,0.5459451675415039,0.30572617053985596,0.5371466875076294,0.5061092972755432,0.42808985710144043,0.5076714754104614,0.4184567332267761,0.5698032975196838,0.6802595257759094,0.5853310227394104,0.5791801810264587,0.7605025172233582,0.5744104385375977,0.4643402099609375,0.4303060472011566,0.4378337264060974,0.6429725885391235,0.5477396249771118,0.47132834792137146,0.7194879055023193,0.48660239577293396,0.4483509063720703,0.6031678915023804,0.6271819472312927,0.43695175647735596,0.5710158348083496,0.6833442449569702,0.7462741732597351,0.6613681316375732,0.6581219434738159,0.5515008568763733,0.3849981129169464,0.4867294728755951,0.5514318346977234,0.6077370047569275,0.5168891549110413,0.42262211441993713,0.4457208812236786,0.5879583358764648
1987-01-01,0.4410236179828644,0.6131898760795593,0.6329604387283325,0.7505659461021423,0.6311901807785034,0.5333831310272217,0.3491850197315216,0.5146055817604065,0.5084652900695801,0.555014967918396,0.6733385920524597,0.46139824390411377,0.4776756763458252,0.5921685695648193,0.47360220551490784,0.4757373631000519,0.5754779577255249,0.5693715810775757,0.499210387468338,0.6416286826133728,0.6441736221313477,0.45011407136917114,0.3926834762096405,0.6684113144874573,0.6335678696632385,0.390307754278183,0.6681209206581116,0.4881878197193146,0.5462682247161865,0.634732723236084,0.6990755796432495,0.44481533765792847,0.3503643870353699,0.5555878281593323,0.582946240901947,0.5634617805480957,0.46030205488204956,0.5888170003890991,0.47875452041625977,0.5683755874633789,0.5459451675415039,0.30572617053985596,0.5371466875076294,0.5061092972755432,0.42808985710144043,0.5076714754104614,0.4184567332267761,0.5698032975196838,0.6956430077552795,0.5994715094566345,0.5791801810264587,0.6376547813415527,0.5890259742736816,0.4643402099609375,0.4303060472011566,0.4378337264060974,0.6429725885391235,0.5422829389572144,0.47132834792137146,0.790522575378418,0.48660239577293396,0.42418184876441956,0.6031678915023804,0.6271819472312927,0.43695175647735596,0.5748224854469299,0.6833442449569702,0.7462741732597351,0.6613681316375732,0.6337511539459229,0.5515008568763733,0.3849981129169464,0.4867294728755951,0.5514318346977234,0.6159725785255432,0.5168891549110413,0.42262211441993713,0.4457208812236786,0.5758004188537598
1988-01-01,0.4410236179828644,0.609080970287323,0.6329604387283325,0.7505659461021423,0.6161745190620422,0.5465514659881592,0.3491850197315216,0.5146055817604065,0.5114113688468933,0.555014967918396,0.681399405002594,0.4619148075580597,0.4776756763458252,0.5921685695648193,0.46732476353645325,0.4757373631000519,0.5754779577255249,0.5693715810775757,0.499210387468338,0.6416286826133728,0.6441736221313477,0.41385090351104736,0.3926834762096405,0.6636877059936523,0.6185169816017151,0.3859889805316925,0.6681209206581116,0.4881878197193146,0.5462682247161865,0.634732723236084,0.6968601942062378,0.44481533765792847,0.3503643870353699,0.5555878281593323,0.582946240901947,0.5605644583702087,0.4718867242336273,0.5798812508583069,0.4889870882034302,0.5659158229827881,0.5459451675415039,0.30572617053985596,0.5371466875076294,0.5061092972755432,0.42808985710144043,0.5076714754104614,0.4184567332267761,0.5698032975196838,0.6863887310028076,0.5858138799667358,0.5791801810264587,0.6607880592346191,0.5890921950340271,0.4643402099609375,0.4303060472011566,0.4378337264060974,0.6429725885391235,0.5549324154853821,0.47132834792137146,0.7269690036773682,0.48660239577293396,0.41592609882354736,0.6031678915023804,0.6271819472312927,0.43695175647735596,0.5667281150817871,0.6833442449569702,0.7462741732597351,0.6613681316375732,0.6178627610206604,0.5515008568763733,0.3849981129169464,0.4867294728755951,0.5503571629524231,0.6206663846969604,0.5168891549110413,0.42262211441993713,0.4457208812236786,0.5575914978981018
1989-01-01,0.4410236179828644,0.6184666752815247,0.6329604387283325,0.7505659461021423,0.611995279788971,0.5500167608261108,0.3491850197315216,0.5146055817604065,0.5143574476242065,0.555014967918396,0.6930527091026306,0.4624313712120056,0.4776756763458252,0.5921685695648193,0.4709238111972809,0.4757373631000519,0.5754779577255249,0.5693715810775757,0.499210387468338,0.6416286826133728,0.6441736221313477,0.3890676498413086,0.3926834762096405,0.6639066338539124,0.6120280027389526,0.381670206785202,0.6681209206581116,0.4881878197193146,0.5462682247161865,0.634732723236084,0.682173490524292,0.44481533765792847,0.3503643870353699,0.5555878281593323,0.582946240901947,0.5600258708000183,0.4834991693496704,0.577070951461792,0.4865959882736206,0.5623587369918823,0.5459451675415039,0.30572617053985596,0.5371466875076294,0.5061092972755432,0.42808985710144043,0.5076714754104614,0.4184567332267761,0.5698032975196838,0.6693052649497986,0.5826661586761475,0.5791801810264587,0.570489227771759,0.5529376864433289,0.4643402099609375,0.4303060472011566,0.4378337264060974,0.6429725885391235,0.5686744451522827,0.47132834792137146,0.7410100698471069,0.48660239577293396,0.4257188141345978,0.6031678915023804,0.6271819472312927,0.43695175647735596,0.5753830075263977,0.6833442449569702,0.7462741732597351,0.6613681316375732,0.5658861398696899,0.5515008568763733,0.3849981129169464,0.4867294728755951,0.5567246675491333,0.6118586659431458,0.5168891549110413,0.42262211441993713,0.4457208812236786,0.5311558842658997
1990-01-01,0.4410236179828644,0.6260086894035339,0.6329604387283325,0.7505659461021423,0.6189203858375549,0.5380797982215881,0.3491850197315216,0.5146055817604065,0.5173035264015198,0.555014967918396,0.7103658318519592,0.46294790506362915,0.4776756763458252,0.5921685695648193,0.4871397912502289,0.4757373631000519,0.5754779577255249,0.5585161447525024,0.499210387468338,0.6416286826133728,0.6441736221313477,0.35535669326782227,0.3926834762096405,0.6793400645256042,0.6175705194473267,0.37735146284103394,0.6681209206581116,0.4881878197193146,0.5462682247161865,0.634732723236084,0.6799628734588623,0.44481533765792847,0.3503643870353699,0.5555878281593323,0.582946240901947,0.5700226426124573,0.4951116442680359,0.5735070705413818,0.4840598702430725,0.5441956520080566,0.5459451675415039,0.30572617053985596,0.5371466875076294,0.5061092972755432,0.42808985710144043,0.5076714754104614,0.4184567332267761,0.6227385997772217,0.6522030234336853,0.5675074458122253,0.5791801810264587,0.5577595233917236,0.5391181707382202,0.4643402099609375,0.4303060472011566,0.4378337264060974,0.6429725885391235,0.5698390603065491,0.47132834792137146,0.7410100698471069,0.48660239577293396,0.4293484389781952,0.6031678915023804,0.6271819472312927,0.43695175647735596,0.5967653393745422,0.6833442449569702,0.7462741732597351,0.6613681316375732,0.5591885447502136,0.5515008568763733,0.3849981129169464,0.4867294728755951,0.5758436322212219,0.6151978969573975,0.5168891549110413,0.42262211441993713,0.4457208812236786,0.5333811044692993
1991-01-01,0.4410236179828644,0.6173111200332642,0.6329604387283325,0.7505659461021423,0.6322707533836365,0.5487056374549866,0.3491850197315216,0.5146055817604065,0.520249605178833,0.5445603132247925,0.73360276222229,0.4634644687175751,0.4776756763458252,0.5921685695648193,0.4765262007713318,0.4757373631000519,0.5754779577255249,0.6090487241744995,0.499210387468338,0.6416286826133728,0.6441736221313477,0.34843766689300537,0.3926834762096405,0.7081111669540405,0.6189263463020325,0.37303268909454346,0.6681209206581116,0.4881878197193146,0.5462682247161865,0.634732723236084,0.6759575605392456,0.44481533765792847,0.3503643870353699,0.5555878281593323,0.582946240901947,0.5761944651603699,0.5067241191864014,0.5830206274986267,0.4900343418121338,0.5195134282112122,0.5459451675415039,0.30572617053985596,0.5371466875076294,0.5165906548500061,0.42808985710144043,0.5076714754104614,0.4184567332267761,0.6603806614875793,0.6556409597396851,0.571387529373169,0.5791801810264587,0.5797798037528992,0.543436586856842,0.4643402099609375,0.4303060472011566,0.4378337264060974,0.6429725885391235,0.569506824016571,0.47132834792137146,0.7410100698471069,0.48660239577293396,0.438173770904541,0.6028868556022644,0.6271819472312927,0.43695175647735596,0.594075083732605,0.6833442449569702,0.7462741732597351,0.6613681316375732,0.5700548887252808,0.5515008568763733,0.3849981129169464,0.4867294728755951,0.5820132493972778,0.6150988340377808,0.5168891549110413,0.42262211441993713,0.4457208812236786,0.5333811044692993
1992-01-01,0.4410236179828644,0.6072757840156555,0.6329604387283325,0.7505659461021423,0.6295043230056763,0.5598974227905273,0.3491850197315216,0.5146055817604065,0.5231956243515015,0.5341057181358337,0.7385174036026001,0.463981032371521,0.4776756763458252,0.5921685695648193,0.4682583808898926,0.4757373631000519,0.5754779577255249,0.615020751953125,0.499210387468338,0.6416286826133728,0.6262110471725464,0.3535599410533905,0.3926834762096405,0.6799108982086182,0.6174224019050598,0.368713915348053,0.6762937903404236,0.4881878197193146,0.5462682247161865,0.634732723236084,0.6695857644081116,0.44481533765792847,0.3503643870353699,0.5555878281593323,0.582946240901947,0.5736435055732727,0.5183365345001221,0.5911116600036621,0.5021457076072693,0.5484517216682434,0.5459451675415039,0.30572617053985596,0.5371466875076294,0.527072012424469,0.42808985710144043,0.5076714754104614,0.4184567332267761,0.6487295627593994,0.6685197353363037,0.5620685815811157,0.5791801810264587,0.5219912528991699,0.5505735874176025,0.4643402099609375,0.4303060472011566,0.4378337264060974,0.6429725885391235,0.5686988830566406,0.47132834792137146,0.7410100698471069,0.48660239577293396,0.44707390666007996,0.5997297763824463,0.6271819472312927,0.43695175647735596,0.5761315226554871,0.6833442449569702,0.7462741732597351,0.6613681316375732,0.5658438801765442,0.5515008568763733,0.3849981129169464,0.4867294728755951,0.5798196196556091,0.620048463344574,0.5168891549110413,0.42262211441993713,0.4457208812236786,0.5333811044692993
1993-01-01,0.4410236179828644,0.6013396382331848,0.6329604387283325,0.7505659461021423,0.6345967650413513,0.5608818531036377,0.38288813829421997,0.491567462682724,0.5261417031288147,0.5236510634422302,0.722486138343811,0.46449756622314453,0.4776756763458252,0.5668126940727234,0.4592722952365875,0.46964699029922485,0.5754779577255249,0.6042653918266296,0.499210387468338,0.6416286826133728,0.6190292835235596,0.35868221521377563,0.3926834762096405,0.6335374116897583,0.6193192601203918,0.3643951416015625,0.6779438853263855,0.4881878197193146,0.5462682247161865,0.634732723236084,0.6555981636047363,0.44481533765792847,0.3503643870353699,0.5555878281593323,0.582946240901947,0.5617044568061829,0.5299490094184875,0.5958148837089539,0.5021457076072693,0.5572984218597412,0.5459451675415039,0.30572617053985596,0.5371466875076294,0.5375533699989319,0.42808985710144043,0.5076714754104614,0.4184567332267761,0.6500697135925293,0.6680522561073303,0.5515595078468323,0.5791801810264587,0.5975961685180664,0.5394065380096436,0.4643402099609375,0.4303060472011566,0.4384245276451111,0.6429725885391235,0.5594136118888855,0.47132834792137146,0.7410100698471069,0.48660239577293396,0.4358513057231903,0.5933805704116821,0.6271819472312927,0.43695175647735596,0.5483463406562805,0.6833442449569702,0.7462741732597351,0.6613681316375732,0.5669869780540466,0.5418540835380554,0.3849981129169464,0.4867294728755951,0.5638752579689026,0.6141963005065918,0.5168891549110413,0.42262211441993713,0.4457208812236786,0.5333811044692993
1994-01-01,0.43184515833854675,0.6040753722190857,0.6329604387283325,0.7505659461021423,0.6253967881202698,0.5564484596252441,0.3273778557777405,0.511684238910675,0.5290877819061279,0.5441708564758301,0.695457935333252,0.46501412987709045,0.4776756763458252,0.5610336661338806,0.4490823745727539,0.5049904584884644,0.5754779577255249,0.4752066433429718,0.499210387468338,0.6416286826133728,0.6735819578170776,0.36380448937416077,0.3926834762096405,0.6073748469352722,0.617228090763092,0.360076367855072,0.6618257761001587,0.4881878197193146,0.5462682247161865,0.634732723236084,0.6416736841201782,0.44481533765792847,0.3503643870353699,0.5555878281593323,0.582946240901947,0.5432640910148621,0.541561484336853,0.6039559245109558,0.4976699948310852,0.57793790102005,0.5459451675415039,0.30572617053985596,0.5371466875076294,0.5480347275733948,0.43435490131378174,0.5076714754104614,0.4184567332267761,0.6313825249671936,0.6537062525749207,0.5408172607421875,0.5791801810264587,0.6810564398765564,0.5420321226119995,0.4643402099609375,0.4303060472011566,0.4439682960510254,0.6429725885391235,0.5606536865234375,0.47132834792137146,0.7410100698471069,0.48660239577293396,0.43930888175964355,0.5897235870361328,0.6271819472312927,0.43695175647735596,0.5375062227249146,0.6833442449569702,0.7462741732597351,0.6613681316375732,0.4943089783191681,0.521474301815033,0.3849981129169464,0.4867294728755951,0.549945592880249,0.6079543828964233,0.5168891549110413,0.42262211441993713,0.4457208812236786,0.5333811044692993
1995-01-01,0.39392945170402527,0.607523500919342,0.6329604387283325,0.7505659461021423,0.6172025203704834,0.5389217138290405,0.3315897583961487,0.5733973979949951,0.5320338606834412,0.509390652179718,0.6830571889877319,0.4655306935310364,0.4776756763458252,0.5673509836196899,0.47235384583473206,0.49851611256599426,0.5754779577255249,0.47256705164909363,0.499210387468338,0.6416286826133728,0.6580522656440735,0.3689267635345459,0.3926834762096405,0.5906221866607666,0.6201577186584473,0.35575762391090393,0.6611482501029968,0.4881878197193146,0.5462682247161865,0.634732723236084,0.6244466304779053,0.44481533765792847,0.37251976132392883,0.5555878281593323,0.582946240901947,0.5254091024398804,0.5531739592552185,0.5987643599510193,0.5021457076072693,0.5985770225524902,0.5459451675415039,0.30572617053985596,0.5371466875076294,0.549877405166626,0.3860931396484375,0.5076714754104614,0.4184567332267761,0.6546433568000793,0.6166368722915649,0.5387837886810303,0.5791801810264587,0.5870494842529297,0.5393725037574768,0.47140222787857056,0.4303060472011566,0.4412159323692322,0.6429725885391235,0.5641267895698547,0.47132834792137146,0.7410100698471069,0.48660239577293396,0.4401951730251312,0.5821835994720459,0.6271819472312927,0.423056423664093,0.5182499885559082,0.6833442449569702,0.7462741732597351,0.6613681316375732,0.49473100900650024,0.5184571743011475,0.3849981129169464,0.513934314250946,0.5442222952842712,0.6073774099349976,0.5168891549110413,0.42262211441993713,0.4457208812236786,0.5333811044692993
1996-01-01,0.3669727146625519,0.6179584264755249,0.6215776801109314,0.7505659461021423,0.6217400431632996,0.5544922947883606,0.3163659870624542,0.5642244815826416,0.5349799394607544,0.5035288333892822,0.6767720580101013,0.5072199702262878,0.4776756763458252,0.588390588760376,0.47552597522735596,0.505110502243042,0.5754779577255249,0.4932886064052582,0.5063936710357666,0.647051990032196,0.6617991924285889,0.37404900789260864,0.3926834762096405,0.5926917195320129,0.6233627796173096,0.35143885016441345,0.6581737399101257,0.4813082218170166,0.5462682247161865,0.6639745831489563,0.6234526634216309,0.44481533765792847,0.36448195576667786,0.5568497180938721,0.582946240901947,0.5274118781089783,0.564786434173584,0.5891432166099548,0.5021457076072693,0.5474917888641357,0.5410498976707458,0.30572617053985596,0.5428962707519531,0.5438358783721924,0.36346200108528137,0.5076714754104614,0.4184567332267761,0.6445396542549133,0.6155688762664795,0.5455682873725891,0.5563817620277405,0.5615651607513428,0.5266477465629578,0.4858438968658447,0.4303060472011566,0.43963170051574707,0.6577166318893433,0.5729197263717651,0.4657631814479828,0.7410100698471069,0.48660239577293396,0.441730260848999,0.5819438099861145,0.6256152391433716,0.42129501700401306,0.5320231318473816,0.6821742057800293,0.7462741732597351,0.6613681316375732,0.4951193630695343,0.5254539847373962,0.3849981129169464,0.5114672183990479,0.5339875221252441,0.607116162776947,0.5168891549110413,0.42262211441993713,0.4457208812236786,0.5333811044692993
1997-01-01,0.35687369108200073,0.6118475794792175,0.6111128926277161,0.7505659461021423,0.6191533207893372,0.5493198037147522,0.27938276529312134,0.5411159992218018,0.5379259586334229,0.5035288333892822,0.6735061407089233,0.5169463157653809,0.4828422963619232,0.588529646396637,0.480821430683136,0.5036848783493042,0.5754779577255249,0.4568082094192505,0.5107726454734802,0.6419050097465515,0.6425183415412903,0.3791712820529938,0.3918560743331909,0.5786010026931763,0.6170202493667603,0.347120076417923,0.6465569138526917,0.49091997742652893,0.5462682247161865,0.5983859896659851,0.6226934790611267,0.44481533765792847,0.3831850290298462,0.5307186841964722,0.582946240901947,0.5332438945770264,0.5763988494873047,0.5955235958099365,0.49886763095855713,0.5574473142623901,0.549666702747345,0.30572617053985596,0.5357117056846619,0.5281567573547363,0.3746589124202728,0.5076714754104614,0.43373915553092957,0.6339839696884155,0.6091715097427368,0.5432196259498596,0.5381594896316528,0.5880846977233887,0.5271324515342712,0.5137227177619934,0.4303060472011566,0.43691718578338623,0.6535587906837463,0.5485026240348816,0.41117846965789795,0.7410100698471069,0.48660239577293396,0.4372570812702179,0.5800915956497192,0.6383723020553589,0.41591158509254456,0.5301257371902466,0.6752325296401978,0.7462741732597351,0.6613681316375732,0.47667866945266724,0.5293548703193665,0.3849981129169464,0.4983671307563782,0.5508592128753662,0.609609842300415,0.5168891549110413,0.42262211441993713,0.4457208812236786,0.5333811044692993
1998-01-01,0.36957648396492004,0.613369345664978,0.6078951358795166,0.7505659461021423,0.6169471740722656,0.5186720490455627,0.29423990845680237,0.5472792983055115,0.5408720374107361,0.5035288333892822,0.6862269639968872,0.5263801217079163,0.5035523772239685,0.5924127697944641,0.5067468881607056,0.5053473114967346,0.5754779577255249,0.4537719786167145,0.49065718054771423,0.6566053032875061,0.6232374906539917,0.3887883722782135,0.3995973765850067,0.5691027641296387,0.6123296618461609,0.3428013026714325,0.63981693983078,0.4927248954772949,0.5462682247161865,0.6139759421348572,0.6108543872833252,0.44481533765792847,0.40969613194465637,0.5081962943077087,0.582946240901947,0.5080222487449646,0.5880113244056702,0.5966086387634277,0.4997332990169525,0.573692798614502,0.5619856119155884,0.30572617053985596,0.5270756483078003,0.5125749707221985,0.3812677562236786,0.5076714754104614,0.4160498380661011,0.632951557636261,0.6100700497627258,0.5421190857887268,0.6060194969177246,0.6170444488525391,0.5709707736968994,0.4991846978664398,0.4303060472011566,0.42984360456466675,0.657971978187561,0.5187150835990906,0.5084434747695923,0.7410100698471069,0.48660239577293396,0.4619777202606201,0.5887944102287292,0.6433187127113342,0.41366177797317505,0.504790186882019,0.6688430905342102,0.7462741732597351,0.6613681316375732,0.4841307997703552,0.5240082740783691,0.3849981129169464,0.48976123332977295,0.5572353005409241,0.6230132579803467,0.5376525521278381,0.4745643436908722,0.4457208812236786,0.5333811044692993
1999-01-01,0.39151379466056824,0.6050320267677307,0.6079160571098328,0.7505659461021423,0.6243529319763184,0.5378763675689697,0.30325356125831604,0.5451173782348633,0.5438181161880493,0.5035288333892822,0.6692983508110046,0.523378312587738,0.5162882804870605,0.6062768697738647,0.508024275302887,0.49611249566078186,0.5754779577255249,0.4572836756706238,0.48713961243629456,0.6486623287200928,0.6039566397666931,0.4099518358707428,0.4139189124107361,0.5733091235160828,0.6185890436172485,0.3384825587272644,0.6451754570007324,0.5037293434143066,0.5462682247161865,0.6455586552619934,0.602292537689209,0.44481533765792847,0.37334153056144714,0.4962402284145355,0.582946240901947,0.5114305019378662,0.5859312415122986,0.5918315052986145,0.5021457076072693,0.591255247592926,0.5354269742965698,0.30572617053985596,0.530737578868866,0.48705190420150757,0.3868279755115509,0.4940699338912964,0.45928946137428284,0.624335765838623,0.6211269497871399,0.5289263129234314,0.6241257786750793,0.5777825117111206,0.5577130317687988,0.5010174512863159,0.4303060472011566,0.4234778881072998,0.6563911437988281,0.5108062028884888,0.47023624181747437,0.7410100698471069,0.48660239577293396,0.4557953476905823,0.5834915637969971,0.6476107239723206,0.41473615169525146,0.5079525709152222,0.677251935005188,0.7462741732597351,0.6613681316375732,0.47216108441352844,0.5207441449165344,0.4040489196777344,0.47043856978416443,0.5796798467636108,0.6259886622428894,0.5644205212593079,0.4623044431209564,0.4457208812236786,0.5333811044692993
2000-01-01,0.39110618829727173,0.6065460443496704,0.5963800549507141,0.7505659461021423,0.6166436672210693,0.5601214170455933,0.27796098589897156,0.537806510925293,0.5282720327377319,0.5035288333892822,0.6538953185081482,0.5551436543464661,0.49851754307746887,0.5919618010520935,0.507493257522583,0.4788711667060852,0.5754779577255249,0.47741568088531494,0.48717737197875977,0.6221997141838074,0.5846757888793945,0.4311153292655945,0.4165489673614502,0.5662558078765869,0.6154210567474365,0.3341637849807739,0.6542061567306519,0.5022808909416199,0.5462682247161865,0.6484634876251221,0.5954799652099609,0.44481533765792847,0.3574844002723694,0.4827689528465271,0.582946240901947,0.5021908283233643,0.583442211151123,0.5819888114929199,0.486286997795105,0.6022254228591919,0.5400376319885254,0.30572617053985596,0.5131717920303345,0.48299092054367065,0.3972209393978119,0.48466652631759644,0.42964524030685425,0.623427152633667,0.6216384172439575,0.5398242473602295,0.6159863471984863,0.5187469720840454,0.4858969449996948,0.5118048787117004,0.4303060472011566,0.3962832987308502,0.6559446454048157,0.506752073764801,0.5217393040657043,0.7410100698471069,0.48660239577293396,0.4575924277305603,0.5610615015029907,0.6457717418670654,0.4047008156776428,0.5215964913368225,0.6721661686897278,0.7462741732597351,0.6613681316375732,0.40926018357276917,0.513467013835907,0.3973994255065918,0.4646051824092865,0.5884050130844116,0.6370731592178345,0.5638449788093567,0.4105197787284851,0.4457208812236786,0.5333811044692993
2001-01-01,0.39978456497192383,0.6081547141075134,0.5884833931922913,0.7505659461021423,0.6273439526557922,0.5585896372795105,0.27796098589897156,0.5451472401618958,0.5271245241165161,0.5035288333892822,0.6573811769485474,0.5934572219848633,0.4945792555809021,0.5880331993103027,0.5181053280830383,0.4848308861255646,0.5754779577255249,0.46420395374298096,0.48394066095352173,0.6364558935165405,0.565394937992096,0.4522787928581238,0.4118299186229706,0.5603886842727661,0.617072582244873,0.32984501123428345,0.6412127017974854,0.507350742816925,0.5462682247161865,0.6155073642730713,0.5832549333572388,0.4454861879348755,0.3626139163970947,0.47704705595970154,0.5987854599952698,0.4988640248775482,0.577056348323822,0.5821548104286194,0.47118741273880005,0.5883739590644836,0.5701078176498413,0.30572617053985596,0.5380452871322632,0.4748995900154114,0.41174426674842834,0.50532066822052,0.513221263885498,0.5924668312072754,0.6191855072975159,0.5411621928215027,0.5978683829307556,0.6491013765335083,0.4969594180583954,0.4714256227016449,0.4303060472011566,0.3840077519416809,0.6585904955863953,0.5106097459793091,0.542675793170929,0.7410100698471069,0.48660239577293396,0.489348441362381,0.5454134941101074,0.6379406452178955,0.3990733027458191,0.5378326177597046,0.691474199295044,0.7421277165412903,0.6613681316375732,0.4208774268627167,0.5109224319458008,0.37458983063697815,0.45367664098739624,0.6008405685424805,0.6403365731239319,0.5574902892112732,0.4454382359981537,0.4457208812236786,0.5333811044692993
2002-01-01,0.31755295395851135,0.6008172631263733,0.5840048789978027,0.7505659461021423,0.631530225276947,0.547475278377533,0.27796098589897156,0.5330697894096375,0.542445182800293,0.5035288333892822,0.6574026346206665,0.5443015694618225,0.4934079647064209,0.6032833456993103,0.514400839805603,0.4913146495819092,0.5754779577255249,0.450992226600647,0.5046679973602295,0.6409457325935364,0.5461140871047974,0.4734422564506531,0.40657445788383484,0.565241277217865,0.6215562224388123,0.33584272861480713,0.6359941363334656,0.5380308032035828,0.5336029529571533,0.6116127371788025,0.5583105087280273,0.4491589665412903,0.3175230622291565,0.45196396112442017,0.5851585865020752,0.5022171139717102,0.5652792453765869,0.5696854591369629,0.4706321060657501,0.5886388421058655,0.5784910321235657,0.30572617053985596,0.530471920967102,0.4665067791938782,0.4045115113258362,0.5044572353363037,0.5392599701881409,0.5785349607467651,0.6222359538078308,0.5275929570198059,0.6201781630516052,0.6641602516174316,0.5227690935134888,0.44855356216430664,0.4303060472011566,0.38038375973701477,0.6562178730964661,0.5056726932525635,0.5231764316558838,0.7410100698471069,0.48660239577293396,0.47307565808296204,0.529168426990509,0.6367562413215637,0.3687955141067505,0.5375034213066101,0.7099910378456116,0.7422565817832947,0.6613681316375732,0.41952669620513916,0.5051267743110657,0.37968751788139343,0.4410865604877472,0.5930173993110657,0.6296166777610779,0.5114974975585938,0.41286954283714294,0.4457208812236786,0.5333811044692993
2003-01-01,0.31013572216033936,0.60151207447052,0.5830804705619812,0.7505659461021423,0.6243840456008911,0.545152485370636,0.27796098589897156,0.5295776128768921,0.5140739679336548,0.5035288333892822,0.6457537412643433,0.4951459467411041,0.5021911263465881,0.5981279611587524,0.515118420124054,0.47989606857299805,0.5754779577255249,0.4377804696559906,0.5249577164649963,0.6423335671424866,0.5268332362174988,0.49460574984550476,0.40296807885169983,0.5692667365074158,0.6217507123947144,0.3456662893295288,0.6338881254196167,0.5416117906570435,0.5358390212059021,0.6362866163253784,0.5503489971160889,0.4540485441684723,0.3029019236564636,0.46076148748397827,0.5713509917259216,0.5048909783363342,0.5773686170578003,0.5628292560577393,0.4717766344547272,0.5870795845985413,0.5719805955886841,0.30572617053985596,0.5296217799186707,0.45995718240737915,0.4009079933166504,0.50010085105896,0.41486209630966187,0.5946285724639893,0.6238387227058411,0.5294939279556274,0.6154558062553406,0.5995681881904602,0.5140829682350159,0.4366621971130371,0.4303060472011566,0.3725956678390503,0.6544382572174072,0.5120381116867065,0.5216968655586243,0.7410100698471069,0.48660239577293396,0.4644978940486908,0.527124285697937,0.6335423588752747,0.38950857520103455,0.533762514591217,0.7020038962364197,0.7333081364631653,0.6613681316375732,0.3633067011833191,0.5128044486045837,0.38416650891304016,0.4293323755264282,0.5876073241233826,0.6214457154273987,0.452859491109848,0.37773218750953674,0.4457208812236786,0.5333811044692993
2004-01-01,0.32479485869407654,0.6032440066337585,0.5726285576820374,0.7505659461021423,0.6098069548606873,0.5248857140541077,0.27796098589897156,0.5252270698547363,0.49517765641212463,0.5035288333892822,0.6393342614173889,0.44599032402038574,0.45680803060531616,0.5728844404220581,0.5004756450653076,0.47078225016593933,0.5754779577255249,0.4245687425136566,0.5223228931427002,0.6323632001876831,0.5075523853302002,0.5157692432403564,0.37629711627960205,0.563991367816925,0.6164361238479614,0.31819966435432434,0.6196286082267761,0.5303936004638672,0.5303646922111511,0.6331844925880432,0.5142386555671692,0.45093733072280884,0.2861379086971283,0.47111329436302185,0.561098039150238,0.5032849907875061,0.571380078792572,0.5542069673538208,0.45833179354667664,0.5823121070861816,0.575664758682251,0.30572617053985596,0.5341414213180542,0.4545978903770447,0.38083210587501526,0.49406376481056213,0.41486209630966187,0.5769463181495667,0.61249178647995,0.5318002700805664,0.6565934419631958,0.7752673029899597,0.4886353611946106,0.4357282221317291,0.4303060472011566,0.4104496240615845,0.6472740173339844,0.50962233543396,0.49899986386299133,0.7410100698471069,0.48660239577293396,0.42625194787979126,0.5240961909294128,0.6298227906227112,0.3865502178668976,0.5257301926612854,0.685238242149353,0.7222597599029541,0.6613681316375732,0.3401832580566406,0.5087077021598816,0.3820708394050598,0.42676427960395813,0.5972720384597778,0.6171151399612427,0.44765928387641907,0.37615281343460083,0.4457208812236786,0.5333811044692993
2005-01-01,0.3389502763748169,0.5930346250534058,0.5636150240898132,0.7505659461021423,0.6029680967330933,0.5144793391227722,0.27796098589897156,0.5354456901550293,0.5344759225845337,0.5035288333892822,0.6294353604316711,0.39683467149734497,0.4311443567276001,0.5682186484336853,0.4902547001838684,0.4692869782447815,0.5754779577255249,0.41135701537132263,0.5467063188552856,0.6345982551574707,0.4882715344429016,0.5369327068328857,0.3796975016593933,0.5728318095207214,0.6158434152603149,0.27486464381217957,0.6128906607627869,0.541394829750061,0.5241342782974243,0.6626365184783936,0.5009073615074158,0.4386868178844452,0.2779528796672821,0.4849099814891815,0.5649355053901672,0.5071521997451782,0.5636645555496216,0.5540456771850586,0.45696207880973816,0.5683020353317261,0.5692026615142822,0.30572617053985596,0.5454614758491516,0.4439566731452942,0.3759930431842804,0.4889805018901825,0.41486209630966187,0.5770573019981384,0.5980163812637329,0.5359153151512146,0.6635294556617737,0.654974102973938,0.4630343019962311,0.4361083507537842,0.4303060472011566,0.4044003486633301,0.6542627215385437,0.5183563232421875,0.5282033681869507,0.7410100698471069,0.48660239577293396,0.42181241512298584,0.5182737708091736,0.6243011355400085,0.38043689727783203,0.5277303457260132,0.6773232221603394,0.7124137878417969,0.6613681316375732,0.3151501417160034,0.4953667223453522,0.3818233013153076,0.40737804770469666,0.5948011875152588,0.6056353449821472,0.4739719033241272,0.3547036945819855,0.4457208812236786,0.5333811044692993
2006-01-01,0.3555392324924469,0.5880502462387085,0.5566283464431763,0.7505659461021423,0.6032912731170654,0.47956445813179016,0.27796098589897156,0.5404710173606873,0.5042003393173218,0.5035288333892822,0.6342618465423584,0.40448611974716187,0.384863942861557,0.5573593378067017,0.48774510622024536,0.4693065285682678,0.5754779577255249,0.4102785587310791,0.550122082233429,0.6326290965080261,0.468990683555603,0.558096170425415,0.37849360704421997,0.5748664736747742,0.6155794262886047,0.27486464381217957,0.5984931588172913,0.5461193919181824,0.5207457542419434,0.6793599128723145,0.48188790678977966,0.4398828446865082,0.27935031056404114,0.4894658923149109,0.569498598575592,0.5103641152381897,0.5712986588478088,0.5538956522941589,0.45974600315093994,0.5731168985366821,0.5414872765541077,0.30572617053985596,0.5516557693481445,0.43162813782691956,0.3651983141899109,0.4975387156009674,0.41486209630966187,0.5355086922645569,0.583889365196228,0.5471527576446533,0.6694914698600769,0.9029887318611145,0.4541130065917969,0.4424006938934326,0.4303060472011566,0.402468740940094,0.6419499516487122,0.5230861902236938,0.5178228616714478,0.7410100698471069,0.48660239577293396,0.41980013251304626,0.5136750936508179,0.6224560141563416,0.3745318651199341,0.5192832350730896,0.6592808365821838,0.7063513398170471,0.6613966226577759,0.2886837422847748,0.48851653933525085,0.3798083961009979,0.4219088554382324,0.6001031398773193,0.6055108904838562,0.4739719033241272,0.3772788941860199,0.4457208812236786,0.5333811044692993
2007-01-01,0.364846795797348,0.5933364629745483,0.5506866574287415,0.7505659461021423,0.6000671982765198,0.47111546993255615,0.27796098589897156,0.541516125202179,0.46006473898887634,0.5035288333892822,0.6394949555397034,0.3897666037082672,0.3841315805912018,0.5530818700790405,0.49263226985931396,0.4726301431655884,0.5754779577255249,0.4068825840950012,0.5575835704803467,0.6492964625358582,0.44970983266830444,0.5792596340179443,0.33614617586135864,0.5591527819633484,0.6073021292686462,0.27486464381217957,0.590178906917572,0.5431663393974304,0.5087262392044067,0.6701656579971313,0.48065128922462463,0.4466852843761444,0.2526026964187622,0.4977989196777344,0.5703352689743042,0.5075514912605286,0.5782622694969177,0.550385594367981,0.46429747343063354,0.5716764330863953,0.5372377634048462,0.31861838698387146,0.538416862487793,0.42526301741600037,0.36237484216690063,0.4754887819290161,0.41486209630966187,0.5188374519348145,0.5812520384788513,0.5564111471176147,0.5876106023788452,0.6577786207199097,0.47730714082717896,0.4468511939048767,0.4303060472011566,0.403325617313385,0.6229773163795471,0.5193971991539001,0.45581579208374023,0.7410100698471069,0.48660239577293396,0.4237561821937561,0.5128187537193298,0.6087667346000671,0.37712910771369934,0.5284140706062317,0.6487579941749573,0.695060670375824,0.6705968976020813,0.2907157838344574,0.4854644238948822,0.38608062267303467,0.3879880905151367,0.6035581827163696,0.6040037274360657,0.4739719033241272,0.4024970829486847,0.4457208812236786,0.5333811044692993
2008-01-01,0.40367910265922546,0.5691140294075012,0.5620856881141663,0.7505659461021423,0.6182093024253845,0.45100635290145874,0.27796098589897156,0.5496699213981628,0.5095880031585693,0.5035288333892822,0.6311977505683899,0.38766682147979736,0.4309290647506714,0.5520761609077454,0.4867170453071594,0.46111515164375305,0.5754779577255249,0.3694493770599365,0.5637911558151245,0.6493507027626038,0.45939087867736816,0.6004230976104736,0.3199022114276886,0.5703229308128357,0.6076887249946594,0.27486464381217957,0.60460364818573,0.5396585464477539,0.5020480751991272,0.5893441438674927,0.5013304948806763,0.4542015492916107,0.2630171775817871,0.5304325819015503,0.5754884481430054,0.5140036940574646,0.5930659770965576,0.5647484064102173,0.4510229825973511,0.5581473112106323,0.5627318024635315,0.3458540439605713,0.5290777683258057,0.4259181618690491,0.35892659425735474,0.47406306862831116,0.41486209630966187,0.5158697962760925,0.5868070721626282,0.5625834465026855,0.5550457835197449,0.5323901772499084,0.46550852060317993,0.4359252452850342,0.43135467171669006,0.4115646779537201,0.626674234867096,0.5169674158096313,0.4902972877025604,0.7410100698471069,0.48660239577293396,0.44755733013153076,0.5155150294303894,0.5992915630340576,0.3914257287979126,0.5374698042869568,0.6545534133911133,0.6924094557762146,0.6593159437179565,0.2677292823791504,0.472195565700531,0.38566717505455017,0.3960406184196472,0.5951507687568665,0.6040886044502258,0.4739719033241272,0.3703128695487976,0.4457208812236786,0.5333811044692993
2009-01-01,0.44385451078414917,0.5771031379699707,0.5796678066253662,0.7505659461021423,0.6309320330619812,0.47641074657440186,0.27796098589897156,0.5624669790267944,0.4693254828453064,0.5035288333892822,0.6725448369979858,0.4425153136253357,0.4396144151687622,0.552654504776001,0.5114935636520386,0.47120511531829834,0.5754779577255249,0.3611557185649872,0.6013370752334595,0.6717942357063293,0.47599998116493225,0.6215866208076477,0.3386361002922058,0.6079131364822388,0.6213255524635315,0.27486464381217957,0.6264617443084717,0.5512406826019287,0.5005415678024292,0.5111373066902161,0.5107861161231995,0.4662141501903534,0.2966046631336212,0.5263997912406921,0.5514997243881226,0.5289824604988098,0.5923647284507751,0.5740921497344971,0.49012428522109985,0.575513482093811,0.5976120233535767,0.3602770268917084,0.5407449007034302,0.4265628159046173,0.3942110240459442,0.4991891384124756,0.41486209630966187,0.5404919385910034,0.6152166724205017,0.5630601048469543,0.5245478749275208,0.5745732188224792,0.5195164680480957,0.4174532890319824,0.4507710337638855,0.42591923475265503,0.6248826384544373,0.5113298296928406,0.44414836168289185,0.7410100698471069,0.48660239577293396,0.45744580030441284,0.5224776268005371,0.591790497303009,0.3854019343852997,0.5491797924041748,0.6806128025054932,0.6841117143630981,0.6643279790878296,0.33823204040527344,0.4865924119949341,0.39881631731987,0.40679997205734253,0.6001129150390625,0.59113609790802,0.4739719033241272,0.44361793994903564,0.4457208812236786,0.5333811044692993
2010-01-01,0.4406924247741699,0.5749547481536865,0.5764761567115784,0.7505659461021423,0.6138140559196472,0.4504845440387726,0.27796098589897156,0.5524567365646362,0.47282132506370544,0.5035288333892822,0.6509516835212708,0.4926427900791168,0.4396144151687622,0.5482550859451294,0.5153611302375793,0.4682645797729492,0.5754779577255249,0.38184666633605957,0.5959146022796631,0.641318678855896,0.47092199325561523,0.642750084400177,0.3505140542984009,0.596794068813324,0.6207011938095093,0.27486464381217957,0.6159981489181519,0.5501759648323059,0.5013794898986816,0.5255469679832458,0.5105488300323486,0.4658448100090027,0.2878257632255554,0.4904232323169708,0.5541512370109558,0.5247432589530945,0.5865387916564941,0.5610999464988708,0.49012428522109985,0.6118587255477905,0.5669037699699402,0.3539735972881317,0.5143601894378662,0.4261361062526703,0.3807435631752014,0.49114421010017395,0.41486209630966187,0.5451722741127014,0.6012398600578308,0.5688426494598389,0.473193496465683,0.5022705793380737,0.5033329129219055,0.44838136434555054,0.4325214922428131,0.467929869890213,0.6190568804740906,0.49587032198905945,0.4908525049686432,0.7410100698471069,0.48660239577293396,0.439468115568161,0.5282972455024719,0.594256579875946,0.38660508394241333,0.5320724844932556,0.6628134846687317,0.6758139133453369,0.6646090745925903,0.33823204040527344,0.47887396812438965,0.41391974687576294,0.40174537897109985,0.5992808938026428,0.5879995822906494,0.4739719033241272,0.3675447404384613,0.4457208812236786,0.5333811044692993
2011-01-01,0.4731239974498749,0.5754212737083435,0.5713401436805725,0.7505659461021423,0.6183372139930725,0.45528173446655273,0.27796098589897156,0.5570166707038879,0.4570311903953552,0.5035288333892822,0.6395891904830933,0.4926427900791168,0.4396144151687622,0.5499829053878784,0.5169969201087952,0.4475010633468628,0.5754779577255249,0.3490208685398102,0.5963534712791443,0.6371835470199585,0.45841267704963684,0.6639135479927063,0.37662166357040405,0.6000691652297974,0.6191897988319397,0.27486464381217957,0.6160508990287781,0.5515782833099365,0.4894392788410187,0.5495915412902832,0.5119836330413818,0.4591916799545288,0.2729772627353668,0.46723154187202454,0.5530478954315186,0.5205485224723816,0.5905617475509644,0.5734527111053467,0.49012428522109985,0.6115643382072449,0.554643452167511,0.3565271198749542,0.5488241314888,0.4261361062526703,0.3678421080112457,0.494659960269928,0.41486209630966187,0.5467774271965027,0.6043139696121216,0.5647602677345276,0.48674440383911133,0.4930476248264313,0.49473002552986145,0.465268611907959,0.42013925313949585,0.501908540725708,0.6088725924491882,0.5037407875061035,0.46492549777030945,0.7410100698471069,0.48660239577293396,0.439468115568161,0.5326507091522217,0.585679292678833,0.3791646361351013,0.5370020866394043,0.6725530624389648,0.6675161719322205,0.6557691693305969,0.33823204040527344,0.5016765594482422,0.4040435254573822,0.4089694917201996,0.5968909859657288,0.5926562547683716,0.4739719033241272,0.36603090167045593,0.4009774625301361,0.5333811044692993
2012-01-01,0.5201793313026428,0.5824652910232544,0.5799303650856018,0.7505659461021423,0.6233172416687012,0.4551409184932709,0.27796098589897156,0.5658205151557922,0.46816784143447876,0.5035288333892822,0.6505615711212158,0.4926427900791168,0.4396144151687622,0.5603400468826294,0.5216963291168213,0.45766448974609375,0.5754779577255249,0.34965983033180237,0.5986260771751404,0.6298593878746033,0.4549179971218109,0.6811813712120056,0.31383568048477173,0.6139835715293884,0.6233840584754944,0.27486464381217957,0.6284950375556946,0.528572678565979,0.49150240421295166,0.5612286925315857,0.5114070773124695,0.4593733251094818,0.29113414883613586,0.4586302936077118,0.5499452352523804,0.5245892405509949,0.5995148420333862,0.5698697566986084,0.49012428522109985,0.6119982004165649,0.5699509978294373,0.36741411685943604,0.5399067401885986,0.4261361062526703,0.36176416277885437,0.4943600296974182,0.41486209630966187,0.5430238842964172,0.6076418161392212,0.5631881356239319,0.4027884900569916,0.4959718585014343,0.4972001016139984,0.45518070459365845,0.44037944078445435,0.49271732568740845,0.5896961092948914,0.5085257291793823,0.4488770365715027,0.7410100698471069,0.48660239577293396,0.439468115568161,0.5370960831642151,0.5664926171302795,0.3588920533657074,0.5544601082801819,0.6809622049331665,0.6592183709144592,0.6461538076400757,0.33823204040527344,0.5016765594482422,0.42336127161979675,0.43963730335235596,0.5912898182868958,0.595092236995697,0.4739719033241272,0.4030534625053406,0.44242212176322937,0.5333811044692993
2013-01-01,0.5439176559448242,0.5820971727371216,0.5847077369689941,0.7505659461021423,0.6248753070831299,0.45984163880348206,0.27796098589897156,0.5703140497207642,0.4812612533569336,0.5035288333892822,0.6496884822845459,0.4926427900791168,0.4396144151687622,0.5711438059806824,0.5188224911689758,0.4595508575439453,0.5873775482177734,0.334098756313324,0.5734460949897766,0.6283210515975952,0.4536792039871216,0.6669591069221497,0.3436976671218872,0.6103990077972412,0.62315434217453,0.27486464381217957,0.6307671070098877,0.5077700614929199,0.4883160889148712,0.5700069665908813,0.5159932374954224,0.46118760108947754,0.2852790355682373,0.4505717158317566,0.5402101874351501,0.5210945010185242,0.6017969250679016,0.5629879236221313,0.49012428522109985,0.6232650279998779,0.5628570318222046,0.37487149238586426,0.5298606753349304,0.4261361062526703,0.3761442005634308,0.5061018466949463,0.41486209630966187,0.5391499400138855,0.6036811470985413,0.5640583038330078,0.4144827723503113,0.48533040285110474,0.508163571357727,0.4765279293060303,0.4481739401817322,0.4878171384334564,0.5833744406700134,0.5114167332649231,0.44848644733428955,0.7410100698471069,0.48660239577293396,0.439468115568161,0.5437981486320496,0.5582698583602905,0.36759501695632935,0.5586293339729309,0.684298038482666,0.6509206295013428,0.6525974869728088,0.33823204040527344,0.5016765594482422,0.41650065779685974,0.45399248600006104,0.595529317855835,0.5930569767951965,0.4739719033241272,0.40133777260780334,0.3923841118812561,0.5333811044692993
2014-01-01,0.5439176559448242,0.5960260033607483,0.5819423794746399,0.7505659461021423,0.6170051693916321,0.4723898470401764,0.27796098589897156,0.5681036114692688,0.4840826988220215,0.5035288333892822,0.6418065428733826,0.4926427900791168,0.4396144151687622,0.578006386756897,0.5197973847389221,0.46960267424583435,0.5877441763877869,0.334098756313324,0.5654913783073425,0.6206474900245667,0.44294366240501404,0.6669591069221497,0.353351354598999,0.6012968420982361,0.623721718788147,0.27486464381217957,0.6279784440994263,0.5217449069023132,0.4835576117038727,0.5736916661262512,0.5157233476638794,0.46375057101249695,0.3125380277633667,0.4297751486301422,0.5382399559020996,0.5182388424873352,0.5947292447090149,0.5649161338806152,0.49012428522109985,0.6378024816513062,0.5575116276741028,0.37912246584892273,0.5163496136665344,0.4261361062526703,0.3741915225982666,0.49721819162368774,0.41486209630966187,0.5334296226501465,0.6025651097297668,0.5480015277862549,0.4325192868709564,0.47651606798171997,0.518772304058075,0.46688008308410645,0.45925331115722656,0.49152594804763794,0.5788457989692688,0.5181786417961121,0.4459574818611145,0.7410100698471069,0.48660239577293396,0.439468115568161,0.5523406267166138,0.5577903389930725,0.3736500144004822,0.5543705224990845,0.682918131351471,0.6509206295013428,0.6574923992156982,0.33823204040527344,0.5016765594482422,0.42582911252975464,0.46085989475250244,0.5849596261978149,0.5942705869674683,0.4739719033241272,0.48715677857398987,0.3985762596130371,0.5333811044692993
2015-01-01,0.5439176559448242,0.6040282845497131,0.5787677764892578,0.7505659461021423,0.6018011569976807,0.49850690364837646,0.27796098589897156,0.58119797706604,0.48117053508758545,0.5035288333892822,0.6702593564987183,0.4926427900791168,0.4396144151687622,0.5831686854362488,0.5127277374267578,0.49340495467185974,0.5888906717300415,0.334098756313324,0.5535624623298645,0.6191054582595825,0.4353448152542114,0.6669591069221497,0.3620356321334839,0.5934157967567444,0.6179559826850891,0.27486464381217957,0.6291250586509705,0.5183294415473938,0.48407262563705444,0.5753163695335388,0.5073056221008301,0.46375057101249695,0.3609263300895691,0.32879337668418884,0.536849856376648,0.5176283717155457,0.5929662585258484,0.5557188391685486,0.49012428522109985,0.6508049964904785,0.5487568378448486,0.3959816098213196,0.4938559830188751,0.4261361062526703,0.377999871969223,0.5008718371391296,0.41486209630966187,0.5262141823768616,0.5917724370956421,0.5469995737075806,0.4341132938861847,0.4681556820869446,0.5427003502845764,0.44757547974586487,0.4602351784706116,0.4856499433517456,0.5725603699684143,0.5215386152267456,0.4425516724586487,0.7410100698471069,0.4928131401538849,0.439468115568161,0.5616903305053711,0.5588658452033997,0.39989912509918213,0.54151451587677,0.68867427110672,0.6509206295013428,0.6574745774269104,0.33823204040527344,0.5016765594482422,0.4294902980327606,0.5115861296653748,0.5850751996040344,0.5956462621688843,0.4739719033241272,0.4285714328289032,0.35282450914382935,0.5333811044692993
2016-01-01,0.5439176559448242,0.5838769674301147,0.5798166990280151,0.7505659461021423,0.5939928293228149,0.49850690364837646,0.27796098589897156,0.5801931023597717,0.46403878927230835,0.5035288333892822,0.6611776351928711,0.4926427900791168,0.4396144151687622,0.5862529277801514,0.5202639698982239,0.4948093593120575,0.579785943031311,0.334098756313324,0.5429813861846924,0.6184792518615723,0.4268774688243866,0.6669591069221497,0.3620356321334839,0.5883380770683289,0.6203251481056213,0.27486464381217957,0.6296030879020691,0.5380005240440369,0.48295676708221436,0.5942323803901672,0.5175037384033203,0.46375057101249695,0.35581910610198975,0.33982375264167786,0.538657546043396,0.5163373351097107,0.5970609784126282,0.5654537677764893,0.49012428522109985,0.6432904601097107,0.5386291742324829,0.3959816098213196,0.5119036436080933,0.4261361062526703,0.36845627427101135,0.49614447355270386,0.41486209630966187,0.5252327919006348,0.5976619124412537,0.5547559857368469,0.45098036527633667,0.46524184942245483,0.5576664805412292,0.4549786150455475,0.4554811716079712,0.4829500615596771,0.5733247399330139,0.5199909806251526,0.47119396924972534,0.7410100698471069,0.48120298981666565,0.439468115568161,0.5683430433273315,0.5541490316390991,0.3972448706626892,0.5499001741409302,0.6883931756019592,0.6509206295013428,0.6438356637954712,0.33823204040527344,0.5016765594482422,0.46627917885780334,0.5373544692993164,0.5862053036689758,0.5937725305557251,0.4739719033241272,0.4285714328289032,0.34085947275161743,0.5333811044692993
2017-01-01,0.5439176559448242,0.579755961894989,0.5807642340660095,0.7505659461021423,0.5932888388633728,0.49850690364837646,0.27796098589897156,0.5779953598976135,0.4609280228614807,0.5035288333892822,0.6511365175247192,0.4926427900791168,0.4396144151687622,0.5862529277801514,0.5185301899909973,0.4970380961894989,0.579785943031311,0.334098756313324,0.5492737889289856,0.6155605912208557,0.4268774688243866,0.6669591069221497,0.3620356321334839,0.5678055882453918,0.6233615279197693,0.27486464381217957,0.6333663463592529,0.5388109683990479,0.49129220843315125,0.6275500059127808,0.5218037366867065,0.46375057101249695,0.35581910610198975,0.32740265130996704,0.5468494296073914,0.5164452791213989,0.5992732048034668,0.5636439919471741,0.49012428522109985,0.685915470123291,0.5537700057029724,0.3959816098213196,0.5011881589889526,0.4261361062526703,0.35616597533226013,0.4893556833267212,0.41486209630966187,0.5243325233459473,0.5952926278114319,0.5520210862159729,0.44994041323661804,0.46524184942245483,0.5403351187705994,0.44163447618484497,0.4488498866558075,0.4895167946815491,0.5779650211334229,0.5172492861747742,0.4897906482219696,0.7410100698471069,0.4965516924858093,0.439468115568161,0.5704144835472107,0.5527506470680237,0.39481329917907715,0.5500876307487488,0.6894246935844421,0.6509206295013428,0.6372031569480896,0.33823204040527344,0.5016765594482422,0.4428148865699768,0.5726029872894287,0.5870172381401062,0.5961511135101318,0.4739719033241272,0.4285714328289032,0.28362613916397095,0.5333811044692993
2018-01-01,0.5439176559448242,0.5716451406478882,0.5838595032691956,0.7505659461021423,0.594810962677002,0.49850690364837646,0.27796098589897156,0.5779953598976135,0.4609280228614807,0.5035288333892822,0.6548804044723511,0.4926427900791168,0.4396144151687622,0.5862529277801514,0.5185301899909973,0.4952113628387451,0.579785943031311,0.334098756313324,0.5527140498161316,0.6203920841217041,0.4268774688243866,0.6669591069221497,0.3620356321334839,0.5712717175483704,0.6241320371627808,0.27486464381217957,0.6419044137001038,0.5508901476860046,0.4932730495929718,0.6418328285217285,0.5218037366867065,0.46375057101249695,0.35581910610198975,0.31683632731437683,0.5529853105545044,0.5223672389984131,0.5948693752288818,0.5636439919471741,0.49012428522109985,0.6822230815887451,0.5629857182502747,0.3959816098213196,0.5137290358543396,0.4261361062526703,0.3602636754512787,0.4854007363319397,0.41486209630966187,0.5110876560211182,0.5958938598632812,0.5524154305458069,0.44994041323661804,0.46524184942245483,0.5285035371780396,0.44938284158706665,0.447212278842926,0.4969918429851532,0.5862915515899658,0.5172492861747742,0.5045833587646484,0.7410100698471069,0.48617884516716003,0.439468115568161,0.5708882808685303,0.555432140827179,0.4114750027656555,0.5566661953926086,0.684100329875946,0.6509206295013428,0.6372031569480896,0.33823204040527344,0.5016765594482422,0.4368312656879425,0.5836724638938904,0.589644730091095,0.5943259596824646,0.4739719033241272,0.4285714328289032,0.39030054211616516,0.5333811044692993
2019-01-01,0.5439176559448242,0.5716451406478882,0.5838595032691956,0.7505659461021423,0.594810962677002,0.49850690364837646,0.27796098589897156,0.5779953598976135,0.4609280228614807,0.5035288333892822,0.6548804044723511,0.4926427900791168,0.4396144151687622,0.5862529277801514,0.5185301899909973,0.4952113628387451,0.579785943031311,0.334098756313324,0.5527140498161316,0.6203920841217041,0.4268774688243866,0.6669591069221497,0.3620356321334839,0.5712717175483704,0.6241320371627808,0.27486464381217957,0.6419044137001038,0.5508901476860046,0.4932730495929718,0.6418328285217285,0.5218037366867065,0.46375057101249695,0.35581910610198975,0.31683632731437683,0.5529853105545044,0.5223672389984131,0.5948693752288818,0.5636439919471741,0.49012428522109985,0.6822230815887451,0.5629857182502747,0.3959816098213196,0.5137290358543396,0.4261361062526703,0.3602636754512787,0.4854007363319397,0.41486209630966187,0.5110876560211182,0.5958938598632812,0.5524154305458069,0.44994041323661804,0.46524184942245483,0.5285035371780396,0.44938284158706665,0.447212278842926,0.4969918429851532,0.5862915515899658,0.5172492861747742,0.5045833587646484,0.7410100698471069,0.48617884516716003,0.439468115568161,0.5708882808685303,0.555432140827179,0.4114750027656555,0.5566661953926086,0.684100329875946,0.6509206295013428,0.6372031569480896,0.33823204040527344,0.5016765594482422,0.4368312656879425,0.5836724638938904,0.589644730091095,0.5970911383628845,0.4739719033241272,0.4285714328289032,0.39030054211616516,0.5333811044692993
