year,Argentina - ARG,Australia - AUS,Austria - AUT,Belgium - BEL,Brazil - BRA,Canada - CAN,Chile - CHL,"China, Hong Kong SAR - HKG",Colombia - COL,Denmark - DNK,Finland - FIN,France - FRA,Germany - DEU,Greece - GRC,Ireland - IRL,Italy - ITA,Japan - JPN,Mexico - MEX,Norway - NOR,Peru - PER,Portugal - PRT,Republic of Korea - KOR,Singapore - SGP,Spain - ESP,Sweden - SWE,Switzerland - CHE,United Kingdom - GBR,United States - USA
1960-01-01,2073.0,1978.310818242911,2059.2820334714675,1996.0701142751911,2134.0,2090.80586844667,2408.3814432989684,2723.590919673137,2218.0,1909.4682363827562,2030.5192163301858,2188.477149803999,2181.88667177432,2227.8925763267002,2303.6219955412025,2164.7137035267747,2172.8989326791393,2270.620078740157,2023.7921798667078,2390.2817163732707,2256.392810760706,2748.84246781438,2400.3904262894707,2130.3740283524685,1888.7788407309574,1964.8275390960641,2103.5836583496784,1935.2630406249834
1961-01-01,2066.2005116511955,1974.661182050351,2046.6297556277507,1984.2296008790754,2135.097456752394,2066.495353030934,2389.305154639175,2703.40309552755,2213.152604273491,1921.4111905547893,2029.4869238968708,2165.189575577066,2155.2598478780305,2217.990719519792,2306.615741512754,2148.0321997267347,2175.313753199423,2261.5888776829674,2009.408821807579,2378.753284648486,2243.9657280255847,2788.837186659506,2395.0510097492756,2112.1173680536886,1890.9561074061517,1967.6351345957917,2066.8111063219444,1920.714524031754
1962-01-01,2059.42332578276,1971.0182787959195,2034.0552136803476,1972.4593243731777,2136.1954778962236,2065.0449993233187,2370.2288659793808,2683.3649077465097,2208.3158024357685,1933.4288430913396,2022.2608768636674,2177.7688906552735,2118.1436691135063,2208.1328714632455,2309.6133781030617,2098.9479680413715,2152.700040754562,2252.593597471057,1995.1276881720426,2367.280455046716,2231.6070874449356,2829.413815000804,2389.723470180709,2094.9130941626318,1878.9811406925837,1970.446741945075,2029.0447596219053,1940.2341139797013
1963-01-01,2052.6683692420384,1967.3820960585276,2021.5579300180605,1960.758868118406,2137.2940637217393,2050.357568533969,2327.3072164948444,2663.475247194063,2203.4895713340957,1945.5216612005684,2019.1639995637229,2159.3423245722174,2087.6841963230545,2198.318836560402,2312.6149103683038,2084.208612685918,2146.327614817486,2243.6340952322735,1986.1271121351763,2355.8629593965243,2219.3165120736144,2870.5808194226483,2384.4077811646935,2077.9846098021853,1872.4493406670013,1973.2623668765552,2020.5966819849405,1928.448832221923
1964-01-01,2045.9355691163166,1963.752621440001,2009.137429964146,1949.1278179471356,2138.3932145193417,2039.108422939068,2322.538144329896,2643.7330129554016,2198.6738878663355,1957.690115012836,2043.9390179632776,2166.1525250060995,2099.182143005543,2188.548420083931,2315.62034337123,2078.0772958097614,2153.5291444085906,2234.710228662728,1996.1277521761388,2344.500530819879,2207.0936270425004,2779.9308988093017,2379.103916340919,2032.2558304398954,1841.9676072142827,1976.0820151310647,2020.833649721053,1935.1488315639551
1965-01-01,2039.224852732037,1960.1298425650375,1996.793241758286,1937.565762148547,2139.4929305795795,2021.2145488029464,2336.8453608247414,2624.1371122759297,2193.868728980839,1969.9346775989789,2043.9390179632776,2153.158429808347,2084.96099842457,2178.821428171966,2318.629682181169,2020.4867754004515,2135.1222743113863,2225.8218560245323,1951.124871991807,2333.1929037259106,2194.9380595470648,2900.7974596270974,2373.8118494077116,2024.5305290937238,1831.0812738383117,1978.9056924576391,1997.5679558788443,1955.0965674799538
1966-01-01,2032.536147654013,1956.5137470811662,1984.5248965386695,1926.0722914540543,2140.593212193152,1995.1142568850903,2355.921649484535,2604.6864605007754,2189.0740716763376,1982.2558249887006,2020.1962919970374,2144.5720216257964,2058.636752072557,2169.1376678242596,2321.6429318740375,2039.1219064702043,2142.9473821835945,2216.96883614355,1952.1249359959033,2321.9398138047072,2182.8494388360004,2882.6674755044282,2368.531554121902,2025.9194291670867,1816.9290404495496,1981.733404613529,1941.6097513129469,1963.9077045758459
1967-01-01,2025.869381684646,1952.9043226587034,1972.331928324183,1914.646999022816,2141.6940596509075,1985.598111227702,2179.4659793814426,2585.379981014755,2184.289893001831,1953.6618275132346,2002.6473206306862,2110.471647251372,2020.9154182194814,2159.4969468983522,2324.6600975323495,2063.561779052556,2156.571117509962,2208.151028407152,1936.1239119303632,2310.740998021134,2170.8273961999116,2918.9274437497666,2363.2630042986957,2034.7692098572504,1786.447306996831,1984.565157364212,1929.527471747037,1941.092771010088
1968-01-01,2019.2244828631483,1949.301556990712,1960.2138739967124,1903.289480427336,2142.795473243844,1961.477696249709,2260.540206185566,2566.216605182781,2179.516170056477,1909.1918314394443,1987.1629341309647,2086.6022392741665,2008.4088797227394,2149.8990741057605,2327.681184245224,2057.12186659667,2160.3400313320585,2199.3682927619843,1897.121415770609,2299.596194608687,2158.871564960071,2973.317396117775,2358.0061738115446,1997.0129985479712,1742.9019734929473,1987.4009564834034,1922.201533539581,1937.4176623240005
1969-01-01,2012.6013794647647,1945.7054377929585,1948.1702732835522,1891.999333639146,2143.8974532631087,1942.4683830171634,2289.154639175257,2547.1952722907135,2174.7528799894844,1869.701834925975,1968.5816703312987,2011.9496980934723,1988.6404801633735,2140.3438590081823,2330.7061971083926,2056.003532271113,2147.0117768818495,2190.6204897117436,1849.1183435739886,2288.505143063371,2146.9815804572327,3039.7940045675623,2352.7610365920154,1988.7646358668735,1720.0406734034082,1990.2408077530695,1912.6047826343597,1938.0997951277081
1970-01-01,2006.0,1942.115952803873,1890.1374191878654,1880.776159014576,2145.0,1925.0,2160.389690721649,2528.314929486646,2170.0,1845.3498370759871,1979.9368870977614,1992.5079752298745,1973.2090254052969,2098.642727602328,2333.735141224209,2034.7423330122904,2137.217316397446,2181.9074803149606,1835.117447516641,2277.467584137616,2102.068946081272,2918.927443749766,2347.5275666296616,1996.7204568679551,1703.7111733394518,1993.0847169634367,1870.8944071238366,1893.423642727384
1971-01-01,2002.661112336839,1923.4794331106455,1885.2879642683104,1871.717158248662,2128.540691888769,1912.0,2255.7711340206183,2527.0505596913617,2160.2899487883,1809.7368402202217,1944.356889126645,1989.7316959282778,1941.236664893465,2099.6047478699265,2316.731129994578,1982.4567400498458,2129.2954316070295,2180.1458878485782,1814.1161034306197,2266.4832598342123,2101.8263461704846,2913.085126914007,2347.4711252343322,1996.836456894497,1672.183170131721,1982.7786482828258,1830.1424082915082,1877.6512050654126
1972-01-01,1999.3277820868523,1903.1486843543973,1905.7499210543829,1845.7231560509388,2112.2076815973514,1904.0,2270.078350515464,2525.4067852850185,2150.62334692892,1751.8478453311805,1928.6588900217946,1936.627697591312,1916.1227287185563,2101.0935571344367,2296.5879166918307,1963.6631717792213,2131.6647734032354,2178.38571762766,1781.113991295443,2255.5519134002816,2101.42927870173,2907.230374325146,2347.383976495158,1992.6924559463116,1633.287166174353,1958.4653613123046,1851.366498164102,1874.2224326106957
1973-01-01,1996.0,1889.80663048311,1900.7312997332072,1818.9681537888753,2096.0,1898.0,2246.2329896907218,2523.827246025217,2141.0,1709.5088490692463,1912.9618909168871,1920.4269431474868,1885.5623967466793,2102.54579634714,2284.031108399165,1947.480475852134,2117.5442456874484,2176.6269685039374,1767.1130952380952,2244.6732893212784,2100.0728866917684,2901.447749104614,2347.305265022924,1980.854453237668,1617.4051645584818,1931.66650101595,1860.2523532946127,1872.6631766817131
1974-01-01,1992.842194737323,1907.0665890626328,1978.6624548216928,1788.8881512456915,2079.7706946906646,1891.0,2227.1567010309277,2522.5491942869107,2131.297659272811,1691.491850659948,1906.6828912749354,1888.4677733932053,1852.278866876318,2103.959626463523,2247.6686843850152,1917.0175348588557,2058.716300508002,2175.115104108252,1745.1116871479776,2237.430810112556,2109.889958462179,2895.6477138296204,2347.299773496622,1987.0274546501073,1599.0721626932404,1902.8223681467446,1845.2970025070667,1844.7812233583952
1975-01-01,1989.6893853334022,1893.8304245077838,1903.971649817364,1778.8241503948072,2063.6670527166457,1872.0,2270.0783505154636,2521.6772360723417,2121.6392865117996,1616.5078572802067,1899.14289170489,1862.6045895044797,1812.5403493947351,2105.3333459444807,2237.727877819946,1901.552579304698,2030.2618730074612,2173.6042898392,1728.110599078341,2230.211698894774,2110.0254218759787,2889.8526528558873,2326.0077037792216,1996.8554568988445,1575.3861602833726,1894.040031267439,1814.0795925120067,1813.2479935405502
1976-01-01,1986.5415638844554,1904.2075775187855,1898.0423832600304,1780.3851505267855,2047.6881010680984,1862.0,2284.385567010309,2518.052230744302,2112.024682467929,1623.5383086818533,1896.1288918767575,1888.8861637501134,1824.9460287100517,2106.665396458827,2232.2342741919424,1899.4646730841955,2057.4999942858867,2172.094524967374,1674.4704570791528,2223.0158802706846,2105.6685409550582,2884.037694677111,2352.151567647683,2006.9664592123345,1588.1461615816042,1890.915615336521,1807.0241265230372,1809.297069805971
1977-01-01,1983.3987224992045,1906.007695898245,1904.783096738778,1754.3521483257653,2031.8328742691826,1834.0,2255.7711340206183,2507.4992247562855,2102.453648795095,1598.4268222373637,1887.8368923495934,1850.328210658758,1806.8871895034652,2107.9543673747753,2202.6734546696453,1864.7463767819902,2064.0062837922883,2170.585808763872,1638.286334056399,2215.84327908631,2106.602032530596,2878.3147610717074,2297.7609593120305,2000.7764577960054,1557.8521584994237,1863.4857832936573,1816.9293401588136,1809.3766545064927
1978-01-01,1980.2608532988565,1906.8548104297552,1844.0675733388794,1735.8991467656135,2016.100414319727,1836.0,2279.6164948453606,2497.36215940412,2092.9259880460377,1575.1555203735686,1893.2558920405852,1819.0271586188412,1787.8250814520682,2109.609746787684,2183.053441712417,1854.7400730313586,2067.987690657049,2169.0781405002995,1601.81236673774,2208.6938204301587,2091.966986415001,2872.5321358511756,2297.0075986712177,1973.552451566903,1520.77815472743,1849.038560997643,1818.037470303431,1815.7156366846689
1979-01-01,1977.127948417083,1912.2551655681336,1876.680397494756,1718.7871453188397,2000.489770637345,1841.0,2303.461855670103,2488.4109053842967,2083.441503668265,1563.8428151287078,1869.1428934155842,1815.5414411216611,1775.785855314344,2111.049325251222,2161.3406273730116,1848.2283483652768,2072.7030528158175,2167.571519448767,1579.9158780231335,2201.5674296324423,2076.958582106729,2866.856458107797,2272.6187095288165,1929.8564415688552,1511.5731537908925,1836.3763440462003,1815.4929996725575,1817.713816712605
1980-01-01,1974.0,1909.762827310066,1881.0353852307107,1698.9741436437034,1985.0,1827.0,2317.7690721649487,2477.289018726588,2074.0,1577.4359504460808,1790.008897928054,1806.1337838434697,1756.723747262947,2111.699221382747,2122.100601458455,1849.2610584820998,2073.943760557551,2166.06594488189,1580.082135523614,2194.464032264296,2058.1627344262856,2860.9420139037084,2281.1913850224087,1918.122438884008,1514.605154099375,1821.839598051816,1785.3963824804425,1801.6114449126944
1981-01-01,1961.2300566642687,1894.8094482427784,1819.1412239725898,1676.3321417293832,1974.0968232429414,1812.0,2360.6907216494847,2466.156309287553,2063.2231457525518,1546.3958542023458,1783.7668834417207,1785.5871871960385,1734.6518326771188,2111.7839285697414,2090.70858072689,1852.643336181761,2068.8276275419466,2167.0030791189843,1570.1976685250886,2187.383554137001,2040.8198738472229,2876.9249301825603,2308.3128852331147,1884.020431081156,1506.2221532464694,1802.5231212942633,1749.1199345067541,1790.005617000504
1982-01-01,1948.5427229804106,1870.6583170695112,1835.118889319159,1661.973140515368,1963.2535352835632,1788.3629543992422,2308.2309278350517,2441.659912109749,2052.5022898597185,1552.8432760201374,1776.4013754816258,1714.378401023063,1723.615875384205,2111.3944872242237,2083.3837758894183,1862.8739519548897,2068.6185422386548,2167.9406188010653,1558.7639311043567,2180.3259213012093,2020.728746496359,2889.9110496590215,2314.7853058964624,1862.9254262544255,1520.3321546820532,1791.4211350048624,1745.4192457438703,1770.6660914062809
1983-01-01,1935.9374645408404,1857.0141304391404,1829.9122813501244,1667.9081410171564,1952.46980716562,1780.2158089273887,2265.309278350516,2410.825047869102,2041.8371413445925,1545.9577289347853,1766.1139508789427,1696.302622285008,1710.5733804016704,2108.8662537596265,2073.1813691516395,1867.663349478232,2074.8601641942337,2168.878564103546,1552.791878172589,2173.2910600461723,2002.7320532083768,2907.8918304726676,2320.0681251926044,1830.7574188940905,1529.6161556266284,1776.667920213431,1739.5484800370132,1779.871536983351
1984-01-01,1923.4137503950928,1878.1584611765384,1825.9255298415096,1691.8771430436711,1941.7453117397527,1791.1159497012409,2298.692783505155,2381.8462839464837,2031.2274107422315,1540.8368585325666,1761.8672852290615,1689.650159744409,1699.5374231087562,2108.4954836262514,2055.130957230969,1856.6703849427547,2089.279754212078,2169.8169152019154,1548.3870967741937,2166.2788968989707,1985.7291143674372,2903.8961014029796,2329.584559096328,1786.692408811612,1531.790155847816,1757.5705870125414,1745.752522133004,1795.5766410898955
1985-01-01,1910.9710530274576,1869.2602361635716,1821.5303009740574,1697.8721435505324,1931.079723653562,1794.9056197966493,2298.692783505155,2356.0827852171233,2020.6728100918021,1527.466410674264,1755.874350729656,1654.322052741584,1676.4622396781178,2107.4692134051193,2062.194161895631,1850.5262185480026,2076.7673324168363,2170.7556722717386,1542.4227562530652,2159.2893586237465,1971.3137835062944,2878.922794717354,2288.4952089148314,1776.7004065253504,1535.8221562580409,1751.3288266093944,1748.0817322354376,1801.1373779503742
1986-01-01,1898.6088483347608,1873.8744790240721,1820.7109722760335,1677.896141861615,1920.47271934174,1798.5189261305231,2332.076288659794,2360.248653846954,2010.1730529287643,1530.9511214557765,1739.292364990689,1648.3516838518387,1657.4001316267208,2107.8125604544957,2096.725384700413,1863.0144056620961,2078.4952318609803,2171.6948354886567,1538.4615384615386,2152.3223722209386,1958.9087589839007,2907.891830472667,2322.786802353514,1768.667404687326,1533.843156056693,1742.7520818444789,1742.7367782997426,1780.8393649782402
1987-01-01,1886.326615604288,1871.6334166372415,1808.7162521787484,1662.9191405953497,1909.9239770162528,1807.0274022357642,2351.1525773195876,2324.3062864216995,1999.7278542770955,1493.0265176090275,1746.2613184742083,1659.3856647804537,1634.3249481960825,2110.0712505021993,2076.0589710520458,1877.6406194707943,2083.968170106206,2172.6344050283865,1510.9353187529084,2145.37786492652,1974.2623785852293,2876.9249301825603,2353.905845166698,1760.6494028527336,1543.9461570845951,1741.4824592682498,1747.566737655391,1788.5174213286757
1988-01-01,1874.123837491852,1867.8535516565776,1812.131248954785,1650.9291395816272,1899.433176656579,1807.8145868299293,2360.6907216494847,2372.4387373355253,1989.3369306415573,1471.169687605984,1749.90811450974,1667.4075586446568,1629.3086039720306,2107.2548232734885,2084.4301765805567,1885.3231283076911,2080.437718372655,2173.5743810667204,1513.3364529714554,2138.455764211239,1954.3780939312767,2830.9740458809983,2367.778114343655,1756.5784019212515,1563.488159072843,1740.9549563062703,1754.7257383966244,1798.271529180383
1989-01-01,1862.0,1877.780871203877,1825.243228733994,1641.9371388213774,1889.0,1802.8204812898969,2370.2288659793817,2314.0312771708377,1979.0,1454.9504389048927,1750.0302822303872,1651.266780529462,1606.233420541392,2109.303995660558,2091.7549814179283,1873.100765639861,2061.361691434056,2174.5147637795276,1510.597302504817,2131.55599777986,1982.8489130006778,2728.084022336307,2427.1813500940852,1744.5603991714222,1562.3411589561445,1725.789018037576,1758.5569419131734,1810.2931027545183
1990-01-01,1850.0,1863.9597606640432,1826.0297782391108,1655.9281400042794,1879.0,1795.292759760993,2408.381443298969,2278.521849344949,1969.0,1440.4997551336514,1726.421973748177,1644.8506685849695,1583.1582371107534,2111.622917075572,2080.2445738163015,1856.4013585581804,2028.41875,2175.570866141732,1502.4295432458698,2124.6784935704104,1972.3800181799447,2674.1416798953687,2431.687529621363,1746.5283996217188,1558.6711585827502,1716.22087515004,1745.9440852211937,1795.5679097717468
1991-01-01,1837.960826568401,1850.4849851871822,1836.444171343395,1618.9741368799173,1868.4704974925346,1774.1893301491066,2370.2288659793817,2309.9045597901813,1958.9744766075949,1437.3112929071435,1707.337993738474,1637.7817276028034,1554.0634406112526,2112.8908660002758,2045.1901506660008,1847.4683131315237,2010.7418981481483,2168.140166695734,1500.4906771344456,2120.4772792949043,1893.1430679061282,2658.158763616517,2451.962451326159,1755.5294016812306,1545.4251572350718,1713.7752385080048,1720.5465838509315,1787.3378165373788
1992-01-01,1826.0,1846.5440602020892,1804.9313616325226,1596.0011349376118,1858.0,1772.3869785373288,2365.4597938144334,2224.171365040353,1949.0,1452.3665974871208,1706.447314002114,1635.152483324128,1565.0938477580814,2112.8689640560146,1996.794118704705,1850.497410937553,1962.130555555555,2160.7348469305894,1510.3244837758111,2126.325148353653,1876.256043482353,2636.182253733183,2455.633330644672,1747.5653998589942,1563.0081590240065,1723.1901620836209,1714.3304620203603,1774.8828523152486
1993-01-01,1850.3378069963333,1863.784511139976,1802.2981319687885,1552.0561312221796,1858.9997310381732,1771.122321320473,2370.2288659793817,2287.959306215714,1961.9569312296335,1448.9191758863465,1705.865145531666,1626.685884777196,1540.184348836595,2112.143821047202,1970.1109010828145,1850.6401796663417,1926.7768518518515,2153.354820161565,1506.588579795022,2119.629407415292,1863.6619302061167,2653.1641022794324,2482.5959451681338,1739.5523980255455,1594.68116224649,1719.4903308727678,1710.316072363676,1789.9547167062574
1994-01-01,1875.0,1869.9487517217176,1800.538069398797,1552.0561312221796,1860.0,1784.990535154293,2351.1525773195876,2291.9283582165235,1975.0,1406.66186407378,1726.8401486988848,1623.233565417966,1536.5769951688271,2110.1988180569183,1970.3725012556242,1850.3267706602016,1909.1,2146.0,1504.5739046701974,2117.7240828231425,1859.329582825573,2637.18118600068,2498.5400613570923,1738.5073977864402,1633.4432604041049,1741.3113391211332,1720.5904840322296,1807.827339306039
1995-01-01,1881.9611380085464,1870.3295777994476,1774.4363878643928,1578.0261334178736,1855.231695244771,1785.0163444852494,2313.0,2254.849753124249,1970.232767118925,1419.1434215664506,1732.4525185796863,1601.2115880735885,1530.5714736344041,2110.7062944802396,1962.0012957271138,1856.2128943332846,1911.6,2161.0,1487.7358490566037,2117.344181868554,1897.7178084248553,2645.1726441400565,2512.1887529966,1738.796397852566,1638.9310019132497,1720.266218542336,1722.6252493367158,1817.4743277792757
1996-01-01,1888.948119986359,1863.8229920762953,1807.2706167888987,1552.0571312222642,1850.4756145380572,1798.8071303262016,2313.0,2304.267736155164,1965.4770413311878,1412.2639757085942,1730.976833054693,1597.2815088944026,1516.7511890059648,2109.400482981905,1953.5991921070602,1866.151755985593,1914.8,2192.0,1482.200647249191,2112.009061410462,1898.7713008184814,2634.184389198389,2533.2265319773533,1740.339289270777,1651.4807490417247,1696.8719427555793,1722.0924989687157,1823.5205219268983
1997-01-01,1895.9610418819373,1861.0985084276329,1815.6919556707282,1565.0441323202804,1845.7317265422307,1796.6778605223114,2256.0,2257.8131808888506,1960.7327948610955,1428.0894549098496,1726.785549293172,1595.6453282143304,1507.6761303890642,2107.9447675407273,1954.1941393221973,1859.8638982085206,1887.1,2241.0,1477.5381850853548,2111.4958763506056,1893.7205193046311,2579.243114490054,2547.505948307338,1742.6367719153895,1656.3065736756196,1687.4536095430333,1721.1954421646892,1828.4882756219724
1998-01-01,1903.0,1846.6295588496605,1794.030506559538,1576.0341332494554,1841.0,1792.6430017828193,2299.0,2259.1527095241913,1956.0,1441.134979278203,1716.5051182172297,1585.2896809121482,1504.5590336407327,2108.434424646345,1953.1940435581212,1873.1329281065643,1866.5,2168.0,1475.711159737418,2104.992581807912,1909.1866623577384,2485.3434813521358,2535.0982752341156,1751.1058706062418,1655.183735013011,1695.534484853394,1716.999440194066,1839.196147270202
1999-01-01,1887.2850062069106,1848.4750028632234,1797.97135268246,1575.3821331943307,1813.8428151365445,1791.860118743813,2277.0,2301.925696262188,1956.0,1456.4972557107178,1716.14964718413,1578.3045097725087,1491.5132924335378,2104.8524085244576,1941.8828748344167,1869.8780180028602,1850.9,2242.0,1474.8482220294884,2101.3551506994395,1910.9542612968355,2492.336007224115,2556.511322932088,1756.2737336801497,1664.77678784125,1717.400976178042,1708.6103928370956,1841.3334555513804
2000-01-01,1862.1362674780219,1847.4800680912945,1798.4322111761214,1589.1026108961726,1837.927049971237,1786.1863674885994,2263.0,2330.667076330142,1956.0,1465.937244796109,1704.7134533437688,1558.3388016561207,1465.9378049085587,2107.6384428641322,1932.7237881825688,1850.1979712183982,1858.5,2174.0,1456.4655172413793,2101.2346840517193,1920.5614594613894,2509.317855770264,2574.278334340168,1752.820758387454,1643.4384300595239,1712.7430820604757,1692.953954190696,1844.853979581936
2001-01-01,1811.1525697346522,1814.1289321970796,1785.4201480698043,1581.243158905425,1828.3263944361488,1773.0408149215536,2242.0,2326.3577894835867,1956.0,1468.677110624733,1689.9165061014771,1537.956603773585,1458.1650317368724,2101.130446032927,1923.5293781239636,1837.6362165154806,1843.1,2146.0,1423.982869379015,2100.584927807757,1903.9317049018632,2496.3317362938033,2553.5078887494365,1762.0697833549825,1620.152108570908,1672.8507174669637,1695.9764722863742,1823.659338309164
2002-01-01,1710.0365596731456,1808.1211102857962,1782.8479401224863,1593.6455514309664,1818.725738901061,1754.3634624195536,2250.0,2343.4307933146456,2032.288623742382,1462.5845844407731,1682.4987311791574,1503.8867346156794,1448.923511319518,2093.2151483101015,1904.276271339129,1826.1900952444776,1830.6,2196.0,1406.8015497201893,2098.3081690655704,1896.9853959180027,2461.3691069339084,2545.019339475091,1763.6474183052765,1597.0250153643046,1651.2582839352974,1678.5613956609259,1806.6908128037055
2003-01-01,1713.5746140705596,1801.5743358760267,1773.9778545002273,1598.2198676766707,1811.1825146205338,1743.8031445032914,2235.0,2330.8987603005194,2016.2487367446968,1457.8290105667627,1676.4135021097047,1507.2567707335759,1443.408007747789,2091.478708449,1886.7864348691303,1815.103813227002,1834.2,2143.0,1389.423076923077,2100.9212089196235,1889.9554722471125,2421.4118162369286,2550.024045717861,1754.6331701272568,1583.2997573371183,1664.540531582513,1669.3803428267709,1790.8416783127977
2004-01-01,1743.3998755515925,1799.364187000947,1776.4658384768554,1587.8026490695024,1803.1260891787647,1753.7999586936753,2232.0,2354.375078378426,2004.2563607523357,1458.0755425177194,1677.691500524659,1530.8560116292415,1442.5842182815913,2082.5518180574227,1875.2559571863153,1814.6155424173173,1841.9,2123.0,1404.9694856146468,2099.53957604442,1896.0876193184286,2389.445983679424,2515.5841119738225,1739.901200090972,1606.8490940107888,1694.9532878363664,1666.7157378198388,1789.5274600050323
2005-01-01,1771.678525116211,1797.0736019002306,1752.4893490665909,1577.6764485631377,1783.13122718687,1744.01822226126,2157.0,2346.386085388613,2013.9286609635826,1451.3639172738901,1667.038736615817,1532.0759089700239,1432.423494696141,2136.2390168005563,1883.193701268919,1811.1017184261632,1828.2,2105.0,1406.3848144952544,2100.5693882935607,1898.144004316638,2348.489760714948,2515.7248010222056,1723.7191693225877,1605.5138421852687,1689.9702267496007,1669.7371727657953,1787.013857129124
2006-01-01,1775.920325683024,1786.9062929171284,1735.6695333098182,1591.6376637200908,1779.1678511674938,1743.5407496385692,2165.0,2315.494958606379,2037.6602815248182,1455.7018067844017,1661.7432235026781,1515.0112000601346,1453.1885339057962,2125.3363740504806,1878.8129566488067,1811.8516147617065,1836.4,2067.0,1399.6655518394648,2100.7645961963367,1886.3386855198526,2343.4950993778625,2507.1008726359023,1713.7406336685794,1603.9514159051841,1679.2383817442083,1663.9857229882195,1787.3511641754162
2007-01-01,1787.5447239313905,1786.2519953335295,1724.7791403857225,1593.6575317521738,1774.2664847889203,1742.9256272507791,2128.0,2327.7800560632004,2061.6715494367168,1432.7697679928308,1658.0253285164158,1536.8155008891524,1454.0872069924512,2110.9885778518355,1864.9322829648022,1817.7074408384578,1826.9,2045.0,1405.2313883299798,2116.982285939419,1903.4842875149657,2303.537808680883,2484.9012759894554,1701.3077976668399,1616.890264117582,1668.8700287965526,1665.8213629246375,1785.8835054158808
2008-01-01,1789.7649726240065,1786.4765795004903,1717.1951001802338,1582.5051435727703,1771.2618621635684,1740.3059801587203,2095.0,2277.0227989399477,2085.9657599921775,1430.0546003047302,1653.7998524329153,1542.7960853698994,1447.3284685831823,2106.260038382657,1843.8962075848303,1806.5393912388554,1807.7,2105.0,1406.786271450858,2123.1330952453136,1890.3618608185222,2216.630701414944,2477.4690800489825,1710.1262024617738,1627.1318510063875,1659.4589794661283,1660.468805373205,1765.766302672826
2009-01-01,1751.6228442566405,1757.9603951166655,1673.0751075599262,1563.2252139241075,1764.5467105247833,1710.8360257618517,2074.0,2251.9987809407794,2051.219176230017,1417.0283952563632,1632.5205195633116,1531.451172676088,1405.0558638730656,2081.2116380202942,1811.8029862915967,1775.1696349100707,1757.7,1973.0,1387.0841487279843,2123.404334363085,1890.794040095595,2167.461498843277,2440.5143381977755,1715.8045586198211,1613.096305595409,1650.7787904079337,1638.3317327479765,1728.6076494198196
2010-01-01,1760.2247824375165,1763.3227871291754,1665.843868420603,1573.830710676846,1761.3457471387326,1714.2084450068007,2070.0,2302.0800185144344,2045.4346121151216,1422.3063568471873,1637.912374233375,1539.8030619086642,1425.745468719548,2019.570798303255,1720.9738165939793,1776.7732459609085,1779.3,2150.0,1395.3670985473107,2132.4568509245023,1893.6356190198571,2153.4132477281046,2476.2314600838,1705.7755345818443,1640.514111331388,1624.3463818844202,1643.2078279761192,1735.0112060231488
2011-01-01,1760.2303688691725,1765.2895469442872,1671.6877905789354,1590.2343509773775,1769.6213786196788,1712.6512820391074,2047.0,2256.894476847122,2029.6956226286218,1436.9801516527132,1630.3018346813967,1546.3311889973381,1426.8967841324861,2037.7003163069228,1736.531497537855,1772.557374938128,1775.3,2121.0,1400.15479876161,2132.875305382398,1870.6033206817217,2126.3198173404276,2433.726248069556,1710.6916594777706,1640.9914224757263,1619.3169128291083,1639.8158470270866,1744.9083649022216
2012-01-01,1736.103360116803,1757.2184503263384,1647.8528759904498,1587.2950747966058,1765.1021724870493,1720.6306668597454,2024.0,2233.4591461994364,2016.91606511415,1423.347826558383,1619.733187277493,1540.8806190125276,1407.982103334206,2055.374133420377,1737.8612527431735,1733.6422732078152,1786.8,2120.0,1396.2836556693212,2134.4730336735947,1853.090178873501,2110.264662509818,2441.2637494862242,1696.7266181136667,1627.2945346098156,1603.2313689246027,1655.0190254907902,1746.8585644725867
2013-01-01,1725.8735529094804,1756.289630422355,1632.067624538778,1585.5950866418075,1751.5537707816782,1714.9354078287347,2015.0,2225.535761141366,2011.7548556549825,1425.6351214574897,1612.173296014507,1526.2420007355645,1396.4580873671782,2059.2199033946936,1743.4726353913131,1719.0903002613113,1766.5,2136.0,1386.721680420105,2137.3582189149747,1863.2164613936097,2100.230124034562,2430.666637189011,1689.8244096434269,1617.9559075342465,1582.8923711392479,1665.97488620572,1752.5327760959776
2014-01-01,1705.4283684101129,1746.4962390251244,1621.5657644545647,1581.595988726486,1738.8688781138135,1709.6014794311113,1990.0,2175.430430139056,2004.7930598198523,1413.8082286033734,1609.5339905768699,1518.1110338772226,1400.4119753751083,2020.8816210803898,1757.0305924874144,1716.3411790305165,1762.1,2134.0,1389.3838158871567,2134.607512853037,1870.8341919658587,2070.312296310026,2390.985746278379,1690.5639965087253,1619.4304892979274,1575.321497230385,1672.4340318988084,1758.2685169065576
2015-01-01,1703.4685392099657,1746.483472454062,1605.2805480756217,1575.4568687328092,1722.8758054408202,1710.7801055447796,1988.0,2185.513767912028,1997.0325109823623,1407.148108872393,1607.1400269434978,1519.484356175386,1400.7930986503409,2031.1404415310874,1770.5843075113862,1717.4689796950588,1756.9,2140.0,1391.9468045807166,2133.841669625713,1878.6016495404103,2077.2931006161734,2362.4236019356877,1694.2371882233329,1620.925637025481,1589.475082024818,1669.4651547479202,1770.0231741048067
2016-01-01,1646.5125323174207,1736.0810643034163,1618.2107787244922,1574.1541719247962,1714.6750280245906,1705.1923853927535,1974.0,2176.5681363952413,1989.1789696608173,1412.0457508387076,1606.3032502366677,1522.06935829071,1394.754323674264,2030.0903985520556,1762.923210708126,1721.697513350799,1747.1,2146.0,1394.475138121547,2139.4217715634168,1884.829650785185,2062.334165117327,2351.11128431388,1701.4500619526193,1634.1693046053304,1590.2266622874977,1667.6988989871943,1766.7441252679635
2017-01-01,1648.8128319055493,1736.800304129141,1608.1809674225103,1577.9176663720168,1709.5943512355575,1693.784661110095,1954.0,2147.5743617163166,1974.231456035449,1405.4040179335364,1600.3200874385197,1505.3678615042022,1391.3397215693365,2045.241374320136,1774.749783129833,1719.1592908032762,1743.7,2148.0,1380.7790316709138,2139.6017594970945,1873.6190813309456,2012.4712925821711,2333.3446982611663,1689.476219704042,1621.4727106008052,1569.5308662681346,1668.9490594877873,1763.7266760204493
2018-01-01,1638.4400391564332,1729.3420631214626,1612.6927480831005,1583.2639970106495,1706.0571693862848,1707.0592603319217,1940.6,2147.5743617163166,1968.3672617956981,1381.9294509892588,1597.730474848635,1495.4579213203385,1389.9317786596514,2044.4310059429797,1785.402162709535,1722.3184557044942,1729.0,2149.0,1382.5214899713467,2139.6017594970945,1867.8520122251477,1987.5397228404936,2306.0086883635418,1695.5010168191475,1620.7348412028955,1561.1827969753444,1663.1888838367101,1774.7038111183933
2019-01-01,1609.0689977826453,1726.797659012843,1611.3742228330175,1586.43099700467,1707.7950578668176,1689.2809328582302,1914.4,2147.5743617163166,1968.3672617956981,1380.607643405578,1590.6945380984491,1504.912352837814,1386.1968343796975,2036.4635206703026,1771.9779423072698,1717.8338176527566,1691.0852595038518,2137.0,1384.0732910500353,2139.6017594970945,1864.5883604892301,1979.5262575735223,2330.1658748617556,1685.9515055771453,1605.2766023828558,1556.8828443574903,1667.9477114219292,1765.346390059217
