year,Algeria - DZA,Argentina - ARG,Australia - AUS,Austria - AUT,Bangladesh - BGD,Barbados - BRB,Belgium - BEL,Benin - BEN,Bolivia (Plurinational State of) - BOL,Botswana - BWA,Brazil - BRA,Burkina Faso - BFA,Burundi - BDI,Cabo Verde - CPV,Cameroon - CMR,Canada - CAN,Central African Republic - CAF,Chad - TCD,Chile - CHL,China - CHN,"China, Hong Kong SAR - HKG",Colombia - COL,Comoros - COM,Congo - COG,Costa Rica - CRI,Cote d'Ivoire - CIV,Cyprus - CYP,D.R. of the Congo - COD,Denmark - DNK,Dominican Republic - DOM,Ecuador - ECU,Egypt - EGY,El Salvador - SLV,Ethiopia - ETH,Fiji - FJI,Finland - FIN,France - FRA,Gabon - GAB,Gambia - GMB,Germany - DEU,Ghana - GHA,Greece - GRC,Guatemala - GTM,Guinea - GIN,Guinea-Bissau - GNB,Haiti - HTI,Honduras - HND,Iceland - ISL,India - IND,Indonesia - IDN,Iran (Islamic Republic of) - IRN,Ireland - IRL,Israel - ISR,Italy - ITA,Jamaica - JAM,Japan - JPN,Jordan - JOR,Kenya - KEN,Lesotho - LSO,Luxembourg - LUX,Madagascar - MDG,Malawi - MWI,Malaysia - MYS,Mali - MLI,Malta - MLT,Mauritania - MRT,Mauritius - MUS,Mexico - MEX,Morocco - MAR,Mozambique - MOZ,Namibia - NAM,Nepal - NPL,Netherlands - NLD,New Zealand - NZL,Nicaragua - NIC,Niger - NER,Nigeria - NGA,Norway - NOR,Pakistan - PAK,Panama - PAN,Paraguay - PRY,Peru - PER,Philippines - PHL,Portugal - PRT,Republic of Korea - KOR,Romania - ROU,Rwanda - RWA,Senegal - SEN,Seychelles - SYC,Singapore - SGP,South Africa - ZAF,Spain - ESP,Sri Lanka - LKA,Sweden - SWE,Switzerland - CHE,Syrian Arab Republic - SYR,Taiwan - TWN,Thailand - THA,Togo - TGO,Trinidad and Tobago - TTO,Tunisia - TUN,Turkey - TUR,U.R. of Tanzania: Mainland - TZA,Uganda - UGA,United Kingdom - GBR,United States - USA,Uruguay - URY,Venezuela (Bolivarian Republic of) - VEN,Zambia - ZMB,Zimbabwe - ZWE
1960-01-01,427421.75,107962.953125,744405.625,176051.75,56732.05859375,2609.623046875,493083.34375,3038.9130859375,15974.6572265625,655.4342651367188,398822.3125,2532.529052734375,5961.86376953125,1068.1414794921875,12699.3349609375,935613.6875,5884.20703125,3403.709716796875,81192.875,1791852.125,38443.87890625,342670.6875,2342.70556640625,2412.675537109375,11994.892578125,2360.61865234375,26407.201171875,55621.58984375,221992.9375,30189.70703125,56692.00390625,7191.47900390625,1675.3074951171875,7395.044921875,833.4459838867188,196015.0,2359593.5,3529.660888671875,978.1148071289062,3471944.25,110673.765625,244330.1875,16516.21875,6154.24560546875,468.7174987792969,19286.576171875,6690.5068359375,10428.3994140625,1121514.75,344190.28125,225774.078125,44175.8046875,82010.375,1601015.375,26185.31640625,1391797.5,2882.5439453125,32650.291015625,1556.073974609375,31581.95703125,12392.017578125,1569.4898681640625,95610.609375,703.0728149414062,2060.918701171875,6736.24658203125,3540.836669921875,613234.25,23754.390625,3103.341796875,3680.083251953125,3872.3408203125,661012.0,82054.8359375,13931.111328125,43356.06640625,335412.125,218959.03125,52180.33984375,5187.4951171875,5992.466796875,44250.4921875,150886.90625,100084.7421875,208509.84375,56913.5859375,446.21295166015625,30968.703125,572.9166870117188,14719.8408203125,243923.53125,582646.5625,33274.03125,407115.96875,575924.375,36340.5859375,52547.88671875,74384.265625,7088.22314453125,8707.126953125,14382.1142578125,328227.65625,20441.685546875,6612.50048828125,2213328.75,14712712.0,33385.453125,194938.21875,15894.5966796875,14725.1806640625
1961-01-01,442648.28125,116128.4765625,760936.625,185864.640625,56247.35546875,2683.718017578125,510327.09375,3335.514404296875,16390.7734375,663.8343505859375,423113.625,2556.6904296875,5860.9560546875,1178.044189453125,13109.63671875,970473.125,6146.9443359375,3703.778564453125,85708.7421875,1982435.5,40874.046875,364123.5,2394.006103515625,2992.394287109375,12572.9755859375,2880.299560546875,27019.109375,56113.390625,233904.828125,25229.55078125,59837.48046875,7535.6220703125,1777.490966796875,7973.35400390625,1048.2652587890625,210045.953125,2471934.0,3970.589111328125,991.8030395507812,3761843.5,115290.90625,253719.359375,16964.6875,6514.38134765625,598.9490356445312,19190.416015625,6865.529296875,10943.4892578125,1205194.25,343927.9375,240088.375,45800.421875,87726.484375,1713169.375,27129.11328125,1554677.0,3148.87158203125,32909.203125,1509.019775390625,33111.9296875,12239.484375,1684.9696044921875,99279.4375,785.9515380859375,2143.787109375,8001.1025390625,3713.99365234375,645170.1875,23826.322265625,3272.101318359375,3947.474365234375,3953.762939453125,697215.1875,86216.359375,14620.240234375,42443.58984375,364292.71875,226366.734375,58263.9140625,5600.859375,6308.28564453125,46172.07421875,158168.03125,108607.6640625,207266.953125,59990.421875,467.83721923828125,30297.5234375,587.6660766601562,15322.1923828125,253661.4375,617556.125,34562.32421875,426623.5625,608051.8125,37436.31640625,56138.7734375,78611.71875,6949.02490234375,9329.490234375,14647.5703125,348035.96875,21271.529296875,6932.0966796875,2321153.5,15205822.0,35059.40234375,199219.0625,16091.8212890625,14536.0908203125
1962-01-01,445302.75,122319.6796875,788224.25,194055.828125,57066.6640625,2752.3095703125,528789.3125,3615.999755859375,17562.8203125,682.8320922851562,448707.71875,2599.7138671875,5811.216796875,1241.3582763671875,13545.306640625,1013021.125,6426.0810546875,3926.592529296875,88507.40625,2175005.5,44550.69921875,384377.59375,2541.078369140625,3236.515625,13270.16015625,3166.839111328125,28420.6484375,56208.1015625,247596.65625,30287.41015625,62949.23046875,7979.4775390625,1873.5025634765625,8587.4326171875,1192.1151123046875,223127.703125,2607006.5,4410.4365234375,1024.6070556640625,4054282.5,118856.4140625,261935.890625,17447.642578125,7052.6376953125,734.3379516601562,19246.90234375,7196.7998046875,11365.0966796875,1288415.0,343962.6875,258727.5,47818.78125,94146.0234375,1836715.0,27945.4609375,1724161.75,3451.2119140625,33210.62109375,1487.5068359375,34713.4921875,12030.236328125,1736.64208984375,104711.375,864.0835571289062,2229.549560546875,9579.0498046875,3845.431640625,687700.3125,24375.484375,3431.324462890625,4247.11767578125,4054.61376953125,735871.6875,89740.7421875,15668.365234375,42162.61328125,391371.8125,232861.734375,65377.91796875,6086.716796875,6488.298828125,48500.125,165005.53125,115888.421875,210339.078125,63145.6328125,502.1447448730469,29611.107421875,609.349853515625,15969.908203125,262053.234375,664095.375,35908.65625,446013.75,639280.25,39477.984375,59876.93359375,85019.921875,6872.10791015625,10050.0234375,15236.306640625,368767.1875,21997.396484375,7279.90087890625,2411722.75,15760120.0,37142.35546875,204590.21875,16307.787109375,14285.509765625
1963-01-01,450132.5,126199.7578125,821048.875,201935.828125,57206.3828125,2833.7431640625,546129.625,3921.016845703125,18504.517578125,709.2528076171875,468471.25,2631.8828125,5734.49462890625,1262.609375,14002.197265625,1057995.0,6658.7236328125,4242.126953125,91630.390625,2330940.25,49887.25390625,398937.40625,2678.10498046875,3319.391357421875,13933.814453125,3633.450439453125,29519.703125,58694.8828125,257979.4375,31482.17578125,65959.71875,8579.427734375,1983.4688720703125,9219.9951171875,1361.0096435546875,233477.765625,2754425.0,4732.3203125,1043.919921875,4326043.0,124549.21875,275158.125,18329.087890625,7304.95703125,855.8296508789062,19318.900390625,7604.91748046875,12089.8408203125,1376057.5,340705.4375,279381.40625,50198.98828125,100377.71875,1964864.25,28700.291015625,1908800.875,3722.95263671875,33747.49609375,1484.42626953125,36058.8515625,11983.6201171875,1810.491943359375,110193.546875,950.6495971679688,2321.9296875,10332.5703125,4005.417724609375,738260.1875,25221.52734375,3599.357177734375,4563.53955078125,4212.7236328125,772982.6875,93887.5078125,16810.83984375,42312.72265625,421332.84375,239188.65625,74524.8828125,6633.4384765625,6712.306640625,50465.55859375,174680.0,124861.46875,216544.28125,67712.0859375,525.2703857421875,29164.939453125,635.2969360351562,17296.498046875,275673.71875,714692.0625,37469.359375,465643.40625,668335.0,40748.67578125,64720.125,93428.2265625,6858.45947265625,10544.7353515625,15988.4306640625,392947.6875,22663.654296875,7791.81396484375,2505909.25,16361780.0,37752.40234375,209886.796875,16352.9619140625,14025.4921875
1964-01-01,450439.875,132449.8125,863141.0,213113.4375,57981.32421875,2907.7236328125,570719.375,4164.5751953125,19555.126953125,751.749755859375,491716.59375,2667.355224609375,5654.89306640625,1287.300048828125,14528.455078125,1108540.75,6899.78466796875,4536.30224609375,98855.234375,2329583.0,55723.203125,421796.53125,2873.3408203125,3375.20361328125,14398.013671875,4370.60546875,29953.11328125,61471.73046875,273840.625,32845.66015625,69023.7578125,9221.05859375,2188.397216796875,9795.068359375,1555.9473876953125,245000.109375,2922095.25,4993.3056640625,1079.5611572265625,4642467.0,131639.9375,291509.71875,19491.986328125,7611.4775390625,979.9309692382812,19374.455078125,7980.2333984375,13100.94921875,1491483.25,338604.375,309726.78125,52902.1875,109145.3359375,2072232.0,29782.044921875,2124066.25,4101.98974609375,34045.0546875,1493.349609375,37707.0546875,11994.1708984375,1836.27490234375,115670.5,1082.4388427734375,2466.06298828125,10583.9091796875,4068.984130859375,792814.5,25763.427734375,3780.67431640625,4890.39990234375,4570.0185546875,821497.5,99115.9921875,18493.8984375,42248.15625,458603.5625,245697.859375,84087.375,7086.78466796875,6865.47900390625,52420.37890625,185656.0,134186.859375,219601.890625,71251.96875,542.3363647460938,28826.12890625,663.9666748046875,18308.306640625,292409.03125,768951.125,38832.9765625,489226.71875,700817.5625,42353.87890625,69894.3046875,101567.6640625,7061.1142578125,11009.5234375,16863.349609375,416716.5625,24185.11328125,8599.34765625,2653347.0,17023988.0,40190.36328125,219601.265625,16277.0869140625,13794.0986328125
1965-01-01,450845.125,138598.109375,896798.375,222430.609375,59041.6953125,2995.432861328125,593424.5,4371.02587890625,20358.35546875,740.9678344726562,518771.3125,2761.04638671875,5589.01025390625,1326.7559814453125,15572.6171875,1174878.25,7110.14453125,4706.51708984375,104702.6796875,2359875.25,62207.33984375,435952.84375,3115.18115234375,3462.334228515625,15193.4091796875,5022.8876953125,30989.5390625,64066.234375,290902.28125,28435.37109375,71951.15625,9988.5654296875,2353.50244140625,10433.6513671875,1742.0362548828125,260626.59375,3081999.75,5230.0595703125,1136.4847412109375,4970591.5,138000.828125,312465.0,20599.111328125,7993.0849609375,1079.8043212890625,19413.48828125,8397.9765625,14188.615234375,1602789.625,335844.65625,345339.71875,55996.296875,117312.203125,2158284.0,30981.59765625,2335509.5,4505.40576171875,34364.25,1515.308349609375,38993.3203125,11971.3916015625,1970.6363525390625,121508.8046875,1169.085693359375,2592.37158203125,10816.5634765625,4201.58740234375,862309.875,26410.78515625,3995.06005859375,5287.162109375,4839.224609375,870308.5625,105895.34375,20422.990234375,41884.68359375,511760.59375,254642.21875,95559.546875,7608.30712890625,7260.60595703125,54710.63671875,196763.53125,145206.421875,224119.6875,75075.4140625,569.1563110351562,28509.474609375,694.23876953125,19600.923828125,312374.375,830781.9375,39847.28515625,515626.0,727991.0,43386.7265625,76687.5625,110519.0,7357.72607421875,11667.45703125,17701.751953125,438745.8125,26051.25,9285.7001953125,2792216.75,17752794.0,40542.98828125,228996.640625,16898.693359375,13618.17578125
1966-01-01,447855.46875,144098.46875,931355.6875,235490.78125,60235.875,3081.101318359375,618952.3125,4588.28369140625,21190.494140625,805.0151977539062,548364.9375,2851.427978515625,5570.9462890625,1392.2637939453125,16863.228515625,1245910.5,7313.9755859375,4931.1484375,115158.1875,2384253.0,67077.84375,449999.21875,3405.0244140625,3693.383056640625,15979.7041015625,5700.81689453125,32052.828125,66436.859375,306261.59375,32574.7734375,75456.859375,10473.4326171875,2555.66796875,11146.1845703125,1901.925048828125,274918.90625,3256884.75,5643.66748046875,1202.926025390625,5269195.5,142035.4375,334621.3125,21393.828125,8467.9658203125,1179.253173828125,19459.20703125,8888.5029296875,15370.2216796875,1722657.25,335183.40625,387548.71875,58303.5703125,123866.5703125,2251476.75,32341.43359375,2571080.25,4879.14013671875,35472.62109375,1520.3243408203125,39762.19140625,11955.861328125,2173.52099609375,127985.6953125,1280.9385986328125,2721.790283203125,11063.1796875,4189.052734375,928749.375,26886.580078125,4280.56884765625,5796.41943359375,5042.18896484375,924259.25,113092.828125,22629.3359375,41571.44921875,560179.9375,263965.1875,104937.96875,8372.6572265625,7704.869140625,57873.47265625,207552.125,155909.921875,237834.765625,79300.5078125,597.2249755859375,28151.642578125,720.7833862304688,21064.951171875,328539.375,899790.875,41227.171875,538029.8125,751526.5,45007.3515625,85198.328125,123295.96875,7539.25634765625,12071.1435546875,18486.84765625,474975.65625,28189.171875,9890.693359375,2915984.0,18531220.0,42085.69140625,236032.765625,17610.9609375,13500.990234375
1967-01-01,450973.4375,149583.078125,970226.4375,247181.171875,61813.4140625,3191.984375,643156.5,4941.4951171875,21823.7421875,900.6829833984375,572879.5,2921.624755859375,5564.7744140625,1436.1031494140625,17839.76953125,1302806.75,7410.99560546875,5222.80419921875,121732.046875,2576358.75,70731.1484375,470384.65625,3675.269775390625,4079.7626953125,16801.318359375,6291.541015625,33358.70703125,68235.515625,322113.21875,31950.5234375,80289.0,10840.7724609375,2690.704833984375,12054.8408203125,2064.86376953125,287111.125,3435802.5,5849.50537109375,1266.14453125,5492957.5,142147.0,353423.34375,22521.5,8805.9990234375,1290.9468994140625,19489.708984375,9616.0947265625,16699.5625,1836464.75,332017.0,432516.75,60753.18359375,128232.5859375,2364906.75,33843.01953125,2870775.75,5207.42919921875,37008.57421875,1546.478271484375,40016.53515625,12016.85546875,2305.898681640625,134637.609375,1398.5830078125,2891.1298828125,11709.77734375,4288.087890625,1000606.0,28066.267578125,4532.3525390625,6336.9228515625,5264.5927734375,981533.125,117261.515625,24682.998046875,41324.91796875,595993.375,275656.71875,113682.6328125,9142.5419921875,8257.7236328125,60598.31640625,219391.171875,165940.375,251662.125,85159.609375,613.0518798828125,27855.630859375,743.77880859375,23078.453125,350428.65625,964376.4375,42774.421875,559841.125,778868.8125,46405.3125,95980.4921875,136706.6875,7605.701171875,12185.9404296875,19243.166015625,510417.84375,30762.1875,10648.9248046875,3055114.0,19263748.0,42367.546875,243465.265625,18471.515625,13451.7021484375
1968-01-01,458265.8125,155983.984375,1012568.6875,258694.015625,64692.234375,3366.101318359375,666524.0625,5327.8818359375,22477.71875,1065.4346923828125,606677.6875,2999.345458984375,5592.72998046875,1505.10498046875,18755.869140625,1361350.125,7556.5556640625,5490.9609375,130408.6640625,2714799.5,73823.5078125,495218.125,3868.710205078125,4414.42333984375,17530.826171875,6862.43896484375,34646.19140625,70181.9296875,339056.75,32075.162109375,84952.5859375,11128.853515625,2733.487060546875,12963.646484375,2358.01220703125,299429.1875,3633398.0,6063.08056640625,1349.665283203125,5758372.5,141268.703125,374770.84375,24201.697265625,9124.453125,1398.4573974609375,19593.6640625,10282.1953125,17683.49609375,1931677.25,332350.65625,492424.53125,64066.15625,131059.828125,2485635.25,35917.72265625,3242336.0,5763.7392578125,38997.18359375,1565.0264892578125,40252.4921875,12215.9169921875,2509.271484375,141532.84375,1497.5711669921875,3117.8896484375,12776.02734375,4310.91455078125,1096114.875,29115.2890625,4853.076171875,6924.01806640625,5498.2255859375,1046627.5,119636.1015625,26270.626953125,41178.58984375,624487.5625,284650.96875,120281.1328125,10021.30078125,8728.400390625,61588.3515625,230599.4375,176290.171875,272451.59375,91133.1796875,639.3240356445312,27666.50390625,769.6279907226562,25367.0234375,368867.0,1036212.875,44843.9609375,581102.5625,804396.6875,48487.91015625,108780.3359375,151452.359375,7633.7470703125,12452.5888671875,20027.828125,550072.9375,33591.9765625,11417.470703125,3209831.0,20015390.0,43012.88671875,255843.875,19332.892578125,13498.587890625
1969-01-01,470862.375,165282.265625,1064786.0,272342.09375,67055.6875,3538.676513671875,694188.0,5722.765625,23122.72265625,1139.007080078125,663457.3125,3114.099609375,5622.84716796875,1616.9739990234375,19481.294921875,1428233.25,7706.1875,5838.1611328125,139539.796875,2686236.25,76968.0703125,518482.84375,4046.83447265625,4696.51611328125,18469.98828125,7599.04736328125,36513.56640625,73534.375,359942.1875,34114.27734375,88579.9453125,11642.150390625,2809.89599609375,13766.61328125,2598.137939453125,313994.0,3850149.75,6317.35595703125,1448.3712158203125,6079359.0,142163.453125,406064.375,25119.2265625,9400.365234375,1529.299072265625,19825.05859375,10913.9873046875,18179.083984375,2035233.75,334461.90625,549441.125,68657.4375,137259.921875,2630342.0,38198.8984375,3679402.25,6745.65234375,41187.875,1580.3602294921875,40895.96484375,12462.302734375,2767.262451171875,147695.40625,1597.0704345703125,3373.057861328125,13553.294921875,4383.48291015625,1167923.375,30265.26953125,5252.662109375,7545.31494140625,5676.9072265625,1107145.625,124078.1953125,28132.369140625,40592.14453125,659778.4375,290798.53125,125930.53125,11041.1923828125,9240.0576171875,62861.40625,241755.328125,186317.625,291994.59375,97299.34375,658.3013916015625,27565.86328125,840.8314208984375,28765.671875,391341.46875,1122698.625,47541.81640625,605040.75,829765.9375,51549.1328125,122760.84375,169455.265625,7763.45556640625,12506.3671875,20849.7734375,589294.8125,35878.9140625,12399.2216796875,3353767.0,20760388.0,44410.4296875,268256.5,19750.576171875,13496.9765625
1970-01-01,491989.78125,175525.09375,1116205.875,289522.28125,69561.453125,3802.218017578125,726825.6875,6074.75048828125,23934.138671875,1417.2333984375,724634.4375,3240.474853515625,5587.787109375,1770.2415771484375,20824.845703125,1493499.375,7866.521484375,6257.18310546875,150597.375,2806860.0,80453.515625,547306.625,4383.29150390625,4956.3623046875,19656.705078125,8578.7734375,38208.21484375,76757.1953125,382182.65625,36440.28125,92849.84375,12224.0263671875,2914.64111328125,14377.15234375,2795.818115234375,337143.59375,4080021.0,6695.37646484375,1542.921875,6464985.5,145399.21875,440468.78125,26660.111328125,9719.3623046875,1770.02099609375,20457.72265625,11635.6806640625,18818.94140625,2143577.5,340644.71875,593993.5,72858.625,145633.265625,2865403.75,40624.234375,4217551.0,7272.8232421875,45092.95703125,1602.0457763671875,42253.91015625,12725.1328125,3201.306884765625,157569.5,1655.6915283203125,3615.9248046875,14560.5322265625,4391.900390625,1248040.375,32474.205078125,5855.73681640625,8391.2490234375,6054.71533203125,1179288.0,128957.9140625,30149.58984375,40577.09375,755269.6875,302917.0,135525.75,12684.31640625,9748.8701171875,63862.75390625,249763.4375,202332.34375,313158.96875,104467.3359375,684.8325805664062,27892.83984375,998.0306396484375,33458.15234375,420443.03125,1202771.5,50783.75,637021.125,866889.6875,53382.03515625,138158.78125,192298.078125,7965.75634765625,13065.1396484375,22049.37109375,645159.0625,40235.31640625,13077.0263671875,3497137.0,21404804.0,46188.9140625,289324.375,21232.509765625,13707.291015625
1971-01-01,508130.65625,186537.171875,1161893.75,310010.15625,70545.78125,3975.100341796875,760295.3125,6421.93017578125,24708.853515625,1901.0780029296875,788792.375,3767.00146484375,5687.3916015625,1915.5479736328125,21841.3515625,1556681.375,8069.01171875,6635.689453125,163514.5625,3028694.25,85351.6328125,575687.6875,4721.673828125,5289.10888671875,20976.640625,9564.802734375,40038.05078125,82004.1796875,402452.5625,36411.171875,97470.4375,12623.76171875,3066.8251953125,15019.0615234375,3091.46533203125,358422.28125,4291712.0,7086.083984375,1657.8697509765625,6672266.5,150798.0,473942.40625,28167.173828125,10059.361328125,1984.0394287109375,21085.80078125,12163.697265625,20201.92578125,2224958.0,349936.25,634682.3125,77515.421875,157670.0,3043862.75,42556.9609375,4691075.5,7849.47314453125,49213.90234375,1643.551513671875,43575.41015625,13081.60546875,3599.599365234375,168279.328125,1747.4150390625,3859.142822265625,15492.865234375,4438.890625,1317936.125,34449.859375,6425.33056640625,9222.6904296875,6516.2509765625,1229325.75,135069.0625,31995.126953125,40297.53515625,848430.375,319236.21875,143336.625,14424.005859375,10323.701171875,66183.9453125,244415.953125,219151.0,332600.96875,112958.46875,727.2581176757812,28076.181640625,1173.4981689453125,38884.05859375,453202.78125,1278424.5,53702.296875,667031.8125,908684.6875,55390.546875,157416.4375,213298.921875,8294.3974609375,14339.16015625,23383.126953125,688827.0,45377.7265625,13770.09765625,3502979.75,22058986.0,48383.96875,311883.9375,22347.568359375,13917.95703125
1972-01-01,527393.3125,196171.40625,1208341.25,331518.0625,69622.65625,4146.72705078125,793677.625,6961.50927734375,25506.923828125,2496.18212890625,864798.25,4048.78759765625,5603.10205078125,2061.07421875,22507.740234375,1618937.5,8240.0126953125,7022.74853515625,173163.875,3190418.75,90426.2109375,585988.5,5059.11328125,5627.193359375,22293.888671875,10437.7451171875,41932.265625,88279.71875,425208.78125,41522.29296875,102673.296875,13010.421875,3316.193115234375,15791.318359375,3408.367431640625,381090.25,4479961.0,7587.263671875,1678.0994873046875,6640179.0,148402.84375,521912.78125,29569.810546875,10406.1552734375,2163.178955078125,21925.162109375,12572.8603515625,21345.01953125,2251170.5,362934.3125,667878.625,82509.296875,171424.203125,3173252.25,44401.4375,5138159.5,8499.2431640625,53507.75,1695.1248779296875,44993.34765625,13214.8935546875,4104.08935546875,173076.40625,1917.354248046875,4120.48486328125,17047.783203125,4516.79736328125,1408791.875,35885.23046875,7013.83447265625,10017.2744140625,6942.89208984375,1244180.0,142291.8125,33444.484375,40401.70703125,950817.1875,333967.875,149780.5625,16597.859375,11005.9150390625,67945.3515625,223433.609375,238607.5,353281.59375,122432.2421875,794.8822021484375,28389.439453125,1348.3203125,44537.72265625,487088.625,1366169.625,57069.125,697153.125,950714.875,58396.33984375,179558.59375,232740.671875,8674.076171875,15218.3818359375,24967.6796875,743148.1875,49802.73828125,14412.7255859375,3341061.5,22805538.0,49032.18359375,338319.25,23553.037109375,14160.17578125
1973-01-01,548999.375,204491.28125,1255666.25,353166.25,70139.53125,4300.52978515625,835806.4375,7367.60107421875,26073.021484375,3120.589599609375,957868.25,4396.4423828125,5606.9375,2202.407958984375,23354.84765625,1685955.625,8481.0380859375,7372.18310546875,180975.046875,3435540.0,96049.7109375,588945.4375,5415.06396484375,5925.49365234375,23608.9453125,11574.0107421875,43861.04296875,93846.9765625,449655.53125,44201.9609375,108621.7109375,13703.787109375,3484.252685546875,16385.408203125,3743.531982421875,405321.84375,4681670.5,8176.07666015625,1713.068359375,6526419.0,148810.03125,576683.0,31089.623046875,10740.1083984375,2324.01171875,23045.5390625,13188.8935546875,22859.57421875,2247163.5,378728.5,698078.5,88515.6015625,185344.015625,3305078.25,46191.6640625,5622245.5,9260.1689453125,58788.1484375,1799.0782470703125,46647.35546875,13345.5888671875,5098.72998046875,176618.703125,2067.593017578125,4397.4208984375,18857.859375,4768.76123046875,1505229.375,37123.3203125,7608.0126953125,10783.1728515625,7497.205078125,1256282.5,150141.625,35756.1015625,41185.7421875,1070860.375,349337.4375,155884.328125,18611.82421875,12004.916015625,72099.34375,203447.203125,259708.953125,381583.5625,132854.609375,854.7871704101562,28606.04296875,1528.91455078125,50056.5703125,520634.15625,1477654.125,61299.3828125,723858.1875,987310.875,60896.28515625,202125.984375,252518.609375,9025.232421875,15830.0810546875,26448.26953125,800140.125,53696.64453125,14933.1123046875,3167423.25,23631974.0,50550.6953125,366837.75,24463.724609375,14508.466796875
1974-01-01,580054.25,213876.84375,1284884.625,373988.5625,75181.8359375,4495.42333984375,880167.125,7832.9599609375,26818.3515625,3515.819091796875,1065858.25,4815.564453125,5740.1650390625,2350.225341796875,24541.5078125,1767050.125,8549.64453125,7958.61962890625,189577.40625,3726089.0,101043.53125,595281.9375,5789.73486328125,6249.1982421875,25051.083984375,12501.81640625,44463.89453125,101692.734375,470662.65625,48337.58203125,113507.359375,14525.7041015625,3702.321533203125,16857.912109375,3985.954833984375,430640.21875,4894747.0,10321.546875,1730.8165283203125,6440148.0,154215.734375,608983.25,32561.416015625,11124.8193359375,2455.488037109375,24567.130859375,13970.8173828125,24730.181640625,2242724.5,399970.09375,744364.375,92814.2109375,197778.59375,3458042.75,47361.03125,6105078.0,10224.2138671875,63356.56640625,1878.38818359375,47933.41015625,13571.3642578125,6012.13037109375,185599.046875,2184.29052734375,4709.72265625,20949.46875,5021.7939453125,1619596.375,38129.12890625,8256.4150390625,11632.724609375,8066.9794921875,1274045.875,160853.203125,38876.1015625,42017.1953125,1164017.625,367133.875,163412.703125,20247.4296875,13183.1845703125,78531.65625,192568.25,277808.21875,417530.6875,147599.125,927.635498046875,28970.189453125,1706.7532958984375,55670.8046875,556200.6875,1587656.5,65746.421875,751206.375,1021792.8125,65222.5,226387.328125,271504.90625,9438.3515625,17176.125,28352.962890625,896270.875,57462.16015625,15404.4296875,3044661.0,24335790.0,52348.75390625,394107.625,25330.078125,15017.3623046875
1975-01-01,619113.0625,222502.546875,1312046.75,392269.21875,78044.5546875,4681.845703125,917487.3125,8252.966796875,27748.478515625,3805.16015625,1181210.5,5142.05224609375,5780.4111328125,2448.617919921875,25663.8359375,1852945.625,8571.28125,8856.05859375,188693.296875,3994198.5,106374.0625,601894.25,6177.87109375,6594.01416015625,26387.873046875,13606.220703125,44106.578125,107433.3359375,486622.25,52736.86328125,120002.1015625,15604.01953125,4046.346923828125,17388.8359375,4288.578125,452447.34375,5087866.5,12951.76171875,1774.515625,6498482.0,157098.28125,635652.4375,34231.83984375,11494.650390625,2576.507080078125,26106.7578125,14832.8251953125,26196.74609375,2235128.5,423977.8125,832189.25,96598.265625,209496.265625,3611263.5,48721.9296875,6625797.0,11210.29296875,66426.5625,2011.8992919921875,48933.37109375,13749.5478515625,7313.5126953125,196295.265625,2364.327880859375,5089.10302734375,22809.345703125,5468.41943359375,1745188.125,43141.609375,8882.6162109375,12469.1640625,9024.611328125,1308866.25,168159.578125,41421.16015625,42346.12890625,1295146.375,388559.03125,170542.671875,21990.32421875,14209.20703125,84067.7578125,198790.421875,291415.96875,450813.8125,165439.453125,1037.1348876953125,29301.107421875,1880.2615966796875,61661.59375,594872.75,1697416.5,68727.7421875,780743.75,1047525.625,71731.65625,257158.96875,289038.15625,10066.81640625,18972.513671875,30819.408203125,997767.0,61251.140625,15823.1904296875,3012716.0,24870738.0,53357.68359375,430388.8125,26270.09765625,15410.2646484375
1976-01-01,660831.3125,229548.109375,1346795.75,409228.34375,81503.9765625,4982.4921875,943647.3125,8476.7236328125,28625.705078125,4002.281494140625,1281700.5,5436.177734375,5912.58349609375,2543.15380859375,26906.369140625,1934439.25,8547.66796875,9607.818359375,192205.859375,4218314.0,112113.1484375,602770.0,6549.443359375,6911.03857421875,28141.33984375,15046.44921875,43993.08984375,111224.6484375,502244.125,54280.30859375,126972.1484375,17886.953125,4372.0078125,17671.857421875,4547.6474609375,472278.09375,5313688.0,16771.990234375,1898.63671875,6702034.0,156857.71875,668765.375,36881.43359375,11894.755859375,2713.2431640625,27903.103515625,15633.1787109375,27482.6484375,2255409.5,447842.25,935769.75,103435.1484375,217772.078125,3810655.0,48932.5625,7237543.0,12558.7216796875,67136.46875,2235.846923828125,50329.71875,13778.0859375,7706.099609375,210801.171875,2511.66943359375,5588.505859375,25591.8125,5858.40087890625,1789080.625,49214.8046875,9506.3095703125,13220.064453125,9997.1220703125,1343285.25,172317.40625,44009.7890625,42670.52734375,1485551.5,410583.15625,180977.359375,23620.298828125,15771.521484375,87503.6875,214728.15625,304453.15625,465148.65625,181542.921875,1135.7374267578125,29481.0234375,2081.352294921875,67020.7109375,628815.125,1833263.375,69074.21875,802178.5625,1056977.25,76069.2578125,285949.34375,304946.21875,10552.224609375,20849.51953125,33570.4140625,1124247.875,65213.578125,16174.2451171875,3053503.5,25505044.0,56393.61328125,477904.3125,26425.3671875,15552.0185546875
1977-01-01,714133.8125,242399.9375,1385536.5,426833.78125,86479.3203125,5192.5244140625,956756.0,8669.6015625,29656.283203125,4162.11376953125,1357894.625,5719.857421875,6211.798828125,2636.959228515625,28867.8125,2016942.5,8564.0078125,10210.6259765625,199731.625,4434097.0,120272.109375,600735.5625,6953.86767578125,7081.11376953125,30215.748046875,17390.78515625,45393.4140625,120817.46875,512675.40625,58023.72265625,134920.296875,19864.822265625,4826.45166015625,17952.392578125,4763.47021484375,490533.03125,5611431.0,19414.896484375,2052.6181640625,6981608.5,161254.328125,714004.5625,39739.6640625,12281.3212890625,2881.9970703125,29972.115234375,16653.318359375,28711.341796875,2283387.0,477523.46875,953446.0,114115.2421875,224766.421875,4068325.75,48461.69140625,8048168.5,14574.3046875,67627.2890625,2595.5830078125,52918.51171875,13853.6220703125,7447.71484375,228198.046875,2725.1669921875,6108.177734375,27860.6953125,6216.26953125,1734720.375,56233.0078125,10129.7763671875,13975.5595703125,11046.396484375,1377617.25,180379.390625,47750.16015625,43294.109375,1714996.5,433133.5,190502.578125,24279.32421875,17671.494140625,89984.0859375,231871.21875,319570.5,473461.84375,204323.640625,1228.442626953125,29603.642578125,2290.43310546875,71477.5234375,657584.375,2044309.75,67653.078125,818847.125,1065558.0,74272.984375,315615.21875,322618.125,11581.2373046875,22713.40234375,36267.1875,1188173.25,69714.5078125,16527.169921875,3124332.0,26280002.0,61580.20703125,542285.8125,26927.17578125,15539.3916015625
1978-01-01,776806.3125,251840.109375,1431093.875,439898.03125,93218.8984375,5466.787109375,966578.1875,8806.408203125,30595.25390625,4353.0849609375,1433019.0,6020.97705078125,6564.9482421875,2741.711181640625,31894.935546875,2093812.0,8500.48046875,10636.78515625,203296.828125,4781646.5,128994.09375,601477.75,7346.01953125,7330.1328125,32237.703125,20221.30078125,47404.8515625,124124.734375,518825.21875,60135.47265625,143471.75,21940.740234375,5248.630859375,18130.560546875,5000.9345703125,503855.5625,5916533.5,19809.388671875,2170.33935546875,7281339.0,162173.328125,767068.9375,42741.22265625,12689.3603515625,3095.632080078125,32104.53515625,17969.498046875,29904.00390625,2287319.75,511914.75,928266.8125,129260.7734375,231743.765625,4339257.5,47966.5625,9046649.0,16451.671875,69470.96875,2837.400390625,55855.9140625,13855.1875,7848.20361328125,245375.109375,2968.459228515625,6554.53125,27973.513671875,6613.24169921875,1701138.375,59511.2890625,10705.931640625,14698.251953125,12243.7060546875,1406200.25,181423.859375,48887.875,44355.3046875,1924037.125,447981.78125,198442.609375,25262.591796875,20036.853515625,91856.6171875,250928.265625,335042.625,500575.40625,229616.203125,1305.6871337890625,29670.076171875,2511.577880859375,77003.875,679106.3125,2313133.25,64375.859375,829086.625,1074941.875,66574.3359375,348580.0625,337813.0625,13013.98828125,25343.560546875,38968.24609375,1227040.125,73724.2421875,16788.85546875,3217193.25,27203342.0,69079.5859375,603316.5625,27787.552734375,15389.7197265625
1979-01-01,830916.75,264545.21875,1484589.5,456838.8125,100774.6796875,5722.41796875,981310.8125,9253.6513671875,31392.63671875,4686.06103515625,1525871.75,6914.1103515625,6950.4404296875,2855.13037109375,33977.390625,2180660.75,8534.947265625,10702.2861328125,211130.265625,5153107.5,139639.46875,608370.125,7813.42822265625,7716.78515625,34675.765625,22445.591796875,50145.890625,129842.0859375,524564.8125,66776.1171875,150556.359375,25410.849609375,5488.79736328125,18518.103515625,5345.4775390625,520095.1875,6226213.5,20508.818359375,2296.251220703125,7604244.5,162034.6875,827866.5625,45351.59375,13096.802734375,3307.6416015625,34824.796875,19117.1328125,31244.583984375,2279169.5,548376.375,871642.9375,146528.40625,243258.859375,4629149.0,47426.8359375,10103242.0,18684.009765625,71424.4375,3231.927001953125,58929.56640625,14299.3310546875,8040.37939453125,267015.8125,3169.65283203125,7093.53125,28577.09765625,6938.04248046875,1721330.875,62621.140625,11327.2041015625,15384.4560546875,13254.681640625,1433281.75,184576.203125,48197.76171875,45941.69140625,2097668.0,449695.03125,206270.03125,26226.76953125,22941.84375,95113.6640625,274427.6875,350891.5,536140.3125,254267.890625,1421.6397705078125,29909.25,2773.795654296875,82859.7421875,704162.0,2600926.75,64854.9140625,840969.9375,1087372.75,58432.1484375,386792.28125,347269.5625,14510.31640625,27761.7734375,41898.546875,1275117.25,78182.46875,16911.82421875,3323642.75,28174376.0,80386.6484375,644056.1875,28914.298828125,15286.888671875
1980-01-01,882873.5625,277379.25,1535867.125,476008.625,110155.203125,5990.1435546875,1001993.4375,9740.75,31464.93359375,5198.7998046875,1654245.0,7656.79248046875,7289.99169921875,2947.17333984375,36564.64453125,2271029.0,8405.9931640625,10684.6708984375,222998.625,5431016.5,152681.78125,625402.6875,8338.341796875,8526.958984375,36409.8203125,24110.28125,52916.84375,140747.90625,525133.1875,71623.953125,157047.96875,29871.064453125,5519.7421875,19072.875,5770.1630859375,538971.125,6408260.0,21116.728515625,2429.376220703125,7856398.0,161152.46875,871054.0625,47361.0859375,13490.671875,3533.655517578125,37503.63671875,20260.0546875,33001.83203125,2251890.0,592927.4375,834214.1875,158012.71875,250976.953125,4853549.5,46413.87109375,10868648.0,21588.419921875,74317.203125,3566.291259765625,61109.62890625,14639.2109375,8361.7822265625,294341.84375,3294.06884765625,7587.9150390625,29291.728515625,7113.24072265625,1802376.5,65678.625,11949.8779296875,16345.1171875,14264.587890625,1451599.0,188041.3125,49096.03515625,48041.453125,2279523.25,477695.25,211281.609375,27566.22265625,26575.185546875,101351.109375,296385.8125,367140.21875,570145.4375,279344.40625,1491.108642578125,30169.7578125,3008.0546875,90171.9609375,736824.0,2769141.5,70784.15625,855927.0,1125333.625,52377.78125,429108.21875,353410.4375,15313.6103515625,31091.634765625,44845.44921875,1300780.875,81309.8046875,16979.326171875,3381961.5,28983500.0,89752.8125,673382.875,29447.845703125,15274.4794921875
1981-01-01,940377.5625,288232.0,1602208.25,508274.625,120276.6015625,6355.08837890625,999610.1875,10212.302734375,31754.384765625,5820.56689453125,1780763.125,8464.373046875,7765.29150390625,3094.806396484375,37206.69140625,2414187.5,8388.421875,10680.779296875,236008.1875,5719667.0,168789.953125,658161.875,8827.1728515625,10323.4970703125,37562.33984375,25959.87109375,55465.046875,152895.203125,517731.375,71338.65625,165982.140625,34429.1875,5583.91552734375,19481.74609375,6231.787109375,546991.8125,6402047.0,22306.611328125,2515.990478515625,7978560.0,160794.9375,879511.25,49985.90234375,13959.9677734375,3660.31884765625,40241.0234375,20969.673828125,34635.859375,2181876.75,642618.125,804167.8125,165737.390625,259631.90625,4967054.0,45736.3125,10971445.0,25481.0625,74894.4921875,3906.844970703125,61765.83203125,13810.916015625,8569.1904296875,327917.0,3410.527587890625,8263.1298828125,30349.328125,7315.455078125,1951447.625,70481.859375,12612.359375,17197.154296875,15481.0126953125,1441386.375,195194.5625,51727.09765625,49796.6171875,2537132.5,496896.15625,211861.328125,29600.0234375,30966.9296875,110751.3984375,321254.21875,391492.8125,609173.6875,302433.40625,1622.44384765625,29366.978515625,3221.7822265625,100026.6640625,776886.875,2753232.0,80324.3515625,871182.875,1171371.125,47365.578125,473587.40625,363645.65625,15648.3955078125,33479.25390625,48595.2578125,1368379.25,87510.5,17211.501953125,3408010.0,29770526.0,96182.1171875,707212.625,28697.4765625,15707.169921875
1982-01-01,998644.3125,300059.4375,1648038.0,554122.5625,128070.171875,6578.947265625,989098.8125,11095.1953125,31638.076171875,6462.4619140625,1903602.625,9289.806640625,8234.66015625,3261.371337890625,36879.5234375,2556888.0,8244.328125,10647.4765625,239333.828125,6172913.5,185662.078125,690450.625,9404.7919921875,13163.259765625,37834.1015625,28943.322265625,57970.109375,163635.234375,506575.84375,67854.265625,173577.75,40307.62109375,5648.87841796875,19808.90625,6561.01611328125,537705.5625,6251102.0,23281.267578125,2575.561767578125,7945442.5,158879.140625,855286.4375,52245.484375,14399.5849609375,3794.977294921875,42577.3515625,21485.28515625,36055.47265625,2080452.125,694762.875,785814.0,169278.015625,269211.5625,4974314.0,45144.1015625,10455441.0,28564.35546875,74094.5390625,4369.380859375,61784.28515625,12287.3154296875,9301.1318359375,362090.6875,3549.912841796875,9038.9423828125,31398.802734375,7435.17138671875,2050009.5,81987.7421875,13238.5556640625,17737.9921875,16946.73046875,1422008.125,202661.0,53341.38671875,50344.11328125,2807286.75,516999.53125,210680.59375,31611.546875,34301.35546875,120059.3046875,344934.25,423759.5,644458.875,322385.6875,1829.899169921875,27495.13671875,3408.035400390625,113068.5,812890.1875,2620543.0,93370.03125,885978.1875,1193226.5,43206.18359375,517220.75,373093.28125,15836.017578125,35847.125,53460.7890625,1425526.5,101615.3515625,17562.4375,3469086.75,30401032.0,100059.625,737022.1875,27486.509765625,16686.359375
1983-01-01,1054845.375,315382.40625,1689567.0,613217.0,134913.21875,6698.45361328125,965413.625,11308.2109375,31244.099609375,7064.27685546875,1994713.5,9909.4140625,8729.02734375,3403.381103515625,37443.48828125,2695725.75,8195.2880859375,10412.142578125,239075.34375,6399154.5,201261.21875,715135.5,9886.869140625,14814.1708984375,38106.6484375,33020.4921875,59786.40625,174466.453125,493072.1875,65159.66015625,173118.46875,45224.6328125,5702.1572265625,20097.166015625,6737.30322265625,522437.625,6039152.0,24165.69140625,2646.010498046875,7852832.0,156461.34375,821682.375,53177.703125,14735.14453125,3862.792236328125,44715.01171875,21958.8125,36839.00390625,1989726.125,735249.25,798636.125,169187.109375,280257.53125,4919660.0,44213.58203125,9826247.0,30577.587890625,71739.703125,4462.26611328125,60883.23828125,11102.9609375,10614.0712890625,396805.15625,3715.83642578125,9883.744140625,32263.3984375,7528.7275390625,2072933.625,101676.0234375,13196.6357421875,17850.642578125,18383.82421875,1399585.125,208064.234375,54740.19140625,50256.00390625,3076596.75,539066.625,210281.1875,32383.384765625,36657.50390625,125357.3515625,369268.15625,458781.71875,684988.6875,339732.46875,2064.248046875,25582.001953125,3570.30859375,126220.359375,841115.875,2439239.75,112452.5078125,898390.4375,1212381.0,39693.7421875,555773.0,386493.53125,15723.41796875,37795.703125,59000.5859375,1474986.5,122620.0,17787.54296875,3511902.75,31125622.0,99199.3671875,743276.125,26253.27734375,18105.326171875
1984-01-01,1115894.375,336801.46875,1742347.0,680575.75,142521.3125,6779.76416015625,952543.1875,11377.822265625,31117.646484375,7686.49462890625,2100100.0,10482.3837890625,9289.734375,3544.765380859375,39565.49609375,2851516.5,8150.63037109375,10215.708984375,245509.59375,6671995.5,218704.5,742847.5,10432.5615234375,15992.95703125,39123.7578125,37868.09375,62610.6953125,185255.0625,487195.09375,61319.8125,176006.375,49602.921875,5808.181640625,21088.185546875,6797.83056640625,513962.46875,5898954.0,24974.46875,2699.76904296875,7810455.5,155550.640625,796128.9375,54245.828125,15032.0810546875,4005.297119140625,46973.98046875,22746.779296875,37892.41015625,1947990.125,762407.0,813450.875,169303.640625,291728.46875,4915891.0,43168.7421875,9478735.0,32710.158203125,72467.71875,4652.3876953125,60319.27734375,10591.908203125,12362.2265625,429322.71875,3951.852294921875,10609.5615234375,33719.69140625,7652.82666015625,2134980.75,132692.46875,13338.5390625,17859.259765625,19751.35546875,1395346.625,215537.40625,56290.76953125,49636.59375,3317183.75,565056.9375,213462.09375,32937.6875,39159.38671875,132040.34375,386020.625,492403.34375,740483.1875,358555.78125,2365.2890625,24319.232421875,3757.102783203125,141511.5625,865956.25,2319301.25,134081.390625,914857.9375,1235379.375,36871.52734375,597308.5,404129.9375,15550.0615234375,39347.015625,66181.1875,1526395.375,148452.875,17953.021484375,3579406.25,32101104.0,99066.171875,743849.625,25574.7890625,19852.228515625
1985-01-01,1181126.625,363683.5625,1795769.0,734954.0625,150364.375,6843.904296875,953831.8125,11309.8037109375,31400.591796875,8445.140625,2234206.25,11456.794921875,9790.794921875,3704.435791015625,42829.9140625,3002236.25,8297.71484375,10123.9169921875,250598.578125,6991932.0,236822.515625,766954.3125,11018.125,17088.75,40353.5859375,42309.8203125,64758.671875,196502.171875,493900.84375,75922.3984375,181415.828125,53837.8203125,5982.787109375,21923.25,6886.80078125,520880.6875,5893769.5,26050.2109375,2747.207275390625,7886088.5,156665.921875,800266.4375,55055.7421875,15405.8525390625,4122.0263671875,49841.48046875,23524.134765625,39025.53125,1983834.0,791011.375,828105.5,170916.25,300601.0625,4993636.0,42252.18359375,9586077.0,33884.9453125,74104.2890625,4990.01171875,60035.12109375,10683.5419921875,13676.0849609375,455935.78125,4229.28515625,11268.810546875,35068.38671875,7813.400390625,2219120.25,166861.234375,13384.9208984375,17895.041015625,21526.998046875,1414259.625,224388.390625,58013.6484375,49289.734375,3425239.5,589847.5625,222861.40625,33468.921875,41824.61328125,139496.453125,390884.6875,525905.1875,813907.4375,377219.34375,2649.460693359375,24027.734375,3959.217041015625,153292.71875,887509.875,2301426.0,151527.71875,935998.0625,1261130.25,34737.625,634742.125,423439.5625,15504.7626953125,40343.17578125,73455.5390625,1592402.875,162496.328125,18140.146484375,3660727.5,33160296.0,99048.125,748737.125,25564.83203125,21519.63671875
1986-01-01,1237837.125,400195.1875,1849091.875,771044.3125,165501.859375,6794.498046875,962984.6875,11528.4296875,31730.599609375,9183.1591796875,2416278.0,12381.0341796875,10280.271484375,3852.21240234375,46348.10546875,3127815.5,8422.57421875,10092.8544921875,257143.765625,7459899.0,257674.03125,793039.6875,11748.220703125,17388.662109375,41879.5,45160.0546875,66364.046875,207079.609375,512421.0625,85392.40625,188587.078125,58224.91796875,6218.43017578125,23078.611328125,6871.9599609375,539931.0625,5984550.5,26776.08203125,2801.95654296875,8074204.0,157349.171875,827654.9375,56438.45703125,15959.9296875,4212.26318359375,52369.76953125,23970.958984375,40073.85546875,2077850.125,820132.0625,846907.9375,174911.453125,313217.59375,5173658.0,40768.1875,10068627.0,35102.3125,75260.296875,5135.06689453125,61836.7578125,11201.646484375,13986.4619140625,471603.90625,4573.17919921875,11773.6982421875,35964.79296875,8203.87109375,2276651.5,189347.3125,13698.2578125,17866.662109375,23252.802734375,1451894.75,230025.515625,59446.71484375,49084.76953125,2934836.75,605139.8125,236172.078125,34434.5390625,44662.06640625,151248.171875,399655.90625,558543.5625,914989.9375,394179.78125,2937.65966796875,24780.755859375,4123.71044921875,162475.609375,896312.5,2393901.5,147938.484375,961539.875,1286020.875,32549.42578125,677100.5,449402.40625,15563.0595703125,40004.19140625,80445.046875,1632818.25,160090.09375,18525.615234375,3746526.75,34217084.0,98337.0859375,755222.0,26218.3046875,23153.2265625
1987-01-01,1276984.125,450024.75,1923072.5,813302.1875,176794.0625,6529.94873046875,982614.125,12105.8046875,32157.03125,9943.5224609375,2607105.5,13338.57421875,10721.6318359375,4001.39453125,49716.984375,3279011.5,8504.6357421875,10162.529296875,269517.75,7868425.5,284209.625,816996.0625,12279.6376953125,17194.734375,43669.8828125,48340.87109375,68134.9140625,217568.765625,533565.125,87572.96875,192491.1875,66746.390625,6529.7099609375,24803.609375,6761.39013671875,566313.75,6114780.0,26494.068359375,2969.601318359375,8340673.0,157725.796875,870885.4375,58368.5390625,16608.05859375,4333.123046875,54909.3984375,24567.60546875,41534.0625,2192145.5,847438.0625,881972.875,182405.671875,328388.84375,5454008.5,39138.609375,10748786.0,36775.67578125,80443.6328125,5288.8662109375,65385.54296875,12082.3349609375,14413.4716796875,483919.90625,4893.33642578125,12572.61328125,36703.734375,8999.015625,2344651.75,216329.734375,14161.673828125,17920.251953125,25691.671875,1500921.75,239272.109375,60872.52734375,48965.33984375,2141538.25,616782.5,251393.5,35621.14453125,47850.8671875,168226.109375,415796.09375,603094.5,1049681.625,409006.34375,3227.62939453125,26344.525390625,4319.19677734375,171638.859375,897363.25,2528084.5,132482.5,996394.3125,1312883.5,29898.3359375,731522.8125,494265.125,15637.6689453125,38230.61328125,88915.28125,1681829.625,157961.609375,19731.880859375,3882695.75,35245820.0,99790.6484375,759371.1875,27746.279296875,25333.041015625
1988-01-01,1313681.5,514488.90625,2025909.75,865317.0,188448.3125,6196.51611328125,1024912.8125,12885.7080078125,32727.939453125,11092.7705078125,2805164.5,14292.0595703125,10883.7412109375,4157.48388671875,53502.91015625,3464694.75,8512.22265625,10268.6787109375,287195.4375,8167118.5,316968.40625,854181.5,12784.2548828125,16800.34375,45367.34765625,52009.5859375,70581.640625,229124.828125,555681.6875,82636.6796875,200407.65625,76845.25,6887.98779296875,26854.13671875,6608.6474609375,602370.25,6304851.0,27039.94140625,3266.052001953125,8712517.0,159965.609375,930769.1875,61208.38671875,17382.0703125,4529.68798828125,57269.078125,25600.94921875,42989.125,2319743.25,881851.0,939562.125,193569.625,343761.28125,5851561.5,37572.6015625,11731135.0,38841.48828125,87598.7109375,5609.73193359375,70667.078125,13482.03515625,15011.8369140625,501139.40625,5246.96533203125,13430.599609375,37135.84375,10363.52734375,2443895.75,251047.078125,14287.033203125,18121.6796875,29086.171875,1571054.875,249763.734375,61938.6484375,48847.29296875,1541813.75,627015.875,267602.1875,35318.421875,51392.3046875,186350.0625,445114.25,658297.5625,1219530.25,423050.625,3529.53076171875,28780.48046875,4575.61962890625,181933.859375,906752.25,2713243.0,116791.5703125,1045880.6875,1349561.375,27767.626953125,797509.125,566243.0625,15729.83984375,35378.57421875,100080.6484375,1684384.375,154434.953125,20895.646484375,4064859.25,36263604.0,100784.203125,771778.8125,30303.49609375,28264.283203125
1989-01-01,1355378.125,593162.8125,2141520.25,925880.75,202099.171875,5881.72119140625,1081578.375,13998.2861328125,33249.23046875,13288.345703125,3025100.25,15405.9404296875,11110.640625,4318.93896484375,57110.82421875,3662761.25,8564.0537109375,10383.6826171875,312866.5,8398035.0,356065.78125,884966.625,13110.54296875,16335.3759765625,47611.0,56259.25390625,73966.84375,239403.625,581646.5,87042.3125,207008.34375,90326.140625,7326.3623046875,29038.8203125,6602.7939453125,648868.8125,6538318.5,26993.4375,3559.0517578125,9188050.0,164015.625,1011245.8125,64530.921875,18180.2578125,4708.05078125,59366.7265625,27056.455078125,44106.03125,2471011.75,928206.1875,1017538.125,210239.875,360065.53125,6351730.0,36287.26953125,12950969.0,40941.5078125,94100.1484375,5973.45166015625,77281.125,15328.48046875,15754.642578125,529666.4375,5680.27392578125,14254.2861328125,37417.84765625,12086.62890625,2744265.75,295985.40625,14472.7783203125,18417.609375,33226.5390625,1653937.875,262362.5625,62471.9609375,48836.53125,1157223.375,635511.9375,287333.28125,34774.4921875,55554.8125,204140.796875,487269.0,722026.625,1436870.875,436699.46875,3792.911865234375,32205.94921875,4866.96435546875,193355.515625,921996.0,2948323.5,104110.1015625,1117096.875,1388953.125,25975.171875,872590.8125,672841.9375,16195.935546875,32950.21875,115807.1796875,1661382.875,151205.390625,22048.4140625,4289242.0,37283368.0,103468.9609375,770883.8125,34153.421875,32005.84765625
1990-01-01,1393288.25,688641.6875,2247378.75,992590.125,218144.96875,5551.3154296875,1150535.375,15630.4384765625,34102.15625,15728.26953125,3226204.0,16330.130859375,11077.3583984375,4476.05517578125,60925.45703125,3838143.5,8709.427734375,10460.14453125,340115.46875,8546932.0,403845.53125,908843.3125,13296.2177734375,16020.677734375,50398.01953125,60608.47265625,76673.7890625,245831.359375,607417.0,90115.703125,214565.921875,107412.28125,7676.64453125,30888.369140625,7014.57470703125,696621.375,6785193.5,26961.966796875,3833.486572265625,9745840.0,168603.453125,1109733.5,67479.25,19485.556640625,4878.2177734375,61808.21484375,28410.455078125,45228.02734375,2664443.75,989806.9375,1104479.25,231919.453125,385235.90625,6936038.0,35057.5390625,14416033.0,42608.1328125,102847.0390625,6431.4970703125,84564.1484375,17904.0078125,16439.533203125,571887.9375,6217.9306640625,15276.0078125,37490.12109375,14596.419921875,2886328.0,351582.5625,14624.6484375,18888.9453125,38143.55859375,1743256.375,274668.3125,62682.3984375,48811.54296875,908735.3125,636545.375,312055.15625,34511.40625,60377.15625,227863.078125,547520.9375,795612.1875,1737276.5,435373.125,4039.83740234375,36755.35546875,5155.49072265625,206869.390625,934120.25,3213968.5,97555.15625,1200367.25,1428866.375,24667.0234375,953378.3125,837414.375,16691.5,30850.798828125,137418.875,1649038.25,151400.390625,23265.56640625,4443014.5,38223704.0,104580.078125,766267.25,39799.58984375,37124.98046875
1991-01-01,1411605.5,820000.5,2368301.25,1067434.0,234139.0625,5292.76220703125,1221814.75,17748.591796875,35279.796875,18056.041015625,3449385.25,17397.951171875,10978.9169921875,4619.37109375,64739.40234375,3997931.25,8809.8505859375,10557.8505859375,372182.875,8672490.0,461655.28125,936741.8125,13446.3720703125,15756.404296875,52283.44140625,65272.45703125,78864.40625,248697.8125,633288.4375,88727.8125,222833.8125,127474.2109375,8139.59912109375,32712.177734375,7152.373046875,736412.25,7040527.5,27020.876953125,4141.78125,10379337.0,174049.984375,1227751.75,70806.0234375,20326.95703125,5018.27783203125,63938.52734375,29648.515625,46356.578125,2831785.5,1059787.875,1241638.375,255257.546875,420108.46875,7589872.0,33930.89453125,16105736.0,43871.62890625,112846.1953125,7071.9833984375,94271.8359375,20366.447265625,17627.537109375,621088.5,6749.01513671875,16218.7255859375,37708.57421875,17862.8359375,3055115.75,416465.375,14747.2646484375,18924.82421875,45148.2890625,1841183.375,285133.6875,62483.01953125,48315.23046875,746981.4375,638218.125,337070.5625,35339.12109375,65559.0234375,257998.75,607196.5625,871987.3125,2096492.25,427115.75,4279.0693359375,42911.25390625,5404.921875,221056.53125,939215.625,3508812.75,94385.953125,1283018.875,1463946.875,23579.419921875,1039335.0625,1055095.5,16572.46484375,29194.302734375,166049.25,1623492.0,152060.09375,24323.06640625,4688279.0,38986900.0,109039.125,772321.4375,47804.77734375,43796.4921875
1992-01-01,1437515.375,1005502.3125,2515180.0,1140226.0,253637.484375,4976.72509765625,1291906.0,20493.337890625,36765.51171875,20304.3125,3672541.0,18417.07421875,10993.0693359375,4778.33154296875,68280.2578125,4140324.25,8921.66796875,10707.40625,405483.75,8921739.0,531405.3125,970185.6875,13680.0830078125,15534.51171875,55269.90625,70343.1640625,82358.5625,249134.453125,658559.5,91974.1484375,231665.078125,151113.203125,8807.25,34545.73828125,7141.42724609375,771632.625,7268303.0,27016.26953125,4565.779296875,11035177.0,175858.359375,1345674.75,76035.6796875,21161.044921875,5268.84130859375,66420.3203125,31656.4140625,47190.95703125,3036582.25,1125413.25,1393647.5,281115.5,457549.53125,8269117.5,33718.23046875,17899852.0,46513.22265625,124139.53125,7827.8681640625,102829.1953125,23903.55078125,18540.12109375,676776.6875,7293.60693359375,17098.8671875,38514.55078125,22309.056640625,3240342.25,492032.375,14849.7587890625,19436.33984375,54425.875,1938156.875,297226.3125,62961.9296875,48084.98046875,641639.4375,640767.9375,367778.75,37118.99609375,70486.7578125,286406.625,676571.3125,951971.4375,2500634.0,422060.03125,4641.5263671875,51288.46484375,5669.38037109375,237233.125,944028.375,3803492.0,91845.0234375,1358035.375,1486963.75,23259.216796875,1134315.875,1341740.75,16433.19140625,27588.359375,206322.859375,1605944.875,152389.828125,25377.890625,4954481.0,39793276.0,113080.8359375,793884.0,60024.63671875,51807.15234375
1993-01-01,1462158.25,1246331.625,2680929.75,1206464.75,276495.0625,4810.0810546875,1357553.75,23885.486328125,38491.26953125,22553.521484375,3916833.25,19373.51171875,11089.41796875,4992.82177734375,73207.4609375,4268425.5,8947.5947265625,10832.9365234375,438776.0,9704091.0,608590.8125,1025628.1875,13748.2578125,15655.01953125,59021.28515625,75403.3046875,84641.4453125,248022.390625,681361.1875,95558.5625,240487.5,182377.265625,9665.419921875,37069.39453125,7323.91162109375,797940.8125,7461693.5,27117.58203125,4909.56396484375,11610346.0,178008.078125,1470769.5,82030.2890625,22051.890625,5417.630859375,68028.6953125,34804.21875,47721.97265625,3250261.25,1192716.25,1550541.875,305880.46875,498910.28125,8864809.0,33722.87890625,19691946.0,49899.3359375,138939.5,8311.078125,113136.2109375,28402.166015625,19424.47265625,744629.6875,7891.19873046875,18108.0234375,39112.88671875,28275.9375,3443281.75,574686.3125,14986.640625,19972.212890625,66681.984375,2028815.5,312844.0,63317.6953125,48002.75,573752.3125,646802.25,401745.1875,40127.69921875,75683.1640625,321326.3125,753866.25,1024946.8125,2970448.0,420501.875,5015.8603515625,61896.0234375,6064.43115234375,255493.375,947796.5,4073142.75,92975.34375,1425718.5,1506243.875,23161.41796875,1238697.125,1717319.375,16020.9140625,26384.1875,259048.9375,1637701.25,151395.765625,26590.046875,5219650.0,40663016.0,117886.15625,811911.5,78745.9609375,61357.90625
1994-01-01,1485824.625,1529539.75,2862218.5,1266279.5,302031.46875,4808.0537109375,1413079.5,27595.53515625,39969.453125,24788.255859375,4190951.0,20675.927734375,11001.0986328125,5296.55810546875,77738.09375,4399555.0,9078.248046875,10969.4658203125,484568.875,10413262.0,699016.0,1083207.875,13842.150390625,16575.748046875,63044.82421875,80219.1171875,86578.6640625,247174.03125,704645.9375,101651.8125,248516.671875,221987.1875,10702.51953125,40591.5,7366.60498046875,816924.9375,7632608.5,27110.220703125,5170.9541015625,12114487.0,182844.28125,1573784.25,88177.4453125,22909.197265625,5555.00634765625,68763.671875,37883.234375,48293.18359375,3490229.5,1286282.125,1702699.0,329545.5,543856.0625,9363661.0,33969.08203125,21429924.0,53073.640625,150267.03125,8839.201171875,121652.1640625,33405.2109375,19910.427734375,822973.625,8503.03125,19236.494140625,39891.6875,35915.9375,3688148.5,656803.625,15250.1728515625,20587.9453125,81325.6328125,2105004.25,330534.0,64022.0078125,48120.52734375,529896.25,656533.6875,435513.84375,43256.7734375,81294.9140625,365423.0,836582.1875,1090505.125,3509078.5,423593.15625,5096.47314453125,74598.140625,6393.91845703125,275297.375,956660.8125,4319846.5,97139.984375,1488980.75,1524121.25,23575.73828125,1350977.25,2186714.0,15837.3486328125,25908.3046875,322133.46875,1634222.375,150874.75,28456.8828125,5584289.0,41620612.0,122873.015625,820597.625,105855.375,71567.09375
1995-01-01,1508402.375,1785510.375,3020165.25,1308685.0,328839.875,4860.84619140625,1461672.125,31169.041015625,41865.51171875,27150.482421875,4471745.0,21737.953125,10889.8916015625,5551.38720703125,81666.4609375,4501596.0,9261.65234375,11070.5283203125,528477.125,11418187.0,799522.75,1133446.25,14013.93359375,16792.740234375,67127.9453125,84216.515625,88420.3671875,246202.921875,727402.8125,105655.0859375,256011.578125,264284.40625,11983.66015625,44089.9609375,7453.396484375,829816.4375,7768435.5,27182.55859375,5465.701171875,12463160.0,186338.828125,1630685.125,95128.8203125,23762.609375,5645.482421875,71412.2265625,40259.19921875,48898.8046875,3777511.0,1403131.0,1847770.0,347272.5625,591858.1875,9702192.0,34553.44140625,23000014.0,56029.484375,162057.859375,9459.9990234375,125870.34375,38254.33984375,20403.462890625,920962.3125,9942.314453125,20650.833984375,40667.68359375,43287.171875,3743260.75,729147.5625,15583.0791015625,21379.576171875,96371.2421875,2164301.0,347231.4375,64819.77734375,48053.2109375,504487.6875,669796.0625,470359.15625,46564.62109375,87113.2109375,411037.9375,913300.6875,1147286.125,4077111.75,428601.25,5329.4873046875,86771.8046875,6744.59375,297262.46875,968877.5625,4531792.5,106960.71875,1534763.875,1544828.5,24129.60546875,1465191.875,2685957.0,15835.826171875,26171.501953125,381632.21875,1657526.75,148819.0625,31073.146484375,5838761.0,42632476.0,126537.4765625,828757.375,138533.046875,80398.9140625
1996-01-01,1532841.0,1927902.375,3139764.25,1335529.125,356918.1875,4994.04931640625,1477641.75,33368.44140625,43867.2578125,29321.70703125,4711221.0,22885.50390625,10873.5400390625,5883.21142578125,84550.1015625,4590813.5,9100.7138671875,11211.7529296875,571286.5625,12421712.0,892584.8125,1179042.25,14181.943359375,16704.181640625,70686.8515625,87086.7578125,90021.046875,245060.140625,744687.1875,111629.5703125,261758.578125,300687.78125,13149.865234375,49219.98828125,7412.853515625,796613.5625,7844652.5,27322.453125,5801.52978515625,12701745.0,193365.3125,1648182.875,102490.9375,24578.025390625,5719.38916015625,74499.3125,42893.76953125,48107.24609375,4096308.75,1544254.75,2003827.0,362430.25,644492.875,9797410.0,35538.47265625,24108458.0,58934.42578125,166929.734375,10099.6982421875,126204.046875,41347.2109375,20788.626953125,1023905.9375,11772.0947265625,21849.677734375,40928.6953125,48281.5078125,3835008.5,771229.0625,15921.4130859375,22431.900390625,107643.609375,2202130.25,358424.34375,65991.703125,48080.91015625,500070.875,699506.8125,503823.1875,49627.36328125,93241.625,445546.1875,976725.75,1189583.625,4591750.5,457117.71875,5675.47802734375,93716.203125,7242.19287109375,325772.03125,984569.9375,4686828.0,112614.796875,1569390.875,1608708.375,24840.298828125,1574296.0,3068550.5,15878.7431640625,26727.939453125,414307.0625,1719661.125,147492.703125,33478.06640625,6153740.5,43758164.0,130014.2734375,832969.625,155483.625,83644.9140625
1997-01-01,1560638.5,1980085.75,3236536.75,1324891.375,380210.25,5347.17578125,1465549.5,34640.75390625,46759.85546875,32011.033203125,4934583.0,24256.09765625,10877.1376953125,6132.80029296875,86879.546875,4613069.5,9018.1171875,11364.0361328125,606522.6875,13117817.0,979919.9375,1224316.5,14264.6533203125,16953.466796875,75506.078125,84079.3515625,91965.359375,244090.046875,748868.0625,118722.2734375,272365.75,329307.5625,14567.81640625,54722.99609375,7343.8681640625,779143.625,7750729.0,28730.912109375,6029.3271484375,12565175.0,200100.203125,1626937.75,111803.0859375,25101.81640625,5869.95556640625,78032.5546875,46205.40625,55051.6875,4474853.0,1684249.25,2141260.5,366427.15625,686628.6875,9676317.0,36711.21875,24138192.0,62270.2734375,166683.5,10770.4375,124319.4453125,42644.59375,21352.65234375,1136692.625,13504.6201171875,23192.013671875,41189.76953125,49462.828125,4037197.0,756075.1875,16436.236328125,23102.876953125,112761.7734375,2207810.75,350009.59375,67641.5,48270.38671875,521484.65625,715368.1875,528954.75,52972.6796875,99853.984375,477368.5,1022851.4375,1199247.25,4444707.5,496568.125,6123.337890625,94490.2421875,7750.3818359375,359697.78125,1003309.9375,4680910.5,117126.484375,1542715.625,1572668.25,26356.365234375,1695016.125,3188857.75,15889.53125,28549.294921875,416551.53125,1856585.125,146722.765625,36101.0,6614300.5,44976940.0,133089.578125,852334.0,149247.734375,83767.7109375
1998-01-01,1595513.5,2011836.0,3337076.5,1314042.75,397799.5,5809.099609375,1467955.5,35963.22265625,50909.484375,35119.57421875,5128280.0,25568.43359375,10953.5126953125,6388.2216796875,89286.0,4638985.0,9000.86328125,11574.001953125,628919.8125,13839671.0,1043258.4375,1262855.125,14432.8388671875,17507.529296875,82132.3046875,75696.3125,93254.1796875,243859.046875,750533.8125,130919.96875,287993.125,362424.53125,16334.4873046875,61726.1171875,7487.94677734375,781198.0625,7667564.5,31951.544921875,6306.51953125,12452536.0,206263.578125,1621645.375,124087.4140625,24854.158203125,5875.7373046875,81650.03125,50080.44140625,55465.3828125,4934174.5,1745990.25,2283189.75,381076.25,725829.3125,9597037.0,38087.5625,24096492.0,66633.0625,166339.421875,11296.767578125,122865.6015625,44017.71875,22078.14453125,1169364.0,14669.060546875,24701.42578125,42035.671875,48188.48046875,4281997.0,694996.875,16970.369140625,24232.083984375,114659.4375,2203754.0,339470.0625,69681.5078125,48751.3828125,573291.9375,735442.1875,548689.9375,57096.21484375,105886.7578125,506523.40625,1036843.25,1231632.625,3877541.0,579774.6875,6685.2724609375,94183.921875,8293.9150390625,396841.125,1024762.5,4716384.0,121266.15625,1530659.25,1589682.625,29670.859375,1824015.25,3129851.0,16183.8603515625,30217.9140625,405767.71875,1988441.25,146993.75,39204.234375,6675435.5,46344884.0,136107.421875,879579.9375,137862.09375,84803.046875
1999-01-01,1627314.25,1998675.375,3443201.5,1295630.5,413358.34375,6246.80517578125,1498190.75,37280.2578125,54462.98828125,38737.5546875,5250306.5,26640.435546875,11386.3359375,6723.02001953125,91371.71875,4659037.5,9144.0556640625,11794.443359375,646147.9375,14988066.0,1078070.75,1261794.625,14500.4619140625,17906.904296875,88115.65625,66536.140625,95122.3046875,243310.296875,746679.3125,141144.875,301351.5,393933.0625,18262.505859375,69827.6328125,7542.43603515625,774419.1875,7565662.0,35970.62890625,6573.576171875,12308312.0,206480.546875,1618829.75,137347.0,24254.84765625,5870.904296875,86051.6015625,54220.9375,55417.45703125,5513509.0,1793088.0,2422383.0,395155.90625,764116.0,9412866.0,39763.54296875,23981180.0,73060.8359375,159754.0625,11653.06640625,123897.2421875,44990.94921875,23230.349609375,1199688.75,15342.3232421875,26143.16015625,42780.5703125,46446.14453125,4522257.5,623119.375,17655.822265625,25286.142578125,113090.609375,2191910.5,331185.65625,72909.421875,48936.79296875,658533.875,747896.25,563489.6875,61612.1953125,111437.28125,525129.75,1031914.8125,1253201.375,3692479.25,646719.6875,7422.51611328125,92470.3203125,8823.8271484375,440796.25,1037009.75,4747445.0,125675.625,1506754.75,1574604.125,35060.35546875,1942655.125,3060721.25,16213.2109375,31175.17578125,388638.0625,2093653.5,147112.9375,42418.25390625,6543397.0,47827504.0,137046.796875,894693.0,124478.7890625,84827.1875
2000-01-01,1658963.0,1958924.625,3387999.5,1281770.375,430243.71875,6705.87939453125,1495075.375,38568.0859375,58579.63671875,42511.03125,5364543.5,27605.41796875,11405.490234375,6962.572265625,93426.015625,4508144.0,9240.62109375,12025.4921875,652358.125,16249813.0,1115436.5,1260394.125,14475.8232421875,18572.234375,93654.1328125,57416.3046875,96133.3046875,242364.171875,739703.0,154343.03125,321463.875,427635.78125,20537.712890625,80443.125,7696.4951171875,771147.5625,7497760.0,41875.703125,6839.087890625,12156835.0,222639.796875,1595588.625,150106.125,23518.078125,5921.41943359375,91326.6015625,57943.59375,55476.49609375,6081278.0,1865089.0,2575506.5,402877.625,782138.3125,9280036.0,42466.44140625,23927646.0,80804.9453125,154571.8125,11950.1044921875,116655.484375,45956.43359375,24642.689453125,1251871.125,16039.626953125,27262.24609375,43565.1953125,43860.625,4458585.0,558006.25,19004.2265625,25933.87109375,111491.4453125,2183005.25,341421.03125,75266.4296875,49248.0234375,791191.9375,748247.5625,580920.1875,65538.4765625,117590.4765625,540763.875,1029074.25,1265574.25,3896103.0,636310.8125,8301.7666015625,90106.921875,9262.6943359375,506261.0625,1047925.3125,4705188.0,130400.3125,1474444.25,1508755.0,43630.98046875,2064907.375,2956041.75,16418.046875,32766.400390625,367073.65625,2156879.25,147306.328125,45634.5,6517053.5,49367784.0,136629.203125,911244.3125,112131.9609375,86325.7421875
2001-01-01,1700578.0,1908897.625,3346540.75,1248426.875,451194.4375,7236.99462890625,1511626.625,40374.046875,63148.40625,46819.6640625,5504505.0,28587.205078125,11534.1396484375,7267.9619140625,97257.015625,4378532.0,9360.1953125,13453.8056640625,658725.75,17859914.0,1155051.625,1280824.5,14557.990234375,19594.201171875,99996.8671875,50463.015625,98540.625,242756.140625,755563.75,167962.34375,351712.59375,462934.1875,23264.89453125,93995.78125,7865.97998046875,761010.75,7426838.0,51169.8046875,7391.03662109375,11975420.0,237337.609375,1495197.625,164746.453125,22717.34375,5984.14404296875,96867.3515625,61921.40234375,57470.14453125,6842379.5,1988379.375,2801535.75,421893.21875,794133.125,9098000.0,46426.58984375,23859358.0,90652.609375,152257.234375,12226.568359375,130768.0390625,47560.69921875,26548.369140625,1306491.375,17061.861328125,25978.12109375,44501.7890625,41887.23828125,4401332.5,507716.625,19840.71875,27307.693359375,111699.0546875,2139141.25,354779.65625,77596.5625,50009.0859375,990218.75,759683.875,606569.0,68159.0,124475.421875,556706.0625,1026043.8125,1230388.875,4080400.75,616688.0625,9270.51953125,88432.6796875,9912.8095703125,584080.3125,1065348.25,4489377.5,134304.765625,1442971.125,1455082.875,58408.94140625,2141285.75,2872426.25,16716.671875,35808.30078125,352984.59375,1939942.625,148765.125,49267.66796875,6474644.5,50734368.0,136479.6875,941107.8125,103010.40625,87635.7421875
2002-01-01,1751035.125,1804633.0,3318803.25,1204511.25,478490.84375,8025.04052734375,1467405.375,42118.21484375,70032.5,51516.9453125,5643939.5,29659.146484375,11698.93359375,7700.2802734375,101328.6328125,4248476.0,9472.6552734375,16307.4580078125,671025.375,19860918.0,1189851.375,1309878.25,14639.0810546875,20707.31640625,107085.15625,46022.3046875,96790.2109375,244976.5625,747043.4375,188347.796875,387203.75,503459.25,26580.8125,109040.3671875,8041.0087890625,728823.75,7400985.5,65399.64453125,8577.9814453125,11717647.0,240539.890625,1511131.875,182049.203125,22492.947265625,6083.84765625,102682.71875,65813.4140625,58293.1875,7642415.0,2153875.0,3046948.25,450519.9375,800339.0,8919269.0,51671.49609375,23669830.0,102942.421875,148586.03125,12426.638671875,133504.578125,48143.62890625,28490.380859375,1360829.75,18132.615234375,26033.5703125,46260.30859375,40410.33984375,4336474.0,474035.25,21294.84765625,28511.5078125,112732.3125,2158679.0,370848.75,79721.484375,50967.375,1308646.0,755075.3125,635592.5,70803.0234375,132062.265625,573466.125,1036778.3125,1284752.125,4282239.5,584055.125,10369.6357421875,87410.8359375,10377.205078125,675296.0,1084701.875,4577712.0,142451.03125,1402309.25,1393406.75,85119.875,2215810.0,2847541.0,17063.78515625,38987.47265625,341531.65625,1618162.875,152413.25,53432.8984375,6362147.0,51925408.0,135347.421875,962521.625,96474.4921875,87471.375
2003-01-01,1807388.625,1784050.25,3457221.75,1232563.75,511922.1875,8689.90234375,1520313.125,44047.3828125,77632.8984375,56179.6796875,5813930.0,31014.771484375,12211.4248046875,8105.6767578125,104815.859375,4373955.5,9453.435546875,18576.681640625,689215.3125,21819050.0,1230891.375,1347695.5,14609.6728515625,22152.841796875,115141.3515625,42756.66796875,90538.4765625,247083.234375,769985.875,199389.796875,426499.40625,543524.75,30545.646484375,124596.5390625,8120.36376953125,740745.0625,7391494.5,84798.9921875,9609.59765625,12008163.0,251238.265625,1584033.25,199709.09375,22497.095703125,6205.50634765625,108500.8046875,70246.2734375,60657.5546875,8563570.0,2374100.5,3306552.25,472433.375,788302.3125,9023563.0,57800.37109375,24342614.0,118414.4609375,144981.765625,12664.380859375,123043.375,49865.62890625,30967.42578125,1415289.125,19355.361328125,26471.40234375,48866.05859375,40039.671875,4599929.5,454991.625,22701.712890625,29413.2734375,114988.5546875,2255706.0,376859.0625,82009.171875,51715.30078125,1827381.625,774780.6875,672054.6875,74832.1953125,140467.0625,591716.625,1062726.875,1367658.375,4754703.0,595267.75,11603.935546875,87446.8515625,10519.783203125,782590.625,1110961.5,4862986.5,150711.90625,1432643.375,1386938.25,135717.109375,2287448.5,2848346.25,17457.12109375,44555.16796875,335031.90625,1717167.125,157464.953125,58309.8515625,6496762.0,53183824.0,135119.640625,979424.0,92821.375,87834.8828125
2004-01-01,1869723.625,1797717.625,3613358.25,1267787.0,556421.0,9575.0068359375,1587220.75,45823.0,84485.703125,61367.109375,6045819.0,32687.39453125,12891.6572265625,8692.7822265625,109525.9296875,4522781.0,9452.173828125,20491.42578125,717468.75,24387924.0,1286870.0,1402302.875,14639.13671875,24046.810546875,123454.8828125,41229.5234375,98337.375,248724.953125,802785.0,220132.140625,469794.5625,589478.8125,35130.76171875,144098.484375,8191.5390625,777530.1875,8400404.0,106672.8359375,9918.6650390625,12275992.0,267836.875,1666725.75,218562.1875,23074.33984375,6269.41552734375,114076.2578125,76411.515625,63364.5703125,9684138.0,2678408.75,3584738.25,516463.9375,782949.375,9408274.0,65853.1875,25150286.0,137463.484375,145306.875,12833.5263671875,133888.609375,52514.68359375,33607.16015625,1471287.625,20786.814453125,27342.7421875,51273.85546875,40508.09765625,4921876.0,451777.0,23980.009765625,30513.6953125,118936.78125,2346166.0,385456.90625,84577.625,52486.359375,2523534.5,821552.5625,710506.8125,79881.453125,149596.015625,612348.0625,1095204.0,1430669.375,5330416.5,633076.875,12974.201171875,89162.7578125,10442.173828125,906162.75,1146015.25,5375241.5,167570.96875,1399404.0,1349725.25,226181.78125,2378346.75,2890833.0,17790.298828125,51291.2734375,334282.09375,1960272.75,164108.421875,64050.7109375,6802806.0,54572780.0,136838.375,1017406.0,91079.9140625,85013.9375
2005-01-01,1942416.125,1847660.0,3796032.25,1303561.5,616222.8125,10727.119140625,1684540.75,47611.05859375,88987.78125,66886.0234375,6341005.0,34687.7109375,13416.5,9211.3896484375,115089.265625,4703907.5,9586.2216796875,22567.158203125,753943.875,27371192.0,1360514.5,1462050.375,14719.125,26885.32421875,132710.265625,41110.24609375,107846.78125,251614.875,822609.4375,252648.75,512547.6875,647551.0625,40794.4375,161758.984375,8537.0146484375,822328.5625,9281866.0,119275.8984375,10165.1142578125,12559612.0,285412.0625,1650414.5,239725.53125,24407.521484375,6332.75146484375,119964.75,82945.6640625,66800.3203125,10938176.0,3067106.75,3871055.25,546426.5625,782691.5625,9811737.0,76336.6796875,26161492.0,159415.75,151684.6875,12958.716796875,125429.609375,55641.5546875,36200.23828125,1535214.375,22472.1484375,26915.216796875,54048.359375,41971.8203125,5358154.0,465850.6875,25496.18359375,31709.0234375,125037.9140625,2458942.0,395918.625,87761.390625,53911.65625,3104679.25,890029.5,765383.0,85934.5,159561.25,638229.1875,1151850.75,1514633.0,6038313.0,692436.75,14506.3203125,92908.9453125,10774.7421875,1013280.75,1189730.625,5863370.5,186947.8125,1346811.5,1523704.75,309474.6875,2482813.5,2983969.75,18233.853515625,62623.19140625,342142.21875,2135293.25,177084.09375,71423.5234375,7368617.0,56084548.0,141058.3125,1076984.625,92065.2421875,81461.1015625
2006-01-01,2015199.875,1943603.125,3904563.75,1423073.5,693602.5,12416.8515625,1895296.625,49375.19140625,92398.5,74642.3515625,6865366.5,37246.02734375,13718.3037109375,9955.912109375,122379.0234375,4961970.0,10080.359375,25655.130859375,807562.1875,30786166.0,1454307.5,1538825.5,14649.9453125,31186.92578125,142918.296875,43821.29296875,122184.0078125,250908.171875,908983.9375,280590.4375,551709.1875,725924.0625,48134.734375,179097.171875,9091.5693359375,892311.6875,10627876.0,120709.9921875,10593.4052734375,13519411.0,313595.40625,1926319.125,264185.625,25851.6875,6376.498046875,125415.7265625,90881.59375,65126.109375,12408432.0,3592198.0,4149306.0,719892.1875,796241.9375,10982284.0,90109.8828125,27380046.0,182666.4375,164669.078125,13530.140625,148039.65625,60799.80078125,38734.98828125,1617473.0,24390.291015625,30695.341796875,57529.421875,45926.65234375,5497678.0,508077.1875,27518.443359375,34690.76171875,134452.765625,2796924.75,417496.5,90719.3203125,56114.62890625,3439547.75,972916.125,845280.6875,93448.359375,171744.265625,666399.75,1238194.125,1717802.25,6566565.5,838496.5625,16298.921875,99222.9140625,11050.4052734375,1107773.25,1276012.875,7409393.0,214789.046875,1544930.125,1829120.5,329448.53125,2643220.0,3166525.5,19385.947265625,74718.296875,365390.40625,2936156.5,196326.140625,82179.7734375,7952257.5,57575360.0,150050.109375,1187281.75,99179.5703125,77878.5546875
2007-01-01,2093990.625,2122912.0,4011221.75,1527604.5,793772.5,14322.59375,2072113.5,51839.8125,95840.8515625,86270.6875,7804723.5,40863.0703125,13726.2890625,11188.7763671875,131760.6875,5201229.5,11215.7861328125,28698.236328125,879533.9375,34234844.0,1557620.875,1637323.125,14186.5234375,41233.11328125,155386.828125,51276.109375,135361.75,242470.328125,950982.75,316561.84375,587196.5,838834.0625,57204.39453125,196871.71875,9885.16796875,936557.375,11748059.0,121265.9765625,11332.984375,14432762.0,362667.6875,2085877.375,289606.71875,27785.77734375,6403.20849609375,130336.9921875,101115.3203125,60027.53125,14209719.0,4459932.5,4478800.0,892386.375,814216.5,11957198.0,106753.3828125,28428452.0,209004.890625,184300.71875,14985.048828125,159162.0625,68628.6171875,40922.3046875,1734060.875,26084.833984375,33696.19921875,62247.38671875,52456.671875,5645394.0,590369.625,30416.708984375,39964.9375,146670.328125,3101583.0,438813.34375,93989.6875,59823.02734375,3752365.25,1031221.9375,942082.6875,104870.7265625,188477.5625,695685.375,1370816.125,1875275.125,7104036.0,951217.9375,18484.681640625,107697.0,11258.3037109375,1221345.75,1440935.75,9000370.0,252956.34375,1751349.5,2030331.75,345627.625,2914744.5,3466151.0,21748.91796875,89864.8046875,408330.40625,3926274.25,234359.859375,100400.7421875,8262530.0,58915348.0,165686.28125,1390071.375,116257.3828125,74808.5546875
2008-01-01,2187859.0,2376886.25,4103322.75,1680926.25,923246.1875,16659.568359375,2321680.25,54668.0546875,103046.6484375,101649.5625,9228204.0,45266.70703125,13707.0966796875,12537.625,145417.515625,5423454.0,13190.6171875,32052.951171875,972020.875,38615260.0,1674417.75,1727380.25,13693.3037109375,55370.91796875,169916.484375,65174.37890625,149738.859375,227824.96875,1084139.25,356517.09375,632001.1875,985953.75,67722.859375,216917.15625,11777.2705078125,1061403.25,12599008.0,121440.1171875,12389.7841796875,15340419.0,436345.78125,2200139.25,314136.625,29468.267578125,6399.04833984375,135279.015625,113121.71875,76494.3984375,16356170.0,5886159.0,4843967.0,919516.75,833481.875,13138308.0,126800.3515625,29375192.0,237563.625,213342.578125,17393.232421875,176191.59375,82462.6875,42569.36328125,1874040.0,28766.91796875,35514.58203125,66848.828125,61888.625,5820374.0,728967.5625,35515.66796875,48871.69921875,161499.140625,3364774.25,455693.53125,97642.609375,66495.1875,4070203.0,1136735.5,1062211.5,119932.859375,210459.15625,736928.625,1553180.125,2018899.375,7639925.0,1168598.625,21310.87890625,118465.4765625,11361.1142578125,1352386.375,1697228.375,9544085.0,303675.78125,1892567.625,2200955.75,361205.40625,3257625.0,3881839.75,25849.98828125,109718.9453125,474007.65625,4189602.0,298558.15625,127278.5703125,9497593.0,59981824.0,189507.5,1694535.625,146844.234375,71386.7734375
2009-01-01,2283222.75,2613996.25,4165311.75,1866909.75,1073205.375,19223.28125,2542678.5,57745.8671875,111134.625,120735.0546875,10984160.0,50589.9453125,13892.421875,13768.666015625,159646.46875,5772290.0,16104.8525390625,35651.44140625,1071191.375,44889324.0,1794422.625,1808657.75,13115.716796875,76124.21875,181430.40625,89613.4765625,158081.890625,211253.21875,1166386.875,379775.8125,673693.5,1134538.75,78934.734375,243269.703125,13830.8701171875,1168303.875,13114625.0,120267.1015625,13665.9482421875,15955237.0,521751.53125,2273093.5,334096.78125,30668.369140625,6366.6298828125,139572.703125,120905.5390625,82302.390625,18727038.0,7931759.0,5182589.5,908745.25,850733.875,14589609.0,147747.953125,29137592.0,269529.6875,250569.1875,20465.361328125,193567.59375,96469.578125,41769.37109375,2018618.875,31648.212890625,37993.25,71604.2890625,74398.6640625,6621237.5,928093.125,41345.32421875,61844.2265625,176727.75,3471822.5,473789.03125,99287.21875,74706.109375,4364709.5,1256184.875,1186201.25,134956.59375,232759.359375,766262.625,1753126.125,2140729.5,7596349.5,1334695.0,23864.7734375,129237.671875,11410.25390625,1487584.25,2020701.5,9909635.0,363694.375,1966380.625,2436002.0,377986.15625,3662129.0,4336606.0,31920.966796875,136372.5625,564087.5,4137168.0,382815.90625,164107.015625,10572135.0,60510716.0,214517.203125,2084092.0,194594.578125,70095.3828125
2010-01-01,2383537.25,2876223.75,4242051.5,1974963.0,1234240.0,22018.025390625,2837414.25,60880.05078125,119854.5859375,141057.265625,12941951.0,56276.9609375,14188.5888671875,15211.4658203125,173100.875,6160939.0,19797.48828125,39622.99609375,1181135.625,52971256.0,1917352.5,1894348.5,12540.6455078125,103686.453125,193022.359375,131729.953125,177294.359375,191146.546875,1285964.875,413638.0,712871.6875,1295128.875,92150.546875,272072.1875,16183.349609375,1193040.875,14135524.0,120440.8203125,14765.0625,16566385.0,609542.3125,2055349.375,351260.78125,32083.57421875,6314.54150390625,142108.46875,129201.203125,65932.296875,21301258.0,10484245.0,5502169.0,1060511.375,868760.875,13689487.0,165457.140625,28888384.0,296564.03125,292411.5625,23870.443359375,196213.5,108695.546875,40431.19140625,2180964.25,35219.078125,44660.234375,76240.6796875,87514.875,7604720.0,1171180.5,48023.6875,76268.9375,193040.484375,4060826.5,492859.0625,100971.375,84232.25,4590715.5,1343597.875,1309229.75,152530.546875,255073.03125,810145.25,1961282.5,2367251.75,7595286.0,1396324.875,26238.888671875,139264.03125,11675.4365234375,1624693.125,2367520.0,10397412.0,431391.46875,2103419.25,2323123.25,397621.5625,4088532.25,4826284.5,39014.71484375,162483.265625,656885.4375,5028106.0,492409.09375,208792.09375,11925180.0,61054648.0,242507.4375,2506466.5,258780.4375,70862.1328125
2011-01-01,2474706.75,3099233.5,4348663.0,2107997.25,1390264.875,24239.46875,2881891.75,63203.62109375,129147.4296875,155429.453125,14173475.0,61479.8515625,14417.865234375,16405.677734375,183661.765625,6584163.5,22662.47265625,44179.77734375,1292031.0,58610924.0,2034451.75,1986112.25,12178.375,124076.890625,203608.296875,166422.734375,175184.421875,176630.359375,1398277.5,443888.1875,756604.1875,1416576.0,108011.9296875,306460.15625,18086.876953125,1236101.25,14813056.0,120726.984375,15259.13671875,17233946.0,678324.8125,1979632.875,367318.25,34759.71875,6297.64453125,146385.640625,139775.25,64544.35546875,23749636.0,12243236.0,5843048.5,1124610.5,894681.125,15249783.0,173689.171875,28615416.0,317451.8125,319778.09375,26041.525390625,218688.953125,117014.3046875,38902.15234375,2325646.0,40688.10546875,46848.65625,79968.203125,96305.4140625,8831396.0,1356419.125,53944.82421875,84842.8984375,206731.28125,4188708.0,515576.84375,103542.3359375,93141.890625,4579608.5,1396886.25,1392917.0,173278.71875,270299.96875,866464.6875,2108260.5,2354295.75,7565399.0,1653617.875,28498.71484375,146880.828125,11890.0859375,1737728.125,2596087.25,10458073.0,489020.71875,2151252.0,2663062.25,412067.6875,4309665.0,5139581.0,44013.87109375,177479.921875,714156.125,5209662.5,580579.875,246805.78125,11398219.0,61672608.0,261827.484375,2741270.5,305255.5,70500.7890625
2012-01-01,2309707.75,3156028.75,4862428.0,2366319.75,1522656.625,25045.96484375,3198966.25,62226.16796875,135574.625,157598.09375,14178964.0,61112.640625,13180.724609375,15899.7978515625,182872.4375,7023822.0,23253.93359375,41049.9453125,1383793.875,61696316.0,2113566.0,1976564.25,11642.4794921875,132704.78125,210644.65625,175984.109375,188410.78125,110790.9609375,1392568.875,470294.0,795891.0,1494905.625,122390.125,309434.625,18563.28515625,1311024.375,14971654.0,109874.4296875,14057.556640625,18135910.0,718719.25,2391202.0,375073.09375,37777.125,6212.99267578125,146716.265625,152746.125,69837.4921875,25450350.0,12729773.0,6046859.5,1190114.5,978570.8125,17351088.0,164516.828125,27965012.0,302758.5,326521.15625,26396.703125,234439.796875,109394.28125,34753.80078125,2460413.25,47954.59375,50218.23828125,83178.1796875,94158.7109375,9095416.0,1416277.875,59805.04296875,81754.8515625,214621.1875,4337546.5,554460.75,107292.7890625,101522.25,3928327.5,1538078.625,1456188.875,203254.484375,266756.25,943863.4375,2111940.5,2471046.5,8102999.0,1796223.625,29684.41015625,147832.171875,12660.4228515625,1796340.0,2610133.0,10755960.0,527837.9375,2295762.0,2795723.25,414588.8125,4257215.0,5215777.0,41973.4921875,140549.03125,642909.125,6185294.0,500709.9375,230774.640625,12555420.0,62435580.0,269012.03125,2743113.75,277846.34375,54658.97265625
2013-01-01,2358042.0,3166597.5,5402774.0,2448908.5,1658249.5,24763.453125,3244034.75,66340.5625,144313.171875,157499.5625,14193205.0,65543.546875,12689.8349609375,15490.8076171875,189430.46875,7443676.0,25260.328125,39674.23046875,1565825.875,65744992.0,2319683.5,1988578.875,12635.7978515625,127841.4140625,214141.234375,179447.671875,196146.09375,198719.28125,1418508.375,495423.90625,847052.1875,1505560.375,131115.203125,309505.78125,20620.765625,1293886.75,15860024.0,115006.046875,12844.83203125,18967340.0,755428.5,2638888.5,367179.53125,36273.0390625,6007.12255859375,145478.1875,161235.703125,75712.1328125,26769776.0,13209200.0,6014899.0,1245708.625,1062166.0,17177918.0,163179.109375,27233254.0,304175.65625,350446.1875,25234.685546875,223653.734375,101638.09375,34044.0703125,2597711.25,45753.12890625,56332.58984375,86002.2109375,91935.9765625,9370242.0,1392401.5,74814.671875,88633.546875,224016.0,4696970.0,598674.625,111279.3046875,102578.890625,3689255.0,1589876.875,1472303.875,236797.171875,264593.40625,1022427.1875,2118068.25,2588537.25,8594315.0,1718680.75,32156.828125,135345.140625,11177.607421875,1867906.0,2668323.0,10506894.0,574935.5,2497897.0,2615295.75,412085.65625,4259246.5,5297230.5,42321.71875,81455.4375,566336.4375,6979871.5,442747.03125,216088.09375,14047743.0,63232888.0,277739.0,2543153.0,267679.90625,59488.9453125
2014-01-01,2459741.0,3204576.25,6004095.0,2550435.0,1828391.625,25140.396484375,3208621.75,67093.828125,156672.71875,161217.109375,14292411.0,62999.296875,13673.9736328125,15984.1162109375,196692.59375,7889558.0,27053.443359375,48228.30859375,1510721.375,68996944.0,2380775.0,2030563.0,12105.263671875,135386.390625,218221.546875,200063.390625,187135.9375,239121.078125,1422894.625,527240.0625,909502.375,1447853.875,142051.71875,360833.125,23197.853515625,1259012.5,16363343.0,134062.265625,12989.6064453125,19777242.0,747934.25,2726219.0,375946.65625,35541.05859375,6057.53173828125,145589.234375,175086.640625,79712.53125,27900644.0,13831938.0,6126217.0,1292371.25,1149322.25,17346422.0,158744.71875,26727054.0,303384.03125,387142.59375,25651.869140625,244216.390625,98218.3203125,29903.859375,2762004.75,47726.16796875,51219.3515625,89491.09375,90234.3125,9726637.0,1337083.625,87260.7421875,93139.4140625,231420.484375,4627473.5,650210.8125,115767.5390625,104313.1015625,3570507.0,1639557.875,1531370.25,280429.40625,262844.0625,1101532.0,2138566.75,2739387.5,9173718.0,1655918.25,33860.67578125,135238.015625,13772.544921875,1924312.5,2727571.5,10877925.0,624534.8125,2481393.5,2807960.75,415161.34375,4259363.5,5367139.0,42508.2109375,74165.5625,497870.0,8251149.0,404925.65625,204043.671875,14052814.0,64124192.0,282334.71875,1803540.875,265958.875,57715.58203125
2015-01-01,2490573.75,3234959.5,5897908.0,2696989.0,1999869.875,24904.53515625,3290149.75,69432.8828125,170339.5,163059.9375,13952505.0,60657.23828125,14103.9013671875,16564.1328125,202993.359375,8333819.0,27770.033203125,49935.7265625,1747525.875,69203256.0,2453276.5,2056294.125,10680.189453125,141854.015625,221008.921875,217906.65625,200722.765625,264619.0,1417751.25,584770.3125,966464.5625,1651674.125,151442.15625,403752.90625,25734.84375,1231949.875,16506730.0,136659.90625,12697.435546875,19994848.0,702460.1875,2679372.75,415737.5,37525.20703125,6061.27880859375,162579.671875,193234.140625,81976.6953125,28751646.0,14473700.0,6275914.5,1329451.375,1127497.25,17921582.0,155404.875,26747970.0,334563.3125,416040.59375,27492.76171875,260022.609375,101635.1484375,26106.306640625,2950856.75,46168.42578125,53031.453125,89373.140625,90822.15625,10208793.0,1401094.375,97425.109375,90935.84375,257135.6875,4641059.5,635209.5,121441.921875,108333.1796875,3288902.5,1644394.875,1590108.25,328832.09375,266320.09375,1188474.25,2206548.75,2708540.0,9639722.0,1632861.25,34737.40625,137906.3125,13871.859375,1976148.75,2753442.0,10962670.0,642643.625,2525695.0,2960074.0,409389.40625,4192868.0,5460709.0,43716.6640625,94797.359375,439830.21875,8913575.0,379280.125,186337.0625,15216962.0,65057780.0,292663.125,1761539.5,263845.90625,61790.62109375
2016-01-01,2414111.75,3183678.0,6006131.5,2797338.25,2188867.75,25698.2578125,3400537.75,72821.15625,181133.046875,163885.3125,13505048.0,66440.2890625,16071.958984375,17551.203125,209305.84375,8527154.0,28443.77734375,59662.515625,1800801.0,70863104.0,2492740.25,2056220.0,11634.6435546875,143572.1875,225579.34375,214802.734375,204635.171875,283186.28125,1506761.0,633909.5625,1031335.125,1711493.25,166433.375,429207.03125,26781.505859375,1265614.625,16967792.0,122252.7734375,11921.8095703125,20227082.0,513163.1875,2568974.25,435768.375,47333.59765625,6078.294921875,155441.609375,210900.6875,88932.65625,29931856.0,15060465.0,6416570.0,1509385.5,1175137.875,19327486.0,151915.875,26883298.0,314469.1875,439421.71875,27445.962890625,269390.21875,95803.4296875,24878.580078125,3118402.5,49717.75,57455.125,91550.4375,90996.734375,10410085.0,1424017.125,98384.515625,84975.890625,270758.9375,4667429.0,662688.3125,127882.3671875,111932.6328125,3066709.0,1670264.0,1590707.5,380372.3125,266002.78125,1266208.125,2293114.25,2950568.25,9949075.0,1594982.0,41274.7734375,136900.25,15344.7314453125,1999486.25,2773613.5,11464666.0,705958.5,2619055.5,3064897.25,405732.125,4114638.0,5411434.5,43350.66015625,85601.8828125,384156.78125,9337857.0,346519.96875,172151.09375,14695208.0,65974044.0,299146.9375,622800.5625,280310.75,64844.19921875
2017-01-01,2305216.75,3316643.5,5693316.5,2802257.0,2399446.0,34193.32421875,3383567.0,74870.328125,198068.0625,166635.9375,13467870.0,72456.3984375,17445.455078125,17652.275390625,225862.46875,8399451.0,31075.3125,45017.23046875,1949156.5,72763856.0,2537193.25,2056162.5,12683.865234375,140316.28125,222963.796875,212095.359375,209223.34375,244157.3125,1549657.875,685135.625,1103712.625,1674008.375,182906.4375,486344.375,26875.4453125,1237802.25,17562928.0,123895.1328125,11217.146484375,20453236.0,395438.9375,2612084.0,431804.375,52778.06640625,6106.13134765625,145149.9375,222287.125,91529.6328125,31536496.0,15823087.0,6689975.5,1580245.875,1146041.625,18760780.0,149549.375,25966408.0,328908.15625,494175.0,25665.919921875,266885.1875,94039.96875,23415.544921875,3306870.5,60989.203125,58251.328125,93609.609375,90862.578125,10602921.0,1432026.625,92678.5234375,76553.2578125,295804.09375,4626151.5,623105.25,132167.015625,120475.3828125,3007462.5,1643297.875,1615617.375,445156.5625,268069.84375,1351102.125,2361577.75,2874240.0,10544942.0,1696858.5,42799.12890625,142157.0,17352.796875,2027497.75,2791243.25,11452465.0,744292.4375,2688589.5,3143936.25,404017.25,4109506.75,5492121.5,44691.94921875,74526.8203125,340798.9375,9267062.0,318138.875,158918.328125,14915072.0,66942704.0,313841.25,230657.3125,275619.0,67627.5546875
2018-01-01,2395167.25,3361086.75,5795477.0,2835065.0,2611485.75,34017.0859375,3436159.75,81024.515625,207563.203125,176225.609375,13554707.0,78750.5703125,18111.234375,18443.583984375,237283.6875,8555011.0,31512.138671875,45990.40625,2009627.25,76566264.0,2561054.5,2122432.5,12774.4609375,140610.109375,230247.171875,232406.4375,211874.421875,258777.09375,1568493.5,727584.0625,1133980.125,1739027.375,188539.578125,556774.125,27670.205078125,1258960.125,17742974.0,125942.0625,11544.3095703125,20650968.0,409933.46875,2587820.25,440240.6875,55215.62109375,6201.8291015625,150407.515625,229545.109375,92903.9140625,33494528.0,16754065.0,6755382.5,1651701.25,1185933.75,18794638.0,150704.96875,25999172.0,344772.5625,516748.78125,26642.5,270810.75,97410.125,23818.279296875,3457181.5,66092.6328125,60102.0,95437.6484375,93840.0625,10782283.0,1479698.875,104576.921875,78457.9609375,320078.84375,4672138.5,639693.0625,134326.40625,124894.421875,3095350.5,1679535.625,1676369.5,486019.25,278483.75,1407059.25,2562218.0,2886604.75,10864304.0,1732949.875,46138.53515625,151695.609375,17538.845703125,2090310.75,2846327.5,11607000.0,784955.375,2716572.5,3187964.75,404443.5625,4170916.25,5555844.0,46150.6875,76976.5859375,346211.0625,9820865.0,354748.84375,170159.203125,15103278.0,68007384.0,315459.3125,224248.515625,289038.21875,68826.765625
2019-01-01,2487455.5,3374818.75,5899093.5,2875460.0,2843306.5,33888.2109375,3496175.75,88006.9453125,215585.53125,186374.640625,13677292.0,86375.109375,18806.5859375,19152.576171875,249906.453125,8721110.0,31822.447265625,47048.18359375,2075795.25,81598696.0,2566180.5,2194572.75,12915.603515625,141415.140625,236104.796875,255208.828125,214205.09375,270620.84375,1594880.0,774569.0,1162897.25,1822150.375,195583.46875,648750.0625,28567.255859375,1281196.625,17987254.0,128428.125,12008.94140625,20907856.0,421221.90625,2565751.25,450848.78125,56857.5390625,6250.89208984375,155952.03125,235830.953125,93710.0,35324128.0,18173848.0,6824485.0,1868599.375,1226272.125,18855820.0,152178.21875,26102878.0,360493.71875,540344.8125,27976.693359375,275867.21875,101824.8984375,24313.984375,3598296.5,72468.1875,62440.5546875,97626.734375,97370.3125,10933570.0,1531663.0,116302.3359375,79837.9453125,345289.0625,4745303.0,656662.875,134578.375,130140.125,3203823.75,1723067.375,1718255.125,524603.125,288482.9375,1466835.0,2753356.25,2913985.5,11164506.0,1805810.25,50998.0703125,161783.9375,17765.373046875,2148978.25,2897706.25,11827519.0,828180.3125,2743785.0,3225664.25,407660.3125,4258739.5,5630091.5,47682.11328125,78186.59375,351555.28125,10235725.0,397482.65625,182602.984375,15302676.0,69059096.0,318946.09375,217905.109375,303724.21875,69588.2421875
