year,Algeria - DZA,Argentina - ARG,Australia - AUS,Austria - AUT,Bangladesh - BGD,Barbados - BRB,Belgium - BEL,Benin - BEN,Bolivia (Plurinational State of) - BOL,Botswana - BWA,Brazil - BRA,Burkina Faso - BFA,Burundi - BDI,Cabo Verde - CPV,Cameroon - CMR,Canada - CAN,Central African Republic - CAF,Chad - TCD,Chile - CHL,China - CHN,"China, Hong Kong SAR - HKG",Colombia - COL,Comoros - COM,Congo - COG,Costa Rica - CRI,Cote d'Ivoire - CIV,Cyprus - CYP,D.R. of the Congo - COD,Denmark - DNK,Dominican Republic - DOM,Ecuador - ECU,Egypt - EGY,El Salvador - SLV,Equatorial Guinea - GNQ,Ethiopia - ETH,Fiji - FJI,Finland - FIN,France - FRA,Gabon - GAB,Gambia - GMB,Germany - DEU,Ghana - GHA,Greece - GRC,Guatemala - GTM,Guinea - GIN,Guinea-Bissau - GNB,Haiti - HTI,Honduras - HND,Iceland - ISL,India - IND,Indonesia - IDN,Iran (Islamic Republic of) - IRN,Ireland - IRL,Israel - ISR,Italy - ITA,Jamaica - JAM,Japan - JPN,Jordan - JOR,Kenya - KEN,Lesotho - LSO,Luxembourg - LUX,Madagascar - MDG,Malawi - MWI,Malaysia - MYS,Mali - MLI,Malta - MLT,Mauritania - MRT,Mauritius - MUS,Mexico - MEX,Morocco - MAR,Mozambique - MOZ,Namibia - NAM,Nepal - NPL,Netherlands - NLD,New Zealand - NZL,Nicaragua - NIC,Niger - NER,Nigeria - NGA,Norway - NOR,Pakistan - PAK,Panama - PAN,Paraguay - PRY,Peru - PER,Philippines - PHL,Portugal - PRT,Republic of Korea - KOR,Romania - ROU,Rwanda - RWA,Senegal - SEN,Seychelles - SYC,Singapore - SGP,South Africa - ZAF,Spain - ESP,Sri Lanka - LKA,Sweden - SWE,Switzerland - CHE,Syrian Arab Republic - SYR,Taiwan - TWN,Thailand - THA,Togo - TGO,Trinidad and Tobago - TTO,Tunisia - TUN,Turkey - TUR,U.R. of Tanzania: Mainland - TZA,Uganda - UGA,United Kingdom - GBR,United States - USA,Uruguay - URY,Venezuela (Bolivarian Republic of) - VEN,Zambia - ZMB,Zimbabwe - ZWE
1960-01-01,64907.4140625,64586.85546875,165522.125,73102.203125,86842.328125,2106.6396484375,103177.21875,3628.232177734375,5243.431640625,256.86456298828125,166115.375,4611.294921875,1893.712646484375,235.21807861328125,8181.74658203125,270540.8125,1966.6435546875,4255.072265625,43206.3671875,665814.4375,13122.708984375,60783.37890625,310.4042663574219,1050.1044921875,6606.51513671875,6419.474609375,2399.430419921875,40898.91015625,62302.44921875,8346.703125,19491.28125,18857.181640625,2023.9930419921875,342.76629638671875,11642.1435546875,1085.8720703125,44671.515625,520538.0,1439.09716796875,922.7305297851562,817614.8125,32099.240234375,42665.2734375,10695.37109375,10676.314453125,608.7445678710938,5511.03369140625,4286.3984375,2095.53466796875,518490.5625,99623.15625,58223.91015625,20099.369140625,18513.306640625,394602.03125,8421.7626953125,549352.875,2654.3271484375,14903.8330078125,671.3802490234375,6799.88134765625,8179.51904296875,3148.355712890625,24887.18359375,2910.73486328125,756.651611328125,1866.3558349609375,2609.41064453125,242710.671875,18464.9375,4532.89501953125,2922.863037109375,7620.97802734375,141269.703125,34262.234375,8444.423828125,6745.0517578125,88922.9375,44396.9921875,56002.859375,3366.0302734375,4078.937744140625,28473.6328125,53680.23046875,39466.0546875,32225.40234375,26866.716796875,2956.3759765625,9237.3271484375,235.0466766357422,4737.58740234375,107653.4375,194625.09375,29498.73046875,107617.2578125,128032.1171875,9130.609375,26181.177734375,33300.8359375,1770.6005859375,6508.34814453125,6750.541015625,139503.9375,11691.6962890625,6142.86767578125,663360.125,3565274.75,19400.33203125,60649.1796875,8869.9140625,9289.72265625
1961-01-01,57718.234375,67937.0625,168795.890625,77483.1484375,87803.96875,2180.712890625,107528.828125,3719.30224609375,5561.92333984375,277.6058349609375,187716.6875,4519.51220703125,1651.328125,278.26861572265625,8525.8251953125,280279.09375,2134.53564453125,4498.3544921875,42329.53515625,568989.5,13902.55859375,64547.65625,334.83782958984375,1106.4139404296875,6585.78662109375,6555.078125,2660.62109375,35979.15625,66079.1640625,8219.240234375,20323.6484375,19916.5703125,2096.868408203125,354.3926086425781,12230.8916015625,1115.8765869140625,48764.92578125,544613.5625,1538.1229248046875,864.6339721679688,845030.25,30390.63671875,48486.90234375,11163.8095703125,11218.4189453125,620.1793212890625,5128.99658203125,4559.95458984375,2216.967529296875,540371.3125,102280.1015625,60083.68359375,21198.587890625,20969.37109375,428000.46875,8822.966796875,608256.0625,3097.80712890625,15119.9228515625,680.8646240234375,6719.21826171875,8611.6171875,3245.246337890625,24925.767578125,2921.15478515625,779.8743286132812,1898.3338623046875,3075.948974609375,250343.390625,23311.796875,4645.5625,2928.427734375,7693.90869140625,145545.28125,36132.171875,9135.4765625,7235.51953125,90430.625,47046.0625,58796.734375,3778.102294921875,4326.19970703125,30320.306640625,55633.93359375,41813.203125,34096.015625,29747.912109375,2859.7998046875,9572.9609375,235.1136474609375,5088.74951171875,111910.6328125,217137.1875,29460.451171875,113228.359375,137339.203125,9960.81640625,28737.40234375,35721.0,1926.9171142578125,7701.126953125,7382.03271484375,142074.03125,11963.0791015625,6283.4638671875,682126.3125,3655125.0,19783.23046875,61614.22265625,8708.9462890625,9850.138671875
1962-01-01,44648.9765625,64804.49609375,178033.1875,79760.7890625,93662.2890625,2271.676025390625,112872.4375,3581.5205078125,5722.02587890625,299.2867126464844,199688.1875,4895.80224609375,1800.4635009765625,234.99090576171875,8468.6494140625,297372.375,2146.125732421875,5163.37939453125,52601.2890625,619425.4375,15923.46484375,67716.6796875,394.2585144042969,1281.8175048828125,7057.986328125,6920.4208984375,3093.271728515625,44598.58203125,69688.875,10243.708984375,21136.669921875,21056.982421875,2316.668701171875,363.4481201171875,12687.7109375,1134.19677734375,49290.234375,578636.1875,1730.8812255859375,873.95751953125,874200.75,30728.744140625,47645.0859375,11629.1025390625,11582.171875,615.6055908203125,5634.623046875,4840.515625,2285.782470703125,562808.9375,112143.375,62651.6640625,21845.10546875,21880.98046875,451894.6875,8768.3486328125,665346.875,3244.02880859375,16165.3916015625,785.4224243164062,6503.0419921875,9056.2626953125,3326.654541015625,26037.76953125,2912.5048828125,758.6619262695312,2106.406005859375,3332.26025390625,260571.328125,26461.08984375,5055.33984375,3328.826904296875,7933.43310546875,153163.0,37373.6875,10300.21484375,7950.23583984375,93956.21875,48185.359375,62312.5859375,4126.97265625,4475.1875,33062.80859375,59348.36328125,44985.23828125,34559.05078125,32597.521484375,3161.49609375,9542.78515625,247.483154296875,5543.7138671875,116383.0390625,238131.546875,31646.62109375,116884.3125,143518.8125,12365.5732421875,31236.908203125,37309.19921875,1967.673095703125,7600.25146484375,7476.31982421875,150525.703125,13172.083984375,6449.0234375,691715.375,3871828.25,20229.1484375,64192.30859375,8521.92578125,9796.626953125
1963-01-01,54245.125,64030.20703125,192960.875,83190.8515625,99034.2890625,2394.91015625,116546.265625,3754.589111328125,6083.212890625,314.86444091796875,212458.375,4720.42724609375,1846.689453125,194.927978515625,9040.29296875,311390.40625,2019.90087890625,4708.66650390625,55472.2421875,694502.25,18642.025390625,69532.25,436.4629211425781,1373.953125,7452.17236328125,8097.2255859375,3147.928466796875,44885.77734375,71010.890625,10943.5146484375,21509.685546875,22818.173828125,2381.9658203125,476.874755859375,13018.6650390625,1356.15673828125,50422.484375,615059.625,2091.67236328125,918.9022216796875,893475.75,33478.203125,53827.0234375,12437.486328125,12707.419921875,679.803955078125,5596.048828125,4972.349609375,2561.999755859375,599736.875,108146.390625,64708.578125,22776.505859375,24374.416015625,475479.53125,9747.251953125,721813.6875,3385.508544921875,16499.833984375,867.0726318359375,6642.65966796875,9109.037109375,3376.611328125,26961.3828125,3077.18017578125,755.544921875,2005.2138671875,4075.36767578125,284113.28125,30865.962890625,5181.32373046875,3573.31103515625,7966.3818359375,160041.078125,40495.08984375,11203.271484375,8690.7373046875,99065.6640625,49739.234375,66066.1640625,4469.7470703125,4712.92626953125,34961.9375,62974.85546875,47731.84375,39053.94140625,35249.609375,2818.130126953125,9714.7509765625,271.0499572753906,6161.19970703125,124151.9140625,260323.0625,30372.01171875,122632.46875,150510.875,9983.8388671875,35261.3359375,39596.50390625,2109.13916015625,8612.59375,8188.12255859375,164309.703125,14299.091796875,6673.02392578125,715870.5625,4032528.0,19596.26953125,68568.1015625,8975.8583984375,10002.8544921875
1964-01-01,57766.5234375,68091.3359375,201304.15625,87125.7578125,98087.4921875,2326.49462890625,124962.3828125,3981.113037109375,6565.615234375,337.7986145019531,223247.75,4950.87744140625,1894.96044921875,210.6665496826172,9353.0810546875,332375.96875,2124.700927734375,4734.00927734375,56600.56640625,781582.5625,20287.609375,75668.84375,487.8291320800781,1463.8587646484375,7887.7080078125,9667.6083984375,2750.832763671875,42122.5078125,77169.46875,11475.7607421875,23107.970703125,25811.46484375,2576.797607421875,455.39691162109375,13929.4072265625,1548.3963623046875,52984.609375,656693.5625,2309.23046875,1020.3558349609375,959986.8125,36332.58984375,57704.34375,12985.484375,11564.990234375,701.4238891601562,5630.64501953125,5322.77978515625,2949.263671875,641709.5625,108365.359375,66267.5,23792.12890625,26825.302734375,488026.65625,9975.0712890625,805009.25,3946.957763671875,17825.81640625,932.1842041015625,7178.05517578125,9253.58203125,3354.83984375,28534.759765625,2578.9296875,765.92333984375,2801.203125,4288.48974609375,320585.0625,32987.96484375,5373.04541015625,4111.65234375,8686.5771484375,172117.15625,42538.2734375,12582.9619140625,8503.0390625,99550.9296875,53122.7421875,70777.1171875,4693.70703125,4884.8681640625,38198.828125,63630.49609375,48936.32421875,42246.89453125,37377.85546875,2485.509033203125,10049.583984375,298.4494323730469,5982.025390625,132807.375,273276.21875,31445.712890625,130769.7578125,159688.0,14200.4873046875,40373.515625,43095.5546875,2422.419677734375,8911.8466796875,8262.2021484375,171014.453125,16445.197265625,7619.10888671875,757224.9375,4261044.5,20407.58203125,75796.1953125,10461.189453125,9683.40625
1965-01-01,62904.46484375,78441.234375,204371.859375,90165.546875,96455.4453125,2348.123779296875,130304.6328125,4312.05322265625,7283.34130859375,322.3299865722656,239173.640625,4934.171875,1954.603515625,221.2762908935547,9791.19140625,354856.875,2151.379638671875,4992.189453125,57027.7734375,862648.4375,23669.94921875,75479.2890625,490.7569580078125,1494.4974365234375,8497.1787109375,8694.91796875,3508.20068359375,45552.65234375,80935.5859375,10108.5546875,23797.595703125,26947.97265625,2765.21337890625,414.5051574707031,14921.4375,1245.4530029296875,56626.12109375,687931.1875,2609.88818359375,1141.715087890625,1007783.5,35007.93359375,63931.125,13392.7216796875,12013.6865234375,723.9376831054688,5606.43798828125,5736.5126953125,3288.5107421875,630898.875,107266.2734375,73976.1015625,24136.7421875,27429.150390625,502074.5625,10125.51953125,858976.4375,4409.75537109375,18520.708984375,942.927001953125,7324.5302734375,9122.1953125,3891.841064453125,31236.966796875,2776.10693359375,808.9194946289062,3285.38623046875,3803.776123046875,337554.28125,32654.69921875,5446.84326171875,4356.099609375,8582.845703125,185432.765625,44945.2734375,14171.30078125,8859.8046875,111033.7109375,56349.4375,77306.7890625,5150.69091796875,5196.4140625,39998.7265625,66840.4296875,52084.42578125,44363.46484375,41190.4921875,2633.21630859375,10009.0615234375,277.8349914550781,6516.6572265625,139267.78125,288814.21875,32385.185546875,136135.8125,164299.84375,14322.1689453125,44490.2734375,47779.0859375,2738.3505859375,8134.39501953125,8581.9072265625,175136.734375,16498.82421875,7610.09716796875,779325.1875,4547274.0,20215.123046875,77811.7265625,11253.1796875,10683.8046875
1966-01-01,55905.02734375,77970.3671875,217996.5,94825.7265625,97876.34375,2463.453857421875,134631.0,4454.5478515625,7713.0927734375,343.24664306640625,249475.25,4985.98486328125,1985.0460205078125,279.8866271972656,10282.6640625,378483.65625,2166.43310546875,4770.92626953125,63108.7109375,888646.5625,24697.73046875,79102.3359375,553.2833862304688,1488.75,9093.7998046875,9793.07421875,3744.2119140625,52340.18359375,83691.875,10984.0625,24630.357421875,28058.404296875,2945.525634765625,481.8141174316406,15418.802734375,1294.5330810546875,58220.6875,725656.0,2365.59326171875,1173.7545166015625,1038705.125,35022.5546875,69247.1328125,14089.5966796875,11980.1962890625,662.7827758789062,5650.44677734375,5882.5068359375,3540.430419921875,629057.75,101856.765625,80326.1796875,24780.4375,30386.33984375,531015.1875,10644.7978515625,948222.375,4526.43408203125,20453.470703125,973.2557983398438,7364.98779296875,9635.1728515625,4423.2197265625,32870.21875,2844.7470703125,893.6572265625,3288.822265625,4018.4345703125,358380.65625,31766.35546875,5600.38720703125,4571.3984375,9201.869140625,192782.890625,47766.2890625,14070.7177734375,8734.396484375,111124.8671875,58702.87890625,86998.90625,5534.88525390625,5305.19873046875,43483.50390625,70293.8359375,53352.171875,50173.07421875,43580.546875,2821.3203125,10401.857421875,265.8471984863281,7359.0791015625,146179.484375,312978.46875,33379.640625,139125.828125,168774.3125,12857.8046875,49003.52734375,54483.81640625,3079.326416015625,9469.2607421875,8994.0439453125,199207.421875,17883.986328125,8119.95654296875,799290.125,4850595.0,21204.822265625,78133.1875,14165.220703125,10259.2353515625
1967-01-01,64705.94921875,81752.4765625,227025.796875,98172.109375,95862.7421875,2794.4697265625,139972.0,4641.55615234375,8158.0068359375,396.9521179199219,270892.65625,5508.796875,2237.635009765625,311.56280517578125,9287.6875,390318.5625,2029.7166748046875,4636.962890625,66546.4453125,917839.5625,26140.814453125,82616.484375,615.2503662109375,1532.1917724609375,9572.5458984375,10372.103515625,4110.310546875,48803.5703125,88681.78125,11284.7197265625,26570.025390625,29269.9921875,3122.758056640625,522.4583740234375,15660.3564453125,1385.4078369140625,59499.81640625,763436.875,2712.51220703125,1195.9547119140625,1033708.125,32873.984375,73214.90625,14566.9189453125,12067.9111328125,755.4530639648438,5624.70068359375,6174.69580078125,3473.95751953125,680872.3125,108057.3125,88371.0,26557.548828125,29717.56640625,571532.6875,10751.4052734375,1049559.375,5342.0576171875,21341.5546875,1079.558837890625,7505.13037109375,10142.583984375,4573.99072265625,33145.3359375,2972.109619140625,953.6797485351562,3656.214599609375,4112.30322265625,377749.0625,32952.4375,6189.76806640625,4414.14013671875,9075.9482421875,205322.1875,44787.7109375,15045.0703125,8885.4208984375,95686.1171875,63184.76171875,88839.828125,6097.58642578125,5714.83056640625,45799.9140625,72657.890625,57137.23046875,53322.8046875,48627.6875,3056.99365234375,10418.048828125,279.94696044921875,8376.6845703125,157908.203125,331830.75,34248.03515625,144153.546875,175197.59375,14824.4873046875,55299.203125,56769.3984375,3231.82861328125,10365.9912109375,9073.9072265625,207922.734375,18943.744140625,8007.13916015625,821449.4375,4988774.0,20498.33203125,80606.015625,15720.9892578125,10499.05078125
1968-01-01,69923.53125,84158.703125,245552.84375,102891.5234375,98591.6015625,2865.50634765625,146026.609375,5102.94580078125,7336.67236328125,469.273681640625,298925.65625,5656.23388671875,2251.3662109375,348.3846740722656,9880.78515625,408864.15625,2493.047607421875,4648.7978515625,69925.7109375,893585.125,27887.892578125,87699.15625,609.7435302734375,1663.4796142578125,10174.23828125,12010.6171875,4271.345703125,52555.6796875,93825.828125,11316.3916015625,27970.025390625,32496.236328125,3142.727783203125,588.9568481445312,16418.4140625,1545.65771484375,62073.5,797888.8125,2741.841064453125,1226.5343017578125,1094570.125,33722.9609375,77965.21875,15736.759765625,12178.76171875,790.87353515625,5784.66259765625,6636.97021484375,3164.5,715490.25,117718.1796875,97145.4375,28453.52734375,31030.55078125,609228.1875,10639.4404296875,1183959.5,5735.9560546875,21320.26953125,1087.8580322265625,7971.71435546875,11079.58984375,4709.845703125,34147.92578125,3385.632080078125,1040.6375732421875,4227.10693359375,3470.945556640625,409380.96875,35330.5546875,6616.99755859375,4551.40234375,9121.8466796875,222965.265625,44505.921875,15559.5576171875,9098.025390625,95767.71875,65942.59375,94307.2734375,6538.5830078125,5973.171875,46932.78515625,77856.1953125,66831.046875,59680.84375,52263.57421875,3260.8212890625,10138.427734375,339.338623046875,9622.1884765625,165443.046875,355410.25,37444.27734375,149735.375,182403.828125,15512.2705078125,61793.390625,60582.3359375,3402.700439453125,10805.7216796875,9929.9306640625,222366.640625,20461.294921875,8390.3564453125,852906.4375,5243028.5,20886.9609375,89523.34375,16561.453125,9873.7734375
1969-01-01,75957.0,91175.359375,264196.0,107791.8203125,102148.2734375,3204.07080078125,156469.5,5297.46728515625,7631.96240234375,473.2658996582031,304896.625,5701.115234375,2135.20166015625,377.74560546875,10641.2783203125,429272.84375,2499.597412109375,4689.0751953125,74848.03125,981997.6875,31058.1796875,93516.1640625,593.0160522460938,1799.35791015625,10708.9892578125,13554.16015625,4804.2880859375,58752.15234375,100991.015625,12475.0517578125,28650.697265625,34973.4921875,3235.83251953125,616.9769897460938,17648.265625,1624.7486572265625,68794.6328125,855988.0,2912.2333984375,1226.195068359375,1181522.75,36466.5703125,87094.2265625,16557.095703125,11899.775390625,884.8458862304688,5941.00048828125,6585.43505859375,3248.4619140625,793002.25,115195.078125,101644.3671875,30014.1640625,35911.81640625,648254.1875,11069.310546875,1329013.625,5594.1201171875,22607.6796875,1100.3955078125,9079.03125,11511.310546875,5080.24072265625,37486.875,3481.798095703125,1149.26123046875,3965.3232421875,3563.19873046875,424846.59375,39392.703125,6992.6357421875,4814.10498046875,9581.4208984375,234327.703125,49272.44921875,16292.201171875,8302.92578125,118797.03125,68023.53125,101689.953125,7130.51220703125,6298.4267578125,49488.8125,82470.296875,69534.265625,68489.859375,56018.4296875,3602.71533203125,9021.1318359375,296.3672180175781,11040.0263671875,177347.328125,388359.59375,39011.65625,157704.703125,191717.3125,18959.17578125,69170.3515625,66643.328125,3737.06982421875,11122.3916015625,10288.71484375,233244.078125,21522.4765625,8966.9609375,870502.3125,5407466.0,22316.158203125,93977.34375,19162.162109375,12451.259765625
1970-01-01,86291.125,92712.234375,272997.25,114248.0546875,109554.40625,3511.11669921875,166533.203125,5777.435546875,7973.109375,580.787353515625,348495.90625,5410.68212890625,2659.548583984375,431.0437316894531,10974.03125,439377.09375,2625.6455078125,4983.63037109375,74805.71875,1098845.625,33841.71875,101364.0,652.1458740234375,1950.85888671875,11643.60546875,15078.8408203125,4901.5361328125,58237.0078125,103103.1484375,14591.0361328125,31032.505859375,39654.91015625,3531.01806640625,497.730224609375,17395.34765625,1816.1451416015625,74868.3359375,908321.0625,3380.228515625,1389.169921875,1264814.375,40511.19140625,95303.9296875,17793.525390625,11388.9228515625,972.3779907226562,6232.47021484375,6661.71533203125,3564.693115234375,805672.5625,127219.78125,112511.7421875,30461.271484375,40297.96484375,740623.5,12700.3994140625,1476902.0,5014.79248046875,21617.900390625,1106.69775390625,9729.1572265625,12371.9853515625,5318.4638671875,39379.8359375,3741.1484375,1248.0045166015625,4482.7255859375,3943.2451171875,451218.8125,37183.2109375,6923.72119140625,4985.6015625,10070.501953125,248752.46875,47612.80078125,16666.44921875,8655.927734375,163384.28125,70945.671875,110881.984375,8303.11328125,6803.40380859375,52897.28125,88129.375,73328.84375,74945.875,59792.04296875,3826.158203125,10006.3720703125,381.9549255371094,12513.265625,185980.96875,404800.8125,40933.8359375,169570.3125,203089.046875,20408.24609375,79180.203125,90346.9921875,3790.1259765625,10527.5302734375,13460.8837890625,249032.046875,23426.064453125,10631.3486328125,896192.4375,5413544.0,23966.962890625,106772.0859375,15843.7626953125,15178.54296875
1971-01-01,84672.7109375,96671.0546875,281414.625,119990.7421875,106466.625,3650.1572265625,172284.703125,5940.58447265625,8419.294921875,729.1971435546875,388091.84375,4995.34716796875,2680.3076171875,455.2763671875,10984.4736328125,460520.875,2548.720947265625,5092.09375,82607.3828125,1209572.0,37154.08203125,111453.3359375,682.6978759765625,2079.361572265625,11948.8662109375,14972.5458984375,5375.4970703125,56405.9453125,105669.1328125,15897.955078125,32670.68359375,40483.49609375,3554.3076171875,552.4581298828125,18118.69140625,1948.3486328125,76269.59375,964117.4375,3773.385498046875,1378.950927734375,1314419.375,41455.16796875,102847.3828125,18281.314453125,11935.1318359375,946.1211547851562,6307.7353515625,6709.232421875,4365.35400390625,838144.0625,135771.96875,129974.203125,31796.873046875,45098.88671875,759016.0,13090.6318359375,1578631.25,4997.02880859375,23202.134765625,985.1419067382812,9328.029296875,12788.474609375,6032.72607421875,46590.2578125,3812.519287109375,1320.4287109375,4543.2724609375,4050.705078125,470761.96875,39332.64453125,7412.30419921875,5246.10107421875,9858.09765625,262260.0,50748.43359375,17272.388671875,9049.916015625,179578.0625,75129.96875,113080.03125,9275.2060546875,7216.39306640625,54550.90234375,92969.0234375,79046.8828125,87696.1796875,67700.4453125,3843.359375,9970.24609375,445.88287353515625,14421.5595703125,188829.515625,425416.75,41038.09375,170781.140625,213552.4375,22619.6640625,90929.25,93780.2890625,3994.079345703125,10185.876953125,14623.966796875,254254.34375,24709.63671875,9982.3486328125,912980.375,5591324.5,24090.466796875,104464.7890625,12860.9375,16562.025390625
1972-01-01,96268.21875,98548.6328125,294774.1875,127493.4375,100050.546875,3620.2783203125,183618.359375,6030.46826171875,8561.658203125,909.125732421875,434479.78125,6131.94775390625,2438.1689453125,465.93463134765625,11548.66015625,487712.53125,2490.414306640625,4673.79638671875,81678.34375,1173206.125,41532.70703125,123222.25,699.2527465820312,2175.06640625,12777.4423828125,15584.0625,5684.14501953125,53470.6953125,110397.28125,17479.431640625,32977.78515625,43162.00390625,3777.427490234375,532.4752807617188,19005.85546875,2104.782958984375,81161.421875,1018262.4375,3649.52294921875,1397.6326904296875,1379408.625,35703.6171875,112992.4609375,19370.6875,12134.58984375,1007.0684204101562,6326.29296875,7143.80908203125,4346.96435546875,868861.625,149292.03125,146964.671875,34770.7890625,50195.1640625,798198.0625,14354.5810546875,1725236.375,5293.7861328125,25075.875,1180.9700927734375,9947.806640625,12538.4677734375,6613.4609375,48607.2734375,3323.204345703125,1429.211669921875,4687.48583984375,4350.04248046875,508222.09375,40228.00390625,7738.0390625,5337.78125,10152.90234375,274047.0625,55157.359375,17448.34375,8767.2490234375,193676.28125,77915.953125,116185.140625,9844.23828125,7740.0703125,55445.9296875,97141.953125,85605.546875,99904.90625,75162.4609375,3977.51416015625,10332.5458984375,477.39788818359375,16560.869140625,197104.890625,460887.3125,42026.265625,174428.015625,221711.78125,27853.955078125,105468.71875,98793.3359375,4051.510009765625,11119.494140625,17209.55859375,276239.1875,26281.283203125,11559.328125,943061.0625,5882464.5,23458.4296875,107931.9296875,13989.8427734375,18563.60546875
1973-01-01,104614.171875,103579.890625,309481.5625,134347.625,83068.171875,3759.046875,197204.3125,6429.185546875,9049.44921875,1111.4073486328125,495177.5,5711.8056640625,2654.3056640625,472.83758544921875,12179.134765625,528119.0625,2661.611572265625,4314.0966796875,78828.8203125,1271536.125,45930.21875,136761.734375,749.491943359375,2226.0791015625,13589.9521484375,16933.40625,5624.111328125,60638.1640625,115883.390625,19279.5625,35644.56640625,43350.4453125,4028.065185546875,541.67822265625,19415.697265625,2339.4736328125,87161.171875,1091705.875,4179.82275390625,1512.8890380859375,1446049.375,40416.88671875,121513.3046875,20526.03125,12231.5869140625,1024.279541015625,6695.7373046875,7689.44580078125,4965.22509765625,911825.5,171075.96875,178281.21875,37268.97265625,54173.30078125,849449.4375,14474.744140625,1857080.0,5019.927734375,25508.384765625,1446.9197998046875,11291.8291015625,12070.234375,6363.83349609375,58173.12890625,3375.05126953125,1522.8433837890625,4577.474609375,4466.40576171875,547386.875,41317.66015625,8052.048828125,5521.10302734375,9981.552734375,294126.875,60309.47265625,18838.541015625,7397.98876953125,235919.390625,82470.3046875,121890.015625,10224.2763671875,8278.2158203125,60804.40234375,108312.8671875,94468.8671875,121375.859375,82282.84375,4116.9580078125,9683.9970703125,516.5030517578125,18205.728515625,225186.53125,493709.15625,44774.0859375,180530.921875,227189.953125,25292.962890625,118726.9375,109721.484375,3981.58154296875,12167.8828125,17282.51953125,289019.625,28113.267578125,12032.5380859375,985722.875,6200566.5,24240.357421875,121393.9609375,15498.9189453125,19362.9140625
1974-01-01,150862.75,108946.5703125,301245.53125,138556.25,83477.3671875,3568.626953125,206207.125,6568.75537109375,10574.8505859375,1246.992431640625,528817.4375,5996.71630859375,2611.21826171875,491.61187744140625,12326.0888671875,563501.8125,2474.184814453125,4986.37158203125,77450.109375,1295690.875,45302.43359375,147653.671875,783.2328491210938,2823.058837890625,13354.6708984375,18844.779296875,4234.88671875,65680.6015625,112217.59375,21460.708984375,44593.19140625,48014.5859375,3996.82177734375,554.0271606445312,19792.5859375,2575.55078125,91157.1953125,1129199.5,5616.6396484375,1612.702392578125,1465079.25,45331.21484375,114383.171875,21087.94921875,12887.26953125,1077.3453369140625,7272.046875,7346.77685546875,5385.4033203125,902384.0625,204595.234375,264712.40625,35734.8984375,57358.36328125,896115.5625,14131.7705078125,1831146.75,5054.90185546875,27811.8515625,1442.6407470703125,12584.705078125,11877.8134765625,6808.18115234375,64135.75390625,3222.04833984375,1563.6722412109375,5175.82421875,4823.349609375,587062.1875,45776.7265625,8581.7890625,5985.18994140625,10663.87109375,309638.15625,59635.58984375,21484.4296875,8473.185546875,267703.5,86119.25,125309.75,10263.8134765625,8771.5400390625,65883.8515625,112189.3828125,94467.3984375,138945.953125,92392.2578125,4202.4248046875,10724.3876953125,537.0941162109375,19704.36328125,241496.171875,510766.28125,45789.6640625,184832.390625,231181.53125,32600.1796875,117736.9140625,112622.6328125,5238.8349609375,16546.697265625,19593.8515625,325589.15625,29327.33984375,11248.0205078125,932858.25,6143633.0,23768.814453125,134297.28125,14900.60546875,21457.771484375
1975-01-01,146541.515625,107702.21875,303961.0,140016.703125,79796.7265625,3918.171630859375,203372.421875,5676.728515625,10300.962890625,1381.947509765625,556854.4375,5986.68798828125,2535.95068359375,414.23553466796875,12658.5869140625,572057.8125,2407.263916015625,5757.0263671875,62233.36328125,1361600.25,47485.9609375,157131.671875,842.6327514648438,2759.54345703125,14218.421875,18553.25,3425.49169921875,51092.57421875,111762.6953125,23735.8203125,48436.828125,50026.67578125,4150.56103515625,639.4532470703125,20395.451171875,2840.7177734375,91635.046875,1140165.125,5730.04541015625,1700.818603515625,1481839.125,41015.921875,120932.7265625,21656.025390625,13242.2294921875,1172.319091796875,7390.79443359375,7485.50830078125,5201.13330078125,992974.1875,209337.765625,273987.46875,37257.0,59376.79296875,893901.6875,14554.2744140625,1914896.375,4885.912109375,27312.482421875,1416.9332275390625,10506.83984375,11793.0908203125,7129.59619140625,60549.3984375,3532.1806640625,2159.1220703125,5740.1611328125,4678.3359375,622243.6875,47324.37109375,8758.29296875,6131.2421875,10651.3525390625,316049.125,56834.2578125,19638.603515625,7532.3798828125,279176.25,88704.9609375,127035.6015625,10412.9423828125,8926.064453125,66064.65625,118864.484375,88992.640625,160585.421875,101903.765625,4253.0927734375,11212.5087890625,565.5762329101562,21020.298828125,240079.15625,519908.78125,44174.9140625,195044.890625,214741.171875,37668.2421875,122476.8671875,116735.5859375,4419.90869140625,17136.24609375,20588.744140625,350612.625,31750.033203125,11604.9873046875,934464.5,6136286.0,24395.212890625,133320.796875,12722.39453125,20988.01171875
1976-01-01,157276.140625,106125.5859375,315166.5625,143714.046875,90374.078125,3068.52197265625,215725.703125,5911.84130859375,10935.962890625,1531.3475341796875,608347.5,6067.06494140625,2980.267333984375,418.06500244140625,12131.38671875,605065.75,2437.726318359375,5742.6201171875,66306.9609375,1307894.75,55591.02734375,168859.546875,839.4727172851562,2889.848388671875,15803.6953125,22031.689453125,4332.32177734375,45983.53515625,119161.2890625,23139.908203125,52402.01171875,51421.05859375,4804.73681640625,654.1695556640625,21097.6953125,2836.7763671875,90978.5546875,1191442.25,6933.75146484375,1663.086181640625,1551972.375,36687.72265625,128176.296875,22855.029296875,14249.7041015625,1260.9534912109375,8693.3017578125,8923.697265625,5276.21875,984530.875,224339.9375,287974.25,39224.66796875,59683.9765625,971164.6875,13495.83984375,2023904.625,5591.13232421875,28365.69921875,1419.2059326171875,11114.8720703125,11986.427734375,7306.9365234375,72361.6796875,4079.681396484375,2523.00439453125,6227.43017578125,5863.52587890625,655519.625,50703.1328125,9250.427734375,6169.44775390625,11069.7587890625,330989.15625,58452.8515625,22485.275390625,8080.73046875,289633.84375,91658.859375,135216.859375,10468.0302734375,9895.548828125,67308.1484375,126509.4609375,93737.7421875,181192.65625,116066.3828125,4986.9755859375,11897.7646484375,626.4435424804688,22288.208984375,236959.90625,542846.625,42618.1171875,195606.8125,213416.8125,33199.3984375,144421.546875,128281.984375,4325.75634765625,19135.478515625,21370.69921875,389500.625,34664.0703125,12465.0576171875,973190.9375,6472004.0,24821.939453125,143855.078125,13734.521484375,20999.2109375
1977-01-01,171347.859375,110429.0859375,317372.59375,149694.234375,95140.0859375,3126.380126953125,220143.46875,5693.8388671875,11552.3681640625,1671.4193115234375,629052.25,6651.712890625,3579.607177734375,396.7250061035156,13996.8603515625,618154.0625,2576.7978515625,5486.5224609375,70514.0703125,1403833.5,61898.375,179484.890625,873.5454711914062,2892.58056640625,18195.99609375,25057.142578125,5251.341796875,48607.44140625,121875.96875,24292.876953125,55163.78515625,54608.73046875,5659.173828125,702.679931640625,21470.783203125,3009.85400390625,89735.296875,1235556.125,6738.60888671875,1690.5711669921875,1609351.75,42664.0390625,131706.0,25870.15625,13797.8828125,1070.2762451171875,8831.068359375,10361.576171875,6084.8359375,983377.1875,250313.59375,265490.59375,42819.1953125,59972.0859375,1025119.6875,12926.4375,2153385.5,6177.51513671875,33162.7734375,1715.4188232421875,10828.4228515625,12209.056640625,7404.68505859375,78723.640625,4308.38330078125,2728.69970703125,6107.15087890625,5975.3515625,680556.4375,51867.7265625,9185.193359375,6265.3203125,11392.7666015625,338652.46875,56742.14453125,25809.20703125,8978.7763671875,325563.9375,94216.390625,139875.578125,10358.9013671875,11301.9482421875,67502.6640625,133131.484375,98883.0703125,199682.421875,124380.96875,5335.93603515625,12092.9228515625,722.5263671875,23897.8046875,236699.484375,566057.375,42239.86328125,188594.6875,215904.96875,28487.306640625,158346.234375,140358.234375,5198.43798828125,20032.962890625,22480.02734375,382784.53125,33750.515625,12858.4052734375,1022499.875,6764708.5,24418.10546875,149679.46875,11286.341796875,18867.0546875
1978-01-01,185516.125,106909.109375,332639.25,149462.4375,97490.515625,3068.801513671875,228152.828125,5903.62158203125,11226.958984375,1760.5716552734375,647242.9375,7344.12744140625,3352.424560546875,433.3758239746094,16963.84765625,634461.5,2635.34423828125,5419.87451171875,75336.6640625,1608224.5,67334.5390625,191310.390625,893.0400390625,2948.202880859375,18812.908203125,26286.099609375,5789.32421875,47097.55859375,125946.2734375,23947.7734375,56845.734375,57049.03515625,5304.4658203125,499.1838684082031,21721.310546875,3086.210693359375,91188.0078125,1299224.0,7540.8701171875,1780.6214599609375,1673409.625,42526.85546875,140936.046875,26235.328125,14695.73828125,1249.3245849609375,9065.9326171875,11015.2099609375,6324.18994140625,956167.75,268493.09375,228299.640625,47209.89453125,61435.53515625,1086270.5,12524.2392578125,2326940.0,7468.330078125,34352.07421875,2120.55712890625,11581.6484375,11806.8408203125,7577.01025390625,83174.5703125,4210.97802734375,3049.727294921875,5358.49609375,6091.7548828125,743234.4375,54583.828125,9343.78515625,6318.5068359375,11842.8837890625,347790.5,57130.33203125,21897.9296875,9086.630859375,337960.0625,96875.40625,148713.953125,11520.4921875,12336.8251953125,66459.171875,140623.0625,101618.6015625,218447.265625,133575.5625,5329.86865234375,11803.818359375,779.951416015625,26644.544921875,247715.828125,588512.625,41516.6015625,188108.453125,223038.515625,27086.025390625,178937.703125,154312.546875,5650.1533203125,20873.125,23908.802734375,372106.25,34396.46875,12196.4169921875,1098380.5,7134494.5,25807.443359375,144575.28125,10086.8388671875,20816.568359375
1979-01-01,217671.875,116784.6640625,344009.53125,155305.046875,103772.1328125,3236.1923828125,236133.828125,6270.4951171875,11865.388671875,2019.2657470703125,685803.0625,7561.18994140625,3429.028564453125,446.359375,18643.314453125,667760.8125,2578.6953125,4466.22021484375,82815.4609375,1685320.75,74963.703125,196958.203125,975.56640625,3422.582275390625,19313.033203125,26015.677734375,6643.97314453125,55741.890625,129657.296875,25060.734375,60616.3125,56417.171875,5315.09326171875,495.48553466796875,22299.93359375,3542.885009765625,99027.6796875,1351001.875,8341.765625,1723.6556396484375,1738906.75,40001.52734375,144087.34375,27173.173828125,14524.2509765625,1270.322998046875,9573.3271484375,11111.2919921875,6416.44775390625,885768.125,316950.1875,220342.28125,48949.921875,63771.4375,1180530.0,11147.0849609375,2450380.25,8690.6435546875,33956.77734375,1765.351318359375,12046.0478515625,12304.11328125,7213.529296875,94193.7421875,4716.85693359375,3287.765380859375,5805.99853515625,6175.326171875,824646.25,57964.78515625,9693.8056640625,6494.08837890625,12454.9521484375,351096.5,56830.1328125,13901.3505859375,10837.154296875,344557.96875,102447.1640625,155717.96875,11665.6572265625,12402.4013671875,72843.109375,145447.15625,105766.3984375,228634.125,144992.40625,6080.943359375,12592.2900390625,881.85498046875,29385.677734375,261753.359375,599581.375,35156.0,194783.046875,228381.890625,25107.88671875,192158.1875,162126.59375,5751.47607421875,23546.8359375,25960.048828125,366522.1875,34928.2109375,10526.3056640625,1163501.375,7333368.5,27969.77734375,158895.71875,10858.755859375,21792.419921875
1980-01-01,240642.5,124514.4609375,358216.28125,157413.8125,104182.6640625,3367.140625,247554.78125,7161.09130859375,12294.8173828125,2443.92138671875,697255.6875,7622.76416015625,3444.947265625,483.0303649902344,21001.345703125,684337.5,2402.340087890625,4230.27490234375,87910.09375,1724348.125,84063.65625,207203.0625,1069.705810546875,4140.83251953125,19540.57421875,20958.650390625,7150.064453125,58630.546875,128013.9765625,28582.841796875,64119.6171875,58527.96484375,4859.17626953125,480.02337646484375,23711.228515625,3613.899169921875,103920.5546875,1373381.375,9678.8134765625,1737.321044921875,1753246.875,40610.015625,146009.828125,28454.041015625,15352.1884765625,1198.725341796875,10315.380859375,11395.279296875,6823.658203125,904353.75,369590.96875,158436.6875,50104.4140625,64901.44140625,1259349.875,9988.576171875,2534011.0,10390.5341796875,35157.25,1710.7598876953125,12583.4169921875,12553.466796875,7518.53564453125,103049.671875,4566.48291015625,3532.821533203125,5822.42333984375,5755.23583984375,931136.375,58408.93359375,9829.9326171875,7549.5166015625,11659.2685546875,364509.78125,56621.171875,17659.337890625,11184.46875,368681.1875,111537.4296875,167012.5625,13321.3701171875,14602.5458984375,76761.6796875,159360.5625,109085.5,209627.5,149431.546875,6004.89111328125,12034.734375,759.9495239257812,33360.53515625,301163.875,613131.0625,33312.49609375,197024.890625,237539.28125,24887.291015625,203712.453125,168005.046875,5673.30615234375,26928.357421875,28824.736328125,363498.46875,33691.28125,10009.7548828125,1198582.25,7259292.5,29961.109375,173948.375,9933.734375,23230.087890625
1981-01-01,259710.421875,123623.515625,376391.21875,156130.375,106736.1015625,3284.8388671875,232291.9375,7907.51904296875,12878.98046875,2704.716796875,706777.375,8154.68017578125,3652.977783203125,502.2875061035156,23592.66796875,703284.3125,2854.45703125,3777.36328125,91846.4609375,1748511.25,88567.671875,206339.671875,1085.45751953125,4802.68994140625,18338.37109375,21681.45703125,7246.7509765625,56475.73046875,122989.3671875,30558.64453125,65811.71875,67535.421875,4363.62939453125,459.33746337890625,26446.76171875,3366.1435546875,103990.21875,1334282.75,9853.099609375,2065.021484375,1696183.75,38219.34765625,147659.78125,28662.484375,15039.482421875,1099.2857666015625,9651.8759765625,11314.8193359375,7172.43505859375,904289.0625,401972.875,146895.21875,50779.7890625,69208.7890625,1234453.625,9445.8349609375,2535547.75,10513.6279296875,35288.26953125,1746.9710693359375,12176.6962890625,12248.2353515625,7997.2255859375,104183.609375,5227.69189453125,3742.607666015625,6181.7529296875,5802.32177734375,1009932.125,58337.24609375,10524.3564453125,6809.3037109375,12794.28125,356434.4375,58899.2109375,18287.650390625,10527.93359375,357452.4375,113393.2890625,176540.59375,14219.3662109375,16552.154296875,80024.984375,166638.140625,106613.7421875,221515.703125,149519.953125,6922.3515625,12308.1416015625,721.8739013671875,36676.8671875,299609.15625,575942.75,37428.26171875,197477.046875,237918.15625,24174.15234375,218175.203125,176963.328125,5016.38134765625,26476.822265625,30824.810546875,407480.21875,30159.37109375,10082.6240234375,1178468.75,7472227.0,30605.32421875,176460.765625,10786.34765625,28450.337890625
1982-01-01,262572.4375,124120.828125,368728.28125,157883.484375,106540.515625,3158.882080078125,225523.796875,6133.94140625,13107.60546875,2731.682373046875,727717.25,8062.75390625,3610.5009765625,536.6329345703125,26355.23828125,676421.6875,2843.86083984375,3997.1875,79586.6171875,1894341.0,92311.5,208836.890625,1172.0679931640625,5324.4521484375,17750.0703125,22211.6171875,7893.52392578125,57560.76171875,124739.640625,30839.6953125,64745.46875,68131.3125,4231.36474609375,479.85528564453125,28945.77734375,3330.2978515625,106024.3984375,1338640.125,9073.205078125,2219.093994140625,1669072.25,32506.37890625,143890.890625,28410.826171875,15363.7939453125,1141.4398193359375,9434.3330078125,11401.734375,7480.94775390625,894902.4375,410630.4375,166105.734375,52342.0234375,72736.7890625,1230212.25,9452.29296875,2501385.5,10483.2412109375,36505.5703125,1741.3453369140625,12233.2763671875,12613.8291015625,8438.06640625,109877.03125,5729.8232421875,3951.265380859375,5843.7353515625,6263.2001953125,1009268.8125,64724.6796875,10134.443359375,6868.19384765625,13777.990234375,348247.0625,59764.34765625,17986.78125,10875.8310546875,300380.90625,112357.5078125,184131.265625,14533.7080078125,16500.642578125,81014.953125,172983.546875,108032.703125,241542.890625,157904.421875,6761.3349609375,14385.24609375,648.364501953125,40750.82421875,301155.9375,561682.375,37539.19140625,198765.359375,240814.109375,23243.7109375,229498.015625,185808.9375,5089.552734375,24719.263671875,31623.833984375,405522.53125,30318.408203125,11780.810546875,1184333.0,7358677.5,27634.078125,164242.5625,10737.712890625,30129.099609375
1983-01-01,274889.25,135743.15625,388666.15625,161039.984375,109551.328125,3193.2421875,218219.515625,6261.00341796875,12925.5595703125,2966.360107421875,714303.375,7615.87060546875,3786.0947265625,575.169921875,29822.3359375,700300.125,2718.331298828125,5377.73876953125,78008.4453125,2023202.125,96046.3828125,207883.890625,1243.72021484375,6501.6025390625,18117.921875,22967.087890625,8180.21337890625,58844.37890625,125405.453125,32502.1171875,62766.25390625,78260.671875,4352.998046875,788.89990234375,33471.77734375,3263.76220703125,106898.234375,1321368.375,10002.5673828125,2136.78857421875,1672166.625,32256.07421875,142743.265625,28658.724609375,15578.6552734375,1111.6861572265625,9735.0263671875,11167.275390625,6628.44677734375,923266.8125,439232.03125,168733.5,52170.99609375,76808.0625,1219974.625,9694.0537109375,2442519.75,10780.3525390625,38388.89453125,1643.6932373046875,12069.9755859375,13256.2001953125,9054.4189453125,118521.9921875,5592.65380859375,3786.14453125,5902.12841796875,6534.111328125,957102.8125,69839.234375,8852.1083984375,6561.01708984375,13711.666015625,347118.5625,62807.796875,19325.7109375,10859.810546875,245079.15625,113444.9296875,196136.390625,15009.544921875,16107.857421875,75480.109375,174137.53125,106048.109375,273603.75,164118.703125,7191.21337890625,15331.48828125,708.3873901367188,44899.58203125,307536.65625,545796.875,38833.87109375,201282.46875,242431.765625,21225.810546875,248095.84375,193878.859375,4801.89501953125,21766.1796875,33684.83203125,424148.03125,31772.01171875,13129.07421875,1210837.375,7722737.0,24932.064453125,166133.6875,11201.568359375,35152.4609375
1984-01-01,285433.1875,144504.6875,401001.46875,160016.09375,119477.75,3319.64697265625,217510.046875,6943.03515625,13782.587890625,3457.618408203125,751361.6875,7668.25732421875,3871.968017578125,591.9675903320312,33451.83984375,743147.75,2925.841064453125,5674.39404296875,79116.671875,2272682.25,106002.921875,212302.984375,1279.9136962890625,7740.93603515625,19549.908203125,25699.5234375,9116.232421875,72591.71875,128038.703125,31603.13671875,63291.375,88119.765625,4574.27294921875,799.3477783203125,33789.48828125,3437.677001953125,109156.0234375,1297105.5,9816.2880859375,2194.12255859375,1672903.875,34963.4921875,144241.671875,29098.35546875,15807.7783203125,1126.8011474609375,10093.8349609375,11803.0361328125,7269.55908203125,917365.4375,466868.1875,154571.9375,52974.92578125,76265.171875,1231373.625,9870.3916015625,2433265.75,12418.88671875,41287.0625,1657.5411376953125,12245.982421875,13637.4873046875,9862.4013671875,130636.5234375,5601.40380859375,3771.6181640625,5733.3837890625,6666.8115234375,969533.4375,74083.3359375,9460.9248046875,6780.7900390625,14764.3408203125,353874.21875,65099.55859375,19275.375,8379.12890625,214779.453125,119183.5,207671.53125,14911.7939453125,16408.91796875,80075.546875,165327.265625,101830.7421875,300665.0,171215.9375,6958.52734375,16273.1005859375,772.0034790039062,48112.16015625,314659.25,536641.5,41302.92578125,210692.234375,245435.640625,19572.33984375,268751.28125,206667.265625,4876.6650390625,20526.107421875,35141.4140625,444894.71875,33033.75,12872.1064453125,1216568.375,8304634.5,24428.271484375,171201.171875,13304.365234375,33413.64453125
1985-01-01,300711.53125,138947.890625,414975.625,163474.828125,124638.984375,3338.111083984375,216104.375,7600.84619140625,14621.9169921875,4266.25439453125,792706.625,8211.380859375,4298.642578125,618.580810546875,35288.37890625,785937.6875,3258.875732421875,6086.71533203125,80470.5625,2522017.25,110192.140625,213427.1875,1424.591064453125,7711.41455078125,20267.224609375,29242.3984375,9480.2353515625,66291.1015625,131544.578125,31752.744140625,66351.1875,94769.4921875,4855.74658203125,885.22265625,36336.33203125,3546.5478515625,110814.8046875,1292081.25,9051.6435546875,2278.87353515625,1686999.5,37822.34765625,149465.46875,28940.896484375,16653.828125,984.7459716796875,10387.85546875,12269.1240234375,7250.701171875,933463.5,482202.6875,156264.375,53921.51953125,78441.4375,1247466.25,9213.2705078125,2493433.75,12444.94921875,42526.31640625,1742.740478515625,12412.703125,14250.5380859375,11007.494140625,125468.5859375,7181.4140625,3867.295654296875,5918.9736328125,7063.6591796875,980190.125,81861.8046875,8825.50390625,7619.6201171875,15710.4375,355854.375,65523.63671875,20165.001953125,9121.8681640625,284840.4375,123067.1640625,221657.484375,15372.4375,17109.7109375,82787.4609375,158529.71875,105644.625,322341.03125,175803.375,7340.07861328125,18132.740234375,811.8760375976562,46704.57421875,315434.28125,534377.8125,44536.1484375,216463.546875,250498.34375,19638.056640625,280909.6875,216499.265625,4987.96728515625,20498.443359375,37789.0234375,473755.625,38135.7734375,12629.5419921875,1254154.25,8674077.0,24483.900390625,166727.953125,14939.6904296875,36790.91796875
1986-01-01,250452.859375,158398.109375,422509.03125,171183.78125,128482.40625,3611.218994140625,227282.203125,6830.017578125,14277.0,5333.1640625,894915.125,9035.6064453125,4506.42138671875,693.3130493164062,33655.4609375,800515.25,3190.473388671875,6036.3017578125,84553.2734375,2625785.5,118206.0078125,230557.03125,1651.1019287109375,5270.5439453125,22527.427734375,29942.44140625,9842.96484375,61456.17578125,140263.984375,33600.84375,62913.9140625,96289.09375,5284.77490234375,775.511474609375,35707.8671875,3603.9775390625,115493.859375,1351843.125,7330.9599609375,2332.063232421875,1803602.875,38760.73828125,156440.78125,30582.04296875,17041.46484375,1222.8956298828125,10619.25,13088.8056640625,7686.57861328125,976914.5,484101.84375,142967.21875,55476.87109375,83665.3046875,1327937.625,10006.0224609375,2660589.25,13245.669921875,46171.15234375,1710.9776611328125,13675.0185546875,17447.458984375,10308.5205078125,114894.1015625,7469.921875,4039.476806640625,5957.50634765625,8329.8017578125,916546.8125,92678.3046875,9189.7744140625,7750.583984375,16546.80078125,367375.0625,69222.4453125,19244.626953125,9134.0029296875,159108.21875,120077.484375,231905.609375,16564.978515625,16838.951171875,90793.828125,168569.109375,117015.2421875,371505.375,181240.125,7748.501953125,19315.77734375,790.11328125,46346.34375,309590.875,572328.75,47427.0625,227162.140625,263892.9375,17716.8359375,319661.0625,224668.359375,5186.8134765625,17353.8984375,37399.05078125,503723.46875,26005.267578125,12704.966796875,1273613.125,8948904.0,27734.681640625,154050.921875,12851.8505859375,38431.5859375
1987-01-01,241952.015625,170130.078125,454775.5,177924.4375,130095.2578125,3728.33251953125,235329.921875,6325.771484375,14737.1552734375,5989.4638671875,924918.5625,8916.841796875,4417.05908203125,735.6773071289062,33179.89453125,845717.625,2958.4111328125,6169.734375,90278.2109375,2808426.5,133304.328125,230510.0,1652.568359375,5371.470703125,22219.14453125,28645.36328125,10651.5546875,61590.41796875,140462.34375,35206.06640625,61600.859375,99364.828125,5353.01904296875,858.8778076171875,35204.9296875,3605.62890625,120573.5234375,1386856.625,6803.35009765625,2372.28125,1868967.375,39631.43359375,155712.015625,30238.59765625,17557.15625,1254.8399658203125,10554.974609375,13681.9609375,8654.267578125,1029024.75,505976.53125,149807.25,57734.5,90291.4296875,1390246.75,10821.2255859375,2826369.5,14756.3740234375,46319.296875,1827.38720703125,14151.79296875,16540.771484375,9828.1982421875,125402.2890625,6747.6328125,4214.060546875,6075.07958984375,9417.63671875,936961.375,95127.953125,8046.4296875,7441.1083984375,16972.744140625,368296.34375,71669.71875,20528.125,9129.0322265625,114830.7734375,120014.7421875,248668.359375,17524.14453125,17537.544921875,102209.1484375,183918.171875,125832.296875,428747.65625,184404.375,7427.65185546875,19755.572265625,936.3656616210938,50468.62890625,322179.6875,615227.1875,49389.95703125,235517.5625,268214.75,16574.609375,353966.375,241024.15625,5094.89111328125,15662.080078125,40051.3046875,558782.8125,21599.65234375,13593.333984375,1326892.875,9214460.0,30424.482421875,161787.40625,13896.0244140625,38700.765625
1988-01-01,220622.15625,178657.203125,487399.90625,188225.875,135005.65625,3917.984619140625,252946.234375,6521.88818359375,13794.755859375,7029.474609375,941357.125,9487.5322265625,4773.7822265625,757.8565063476562,32992.96484375,895561.6875,3115.82177734375,6773.69677734375,100819.65625,2963256.0,143604.421875,236750.734375,1638.628662109375,4826.4345703125,22948.259765625,29214.53125,11442.568359375,66699.0703125,139609.296875,38028.2890625,60016.578125,98462.6796875,5717.8291015625,883.2947998046875,34759.328125,3715.972412109375,130216.625,1463385.125,6404.00830078125,2468.853271484375,1968531.25,43522.140625,167858.53125,31884.58203125,18642.7265625,1322.1715087890625,10626.8642578125,14702.6171875,8832.30859375,1112784.125,527627.4375,140186.515625,60982.4375,95119.3828125,1460233.375,11398.6005859375,3105461.5,14930.7529296875,48950.84375,2035.638916015625,15697.4921875,16068.29296875,9301.3330078125,138575.078125,5899.9716796875,4707.7861328125,6265.759765625,9719.5830078125,917692.3125,107307.1953125,7761.14111328125,7852.81005859375,18382.482421875,384063.46875,74842.28125,13931.37109375,9229.759765625,95652.703125,118205.40625,266783.8125,15845.328125,19085.53515625,97055.6171875,203503.765625,136928.484375,490698.625,190453.375,7549.0029296875,20459.201171875,982.4888305664062,55536.6015625,330382.03125,661752.9375,50790.828125,244162.375,274306.4375,17534.703125,374302.90625,265301.5,5811.7392578125,14881.5380859375,41983.4609375,567350.375,27775.947265625,14395.982421875,1393599.625,9593797.0,30517.796875,161937.203125,14182.1123046875,45647.421875
1989-01-01,224481.875,176131.296875,505927.875,199247.03125,150970.140625,4210.31689453125,265466.96875,6130.90625,14844.4833984375,9060.0341796875,948379.9375,9536.7001953125,4594.208984375,804.3760375976562,32084.505859375,924885.625,3290.543701171875,7039.8720703125,109607.1953125,2960363.5,150906.515625,243317.21875,1540.8458251953125,5223.12060546875,24060.005859375,32314.685546875,12423.595703125,66871.6015625,140847.84375,37992.9609375,60885.7578125,110097.3671875,5911.783203125,987.19970703125,32719.984375,4027.005126953125,137713.140625,1523176.125,8714.1064453125,2570.868408203125,2063138.75,43190.50390625,175493.4375,33447.1640625,19487.28125,1376.9517822265625,10014.875,15222.95703125,8479.55859375,1193230.5,579373.0625,152865.125,66107.953125,94317.703125,1523723.875,11515.28125,3333258.25,14895.0302734375,50138.4765625,2169.076171875,17358.146484375,15786.7978515625,9971.228515625,149457.078125,6183.39013671875,5022.13623046875,6446.09375,10140.4609375,953628.9375,108028.53125,8413.919921875,8167.9931640625,19901.09765625,403840.71875,76642.4375,13123.7333984375,9114.974609375,86969.4921875,120279.1640625,279229.1875,15874.2783203125,20463.9921875,81604.3828125,219049.53125,146447.0625,538318.5,181612.53125,8160.62451171875,20400.853515625,1048.0577392578125,60906.25,337319.1875,707369.5625,53316.52734375,253147.953125,286660.0625,16218.23828125,406890.5,288963.0,5874.08447265625,14070.736328125,43673.61328125,564483.9375,27018.287109375,14881.94921875,1423273.125,9923342.0,30872.59375,166938.78125,11532.556640625,51695.89453125
1990-01-01,232892.78125,192021.3125,499817.34375,211851.328125,158539.640625,4030.69287109375,274466.8125,6364.59423828125,15892.1201171875,9412.802734375,922400.25,9586.3115234375,4723.6337890625,782.3494873046875,30730.091796875,919880.5,3273.1650390625,7362.87841796875,110737.5,2967523.75,158077.96875,254920.265625,1524.0966796875,5797.54443359375,24649.96484375,30109.708984375,13252.55859375,51845.71484375,142334.140625,35624.12890625,64686.671875,124443.5078125,5926.9365234375,859.6702270507812,37271.59375,4343.14208984375,135875.109375,1564912.5,8781.05078125,2698.9921875,2209463.0,44912.48046875,179518.078125,35450.78515625,20136.236328125,1447.2742919921875,10184.56640625,15397.6982421875,8401.068359375,1267487.125,646296.0,183468.328125,70777.9296875,102106.90625,1582944.5,12187.689453125,3564664.5,12093.7041015625,52200.8125,2249.842529296875,18058.107421875,15535.859375,9823.005859375,161439.859375,5997.84326171875,5298.67919921875,6387.21484375,11090.7119140625,1013736.5,109748.1484375,8525.8486328125,7183.1142578125,20470.50390625,421973.40625,76339.890625,13827.1865234375,9491.603515625,83344.1328125,122238.0078125,287048.28125,16634.943359375,21460.83203125,82787.9609375,234504.0,157808.75,598064.8125,175376.171875,7897.47314453125,21000.48828125,1115.539794921875,67174.5,337128.34375,752516.3125,55290.375,254166.953125,300215.34375,15322.5166015625,426271.4375,310724.40625,6572.77734375,14966.185546875,46966.9296875,607195.25,26886.30859375,15416.87109375,1436922.25,10104369.0,30397.876953125,183707.546875,11631.970703125,55053.31640625
1991-01-01,240278.5625,230428.0625,500745.59375,224453.59375,166133.84375,4210.8701171875,279981.625,6638.68798828125,16674.8125,9898.677734375,1006330.25,10266.3486328125,4914.7646484375,807.2210083007812,29854.08984375,896952.25,3222.436279296875,7654.38916015625,119416.7109375,3127390.75,169933.609375,258957.390625,1475.6175537109375,6594.162109375,25355.76171875,30619.47265625,13172.3642578125,42690.0703125,143347.3125,36513.1875,66589.46875,144134.53125,6345.0751953125,858.0736694335938,34603.24609375,4230.00537109375,123647.5546875,1575199.25,9436.9609375,2758.78369140625,2346183.5,49059.578125,191431.796875,37814.90234375,20955.015625,1502.78662109375,10246.8154296875,16246.341796875,8642.998046875,1316295.875,700428.75,214793.734375,71862.234375,113502.2421875,1637383.5,12312.5107421875,3782213.0,12618.115234375,54364.25390625,2234.906494140625,19670.3203125,14882.4384765625,10608.2451171875,176745.34375,6763.228515625,5671.33251953125,6536.3212890625,11859.78515625,1048299.125,123273.0546875,8736.9921875,7590.2158203125,22069.330078125,435684.25,75252.2265625,13955.708984375,9504.20703125,75182.4453125,125086.6484375,293319.15625,18473.171875,22078.2265625,86347.015625,244148.984375,165900.46875,681761.125,163109.453125,6950.216796875,20811.724609375,1127.0379638671875,73854.8671875,336188.0625,790414.5625,55877.4296875,253092.125,296963.15625,14141.3720703125,462226.84375,336671.375,6216.0029296875,14188.4326171875,50294.30078125,584148.4375,27424.31640625,15618.5322265625,1400323.625,10083513.0,31801.8984375,181298.046875,11964.0341796875,64363.57421875
1992-01-01,234893.640625,277157.09375,520647.03125,233594.296875,170643.84375,3401.424072265625,289383.21875,6818.0361328125,17419.244140625,10018.32421875,1041752.25,10347.2734375,4776.23779296875,871.3197631835938,29347.2734375,905655.0,3095.183837890625,7729.28955078125,131695.890625,3372579.25,184167.75,267062.875,1572.2247314453125,4827.9482421875,27980.2890625,32057.83203125,14580.115234375,55662.12890625,147312.75,40800.43359375,67968.9375,159701.140625,6941.4296875,1027.3096923828125,30955.599609375,4413.1767578125,118854.3984375,1601474.375,9054.501953125,2827.0546875,2440201.5,46639.01171875,196962.34375,38677.1953125,20792.572265625,1319.890380859375,9884.265625,16984.236328125,8267.01953125,1381691.75,757807.0,235438.84375,74310.90625,123431.328125,1665565.625,13316.921875,3913752.75,13829.7265625,53595.91015625,2402.709716796875,19767.54296875,14522.5703125,9531.130859375,193444.265625,6266.94775390625,5824.51708984375,6790.09033203125,12822.580078125,1085299.5,123048.328125,7653.44775390625,7959.63427734375,22622.236328125,444943.125,77240.8515625,13856.748046875,9456.4716796875,72269.3359375,126771.171875,310677.40625,20205.7890625,22880.6796875,88075.765625,255863.65625,174729.140625,741819.25,149754.921875,7299.134765625,21137.478515625,1203.7169189453125,78454.4453125,333913.09375,814754.6875,60903.5234375,252055.890625,295742.875,14606.2880859375,494528.125,378411.0,6127.314453125,13250.4033203125,55449.7265625,613487.5625,25738.69921875,16363.912109375,1400464.875,10453822.0,35597.77734375,183218.125,10233.0390625,57671.90625
1993-01-01,219449.453125,318624.90625,541615.125,238647.015625,176028.796875,3620.558837890625,290058.90625,7123.7734375,18563.279296875,10407.87109375,1119872.5,10755.814453125,4471.89111328125,923.5941772460938,30829.87890625,931829.0,3023.55029296875,7631.7080078125,139128.5,3612290.25,199346.15625,279838.46875,1554.3221435546875,5058.16455078125,30229.40234375,32193.93359375,14437.103515625,42931.93359375,145433.609375,44733.1484375,63053.86328125,187038.015625,7815.09912109375,1067.05029296875,33259.265625,4476.1572265625,117385.140625,1585818.125,8987.3583984375,2932.37060546875,2453189.25,44764.328125,199429.28125,41071.125,21769.712890625,1474.37939453125,9272.9091796875,17603.806640625,8300.7529296875,1464102.875,808383.25,288479.09375,78335.421875,129542.703125,1648482.25,13772.9970703125,4016129.5,14366.46875,56454.65234375,2613.208984375,21438.734375,14692.5029296875,10247.939453125,214162.796875,6625.318359375,5992.6650390625,7334.66455078125,13448.556640625,1102808.375,124519.859375,8307.51171875,8116.55419921875,24508.1796875,450946.8125,83662.5078125,13929.4775390625,9390.7451171875,60848.0703125,131070.40625,316369.6875,21389.060546875,23983.3359375,94166.21875,268610.125,175792.0625,817712.9375,157738.671875,6636.16650390625,20563.853515625,1364.0133056640625,87279.375,344254.09375,813790.75,66491.953125,242564.875,298982.15625,13920.2138671875,526698.3125,414206.65625,5117.77294921875,12531.1083984375,59130.671875,673009.6875,24718.923828125,17091.119140625,1434985.375,10774939.0,37118.0234375,176338.328125,9710.4111328125,60027.94140625
1994-01-01,213922.578125,370608.75,565971.0625,248846.234375,184233.75,5308.44970703125,298643.59375,6570.91064453125,20405.11328125,10954.1611328125,1252594.125,9655.2197265625,4645.99951171875,1029.1458740234375,31760.794921875,977045.375,3561.42919921875,7974.7568359375,152025.046875,3945906.25,210169.171875,294780.84375,1318.5047607421875,4619.8193359375,31944.84375,33958.28125,15358.48046875,32346.78515625,152460.9375,46995.45703125,64424.625,213207.671875,8702.703125,727.9266357421875,31092.185546875,4648.8798828125,124164.5234375,1615865.125,9667.3388671875,2957.005126953125,2534441.75,47171.70703125,208961.453125,43788.234375,23012.494140625,1631.8023681640625,8509.7958984375,17799.126953125,8461.8896484375,1542303.625,861843.375,311117.96875,83285.8203125,138851.375,1696840.25,13864.478515625,4118911.0,15163.548828125,64495.06640625,2703.224853515625,22470.59765625,14842.4990234375,11196.056640625,234067.640625,6629.21826171875,6302.662109375,7711.70263671875,14207.83984375,1155091.875,139216.15625,8941.41796875,8477.5595703125,27706.4296875,465852.71875,89089.46875,14517.32421875,9492.5205078125,49470.0,135669.328125,324529.84375,21812.01953125,25161.474609375,109753.625,297117.78125,186502.3125,915508.25,169357.453125,3051.35498046875,20889.10546875,1407.7838134765625,95732.1796875,355466.34375,843054.875,70672.21875,256078.375,304221.25,13407.0048828125,558333.125,453425.3125,5775.79736328125,12927.390625,65016.38671875,613517.5625,24432.494140625,22812.044921875,1469468.5,11178786.0,40391.12109375,172609.859375,9376.1611328125,66810.125
1995-01-01,219605.75,411558.5625,591684.4375,260516.125,191689.125,5696.32177734375,306651.75,7305.5400390625,22628.02734375,11969.0771484375,1457143.0,10642.6875,4290.64501953125,1039.1949462890625,33705.74609375,1017565.5,3620.8544921875,8246.15234375,174311.46875,4343848.0,213728.6875,307772.0,1571.7774658203125,4367.19482421875,33728.82421875,37146.1640625,16335.6181640625,33967.6171875,157281.171875,49174.40234375,64469.94921875,251554.265625,9888.8037109375,847.9865112304688,34659.2421875,4743.7841796875,134982.546875,1642594.625,9949.2861328125,2980.2939453125,2607602.75,48646.73046875,218570.546875,46907.6328125,24448.25,1672.5538330078125,11062.4775390625,19151.603515625,8567.2421875,1663442.5,931280.875,324253.625,93682.140625,150392.0625,1768315.875,14115.845703125,4323526.5,16185.34765625,62054.71875,2774.89013671875,22715.642578125,15244.900390625,11358.9697265625,258401.0,8960.0234375,6662.88037109375,7634.70068359375,15667.107421875,1106586.875,137397.5,9042.833984375,8615.7763671875,28752.794921875,483527.03125,93837.828125,15503.146484375,10186.611328125,47600.05859375,141956.453125,344277.84375,21568.2265625,26467.267578125,123063.0078125,328925.53125,195488.296875,1017669.4375,177446.9375,3771.33935546875,21186.013671875,1297.831298828125,105172.1640625,373366.09375,886705.9375,74833.7578125,271721.625,307055.15625,14323.5966796875,585659.6875,503472.40625,5832.931640625,12987.537109375,70548.2265625,671246.0,25547.63671875,22957.3359375,1606654.0,11467534.0,40085.93359375,174080.390625,9613.962890625,63551.83203125
1996-01-01,241002.40625,530665.375,618539.0625,265086.28125,195885.03125,6129.44677734375,305834.75,7913.66259765625,24722.87890625,14282.541015625,1730151.75,11771.8544921875,4050.39794921875,1178.2320556640625,36057.59375,1042310.4375,3184.2275390625,8187.61572265625,179735.140625,4634672.5,230436.84375,309766.46875,1541.769775390625,5126.828125,33827.51953125,40695.046875,16362.8857421875,30182.302734375,161985.078125,52504.01171875,64824.60546875,303414.9375,10529.7919921875,1305.9266357421875,35680.1953125,4973.28515625,136075.828125,1662725.375,11089.7626953125,3094.16552734375,2625137.75,49803.22265625,226278.515625,48832.5390625,26998.666015625,1721.0516357421875,12861.8896484375,19700.080078125,8830.318359375,1794213.0,1008393.6875,392458.6875,100852.5078125,159919.59375,1785662.625,14447.4189453125,4544780.5,16367.9677734375,65473.7734375,3035.325439453125,23487.5859375,15959.8974609375,11328.3408203125,283857.40625,11050.6943359375,6876.12109375,8303.51953125,17354.419921875,1157373.875,161387.109375,10612.970703125,9296.634765625,30960.404296875,502550.15625,97983.9609375,16013.3427734375,10300.380859375,48832.51953125,153997.3125,361134.71875,22578.10546875,27417.865234375,128762.09375,357576.0,201190.03125,1117659.375,182422.296875,4473.5361328125,22517.599609375,1350.656005859375,113944.8515625,388215.0,913050.0,79820.9140625,275282.5625,311240.15625,14324.8671875,623668.0625,547554.8125,6814.423828125,12700.87109375,81514.6875,731122.9375,28161.580078125,23372.42578125,1690832.625,11903335.0,42395.2578125,176951.625,10697.1220703125,72070.3828125
1997-01-01,243581.0625,549969.5625,648876.25,276781.75,195448.828125,5878.13720703125,324740.0,8494.4775390625,25339.578125,15477.361328125,1693590.25,12402.580078125,4094.448486328125,1179.018798828125,37286.63671875,1093332.75,3397.8388671875,9145.2060546875,184168.359375,4875955.5,246803.171875,316256.65625,1568.8240966796875,4866.47998046875,35964.76171875,40639.296875,16640.279296875,30886.828125,174572.9375,58003.50390625,68164.4453125,315583.15625,11513.826171875,3306.462890625,39291.11328125,4791.44970703125,150322.46875,1766385.0,9556.888671875,3125.30419921875,2724250.0,52050.48046875,244980.390625,51462.109375,24606.146484375,1974.6859130859375,13463.5400390625,20422.421875,9785.89453125,1872408.5,1039876.75,413311.53125,113513.9375,169915.546875,1868801.25,14740.46484375,4562717.5,17121.892578125,65440.6484375,3253.376953125,25069.341796875,16500.462890625,12397.2529296875,302658.53125,11681.4423828125,7642.7568359375,7990.09375,17169.740234375,1245804.75,149621.796875,11867.8701171875,9531.162109375,30766.6171875,545108.4375,101955.109375,16451.943359375,10363.001953125,53114.76171875,167703.15625,360434.3125,25044.673828125,28112.453125,137998.5,357318.84375,216267.3125,1102872.875,174759.0625,5551.1806640625,22886.876953125,1522.5970458984375,127959.7734375,396345.59375,979492.6875,83821.875,289450.59375,325789.84375,16491.529296875,666422.6875,517249.65625,7347.94384765625,13099.625,81455.4140625,767829.8125,31241.65625,24338.23828125,1797785.25,12433358.0,43139.20703125,174284.78125,11466.6826171875,61974.41015625
1998-01-01,239312.328125,549893.0625,676002.75,291613.1875,195318.78125,6345.2080078125,335952.1875,8864.0361328125,25931.587890625,15189.458984375,1628854.5,13451.587890625,4326.037109375,1324.7652587890625,38923.91015625,1118005.5,3550.799072265625,9009.8681640625,181774.875,4876382.5,236533.515625,307059.1875,1476.0672607421875,3966.088134765625,38711.29296875,41075.23046875,17478.9453125,27115.345703125,182862.171875,64447.2421875,68630.4921875,316383.5,12452.5439453125,2671.406494140625,35427.75390625,4750.20751953125,164577.421875,1885402.5,8584.3330078125,3199.594970703125,2833726.25,52323.77734375,260192.390625,54328.30859375,24322.896484375,1674.1009521484375,13513.765625,20977.70703125,10713.138671875,2017839.375,956978.5,418890.53125,127834.5546875,179290.84375,1961534.625,15022.21484375,4496835.5,18489.892578125,66018.78125,3028.841064453125,26514.228515625,17368.26171875,10593.0478515625,288137.4375,12475.0546875,8311.45703125,8191.26953125,17927.373046875,1312572.5,151438.75,12951.6337890625,9871.181640625,30870.716796875,588536.375,103497.5703125,17270.107421875,11405.5439453125,53615.0546875,169117.65625,381411.21875,27156.71484375,28536.62890625,134863.3125,348297.0,230482.5,1007138.1875,170526.265625,6213.6298828125,23849.12890625,1547.372314453125,129737.3203125,398239.3125,1054740.625,90140.3828125,305554.96875,339358.59375,19103.578125,701944.5625,468848.8125,6485.67529296875,13022.8046875,80630.859375,770716.3125,33451.66796875,26303.5859375,1870316.375,12987007.0,43977.49609375,159645.734375,11037.11328125,54671.890625
1999-01-01,258345.6875,516788.59375,714437.125,301488.71875,193946.46875,6364.1328125,351701.34375,9645.4853515625,26491.55078125,17763.099609375,1570174.375,14714.00390625,4420.33056640625,1545.9615478515625,40671.51171875,1192028.375,3559.641357421875,9223.607421875,177111.125,5135949.0,239372.203125,293478.6875,1510.19091796875,5152.455078125,39964.17578125,40847.359375,18524.525390625,28358.974609375,188488.53125,68177.328125,66959.4375,334144.3125,13412.6201171875,4183.11767578125,36306.32421875,5057.60302734375,172862.765625,1977071.75,9942.1416015625,3426.154541015625,2952645.75,55191.47265625,265974.625,56573.73828125,22818.51171875,1981.9930419921875,15040.8828125,20219.298828125,11287.5595703125,2156806.75,915492.4375,481182.21875,138785.953125,190326.359375,2016371.125,15423.6845703125,4476724.0,18793.728515625,66715.625,3198.47265625,30192.990234375,18363.189453125,10562.484375,308841.84375,13625.048828125,8865.794921875,8521.0546875,17563.4453125,1386367.875,144848.8125,13935.9345703125,10282.1923828125,31536.98046875,630409.625,110675.2265625,17907.677734375,11524.3837890625,64576.61328125,181031.25,390229.3125,28298.0625,27765.4453125,135413.140625,351586.9375,245382.984375,1098733.75,172409.9375,6651.80078125,26027.205078125,1591.8548583984375,139357.046875,408136.40625,1100466.25,88232.1171875,325763.875,347146.5,20660.91796875,734349.0625,477055.125,7071.77685546875,15070.4736328125,80983.3515625,741201.5,35722.4375,27538.236328125,1949541.0,13624725.0,41793.67578125,160785.25,11385.708984375,50697.21875
2000-01-01,322710.34375,511804.03125,727518.875,312851.09375,196009.0,6340.37060546875,375407.03125,10701.779296875,27225.3203125,19127.6640625,1599360.75,14894.4375,4115.697265625,1586.358154296875,41943.5,1263746.375,3668.480712890625,8853.1953125,182425.65625,5543107.5,260575.125,303772.71875,1485.767822265625,8170.93798828125,40932.15234375,39546.2890625,19704.74609375,25705.728515625,197998.3125,71614.4375,71351.0859375,349713.4375,14241.4462890625,6461.0517578125,36619.46875,4919.3642578125,182375.21875,2087296.75,12798.8271484375,3649.1298828125,2979409.5,62932.19140625,273550.59375,59198.7734375,21304.78515625,1938.697998046875,17309.978515625,21658.90625,11353.517578125,2274921.25,881814.5625,536513.25,151952.359375,209358.375,2066659.5,15798.5390625,4601568.5,20011.529296875,65096.53125,3376.875244140625,32382.62890625,19496.0078125,10443.2861328125,333827.84375,14005.01953125,9418.810546875,8234.4267578125,18134.93359375,1448053.0,138020.078125,13981.73046875,10888.2705078125,32554.341796875,673347.125,112385.640625,18561.302734375,11200.892578125,91797.0,208256.078125,401142.53125,29486.095703125,26428.517578125,139652.78125,358584.46875,254626.265625,1168640.5,174774.828125,7362.4521484375,25504.59375,1692.003662109375,167138.640625,428935.78125,1160622.75,89492.34375,343831.40625,355116.03125,25677.45703125,769693.0,493488.28125,6769.19482421875,18076.2578125,82462.8359375,791690.6875,38080.55078125,28799.412109375,2057960.375,14197566.0,39663.36328125,186677.96875,13663.42578125,42038.15234375
2001-01-01,313130.3125,479030.34375,757759.8125,308232.4375,201342.84375,6205.6474609375,379695.0625,11450.3564453125,28278.69921875,19029.583984375,1598911.375,15884.2783203125,4153.33203125,1678.4449462890625,42309.08203125,1265181.25,3738.747314453125,9189.0244140625,182554.578125,6058904.0,267289.875,302840.28125,1663.003173828125,7652.9482421875,42737.6640625,40043.171875,20740.423828125,25479.619140625,198304.328125,74937.9296875,73872.3125,367376.875,15529.20703125,9202.4912109375,40838.9453125,4968.66015625,184286.734375,2159787.75,12672.2587890625,3756.755615234375,3025722.75,59126.140625,287111.5625,61917.6015625,19894.54296875,1963.9544677734375,16586.3984375,22411.361328125,11743.4580078125,2418001.0,902299.5625,606734.375,160963.953125,213644.578125,2077644.375,16356.564453125,4642552.5,21649.2421875,65697.109375,3676.7041015625,31855.169921875,21114.01953125,9709.37109375,330317.34375,15756.84375,9332.9755859375,8152.810546875,17943.875,1452718.75,142239.671875,15535.3076171875,11361.5068359375,34479.48828125,685735.125,116534.7890625,19092.203125,12141.6845703125,111609.859375,207382.3125,406326.25,30710.548828125,27699.33984375,140887.375,353453.375,257825.796875,1221685.875,187498.96875,7924.2158203125,26688.5859375,1581.2681884765625,172858.296875,446313.25,1206256.5,90292.65625,339634.15625,355762.0,29758.927734375,763432.125,504767.875,6827.1533203125,17333.01171875,84735.484375,781912.5625,41303.68359375,30903.615234375,2111826.75,14396745.0,37814.3046875,188194.21875,14471.919921875,43646.5625
2002-01-01,321208.625,445077.75,783175.125,314584.21875,210376.734375,6295.49853515625,387718.53125,12670.2392578125,29520.431640625,19962.859375,1631614.0,16709.173828125,4287.07763671875,1783.1417236328125,43794.3046875,1277256.375,3729.481201171875,7118.974609375,185381.03125,6689212.5,281047.75,309030.96875,1761.3839111328125,8175.3828125,43837.31640625,40527.8046875,21012.32421875,26599.53515625,200239.890625,79435.921875,81451.625,378528.5,16791.392578125,8168.69873046875,37197.43359375,5077.232421875,183633.828125,2184165.0,13103.033203125,3519.7587890625,3012431.0,61058.578125,302806.40625,65186.36328125,18874.609375,1933.3408203125,16446.244140625,23331.939453125,11600.314453125,2558580.25,898209.6875,705990.25,171114.6875,216151.75,2062695.625,16892.294921875,4660519.0,23147.283203125,65971.25,3715.587158203125,32467.568359375,19498.1015625,11504.26171875,353442.25,16663.359375,9728.255859375,8621.8017578125,18311.744140625,1449093.875,142567.140625,17368.560546875,12026.3046875,33841.05078125,692119.5625,120290.453125,19286.48046875,12783.67578125,152035.375,203870.171875,426385.5625,32396.505859375,35927.72265625,151150.5,356509.3125,262209.875,1331442.0,196901.34375,8962.9755859375,26609.546875,1756.197509765625,187178.234375,466709.5,1259097.875,95394.3359375,338924.0625,352786.375,37380.3984375,802248.1875,547122.0,7151.83349609375,18137.84765625,85184.8984375,779546.5625,45796.078125,32773.85546875,2144577.75,14700074.0,34577.43359375,183297.390625,15380.8984375,38816.25
2003-01-01,355455.9375,469548.59375,820682.9375,320443.59375,216402.203125,6028.32666015625,389741.90625,13627.791015625,31666.896484375,20768.80078125,1637552.125,17988.51953125,4454.45263671875,1990.81640625,46487.84765625,1321023.125,3539.41552734375,8422.0244140625,193323.9375,7302662.5,288202.375,319200.59375,1727.5181884765625,8377.060546875,45772.46484375,43753.80859375,21406.5859375,28641.7578125,198345.5,75615.4140625,87192.3125,394343.3125,18095.921875,8731.8984375,37318.765625,5066.0732421875,184572.5625,2124138.5,14997.3525390625,3741.162109375,3029813.5,66404.0546875,314583.71875,67350.8671875,16950.779296875,1936.250732421875,15789.509765625,24241.69140625,11709.736328125,2775801.75,899527.25,784491.1875,176008.75,208080.1875,2068126.875,17980.75390625,4738719.5,24994.28515625,66619.2109375,3771.4130859375,33072.8046875,21511.451171875,11847.2470703125,382665.5625,18248.5625,10159.9814453125,9143.6875,18172.84765625,1470712.375,148913.8125,18990.572265625,11973.12890625,34078.28515625,673324.875,125114.25,19522.130859375,13307.912109375,208608.578125,205839.09375,443007.71875,36031.24609375,38025.8984375,160644.140625,364568.78125,264596.875,1385924.25,207055.40625,9104.7197265625,28050.921875,1652.9263916015625,205629.4375,481438.34375,1290380.25,102792.9609375,343914.0,351400.8125,46612.84375,822667.0625,593462.0625,7571.1318359375,22692.8046875,86810.09375,775119.4375,48790.58984375,34093.7578125,2209299.5,15090390.0,34332.94921875,181291.5,16597.865234375,27842.6875
2004-01-01,375366.5625,505402.34375,851302.6875,332495.0625,222729.4375,6269.091796875,400396.5,14755.388671875,34502.20703125,22404.962890625,1732723.0,18894.58984375,4749.08203125,2129.79150390625,47664.96875,1378428.375,3642.06982421875,12680.2119140625,217227.75,8188286.0,305829.71875,337234.6875,1703.5802001953125,10309.76171875,47499.09375,41368.9140625,22859.599609375,31422.72265625,209516.109375,78471.125,96435.078125,412447.40625,19474.466796875,11775.5361328125,44803.06640625,5244.8505859375,194297.328125,2180486.0,18378.458984375,4430.9267578125,3094666.25,70180.0859375,335491.03125,69930.3359375,16393.599609375,2011.165283203125,15453.6103515625,25491.958984375,12826.9306640625,3019804.5,975791.6875,898177.125,185260.921875,208144.0625,2080206.375,18590.8984375,4841102.5,29399.66796875,68112.7421875,3942.13623046875,34858.25390625,22171.869140625,13385.66796875,418299.375,17105.9375,10217.828125,9185.2060546875,18445.361328125,1558807.625,148801.515625,20583.841796875,13348.337890625,35160.08203125,689485.0625,127881.4453125,20191.994140625,13040.2431640625,286225.9375,226166.3125,480488.46875,38097.78515625,39200.20703125,174545.265625,374632.84375,271179.84375,1468960.75,231464.90625,9976.7451171875,28908.79296875,1435.4501953125,241496.40625,504649.09375,1355758.75,105225.6328125,357020.9375,359778.875,65861.203125,853083.8125,637550.625,7350.1025390625,26826.486328125,89361.609375,868025.9375,52028.96484375,36105.54296875,2298173.0,15652782.0,35545.3046875,234691.75,18287.806640625,25425.1953125
2005-01-01,441173.84375,548210.5625,895703.9375,351104.8125,234010.765625,6613.83837890625,422465.625,15612.9345703125,37202.2265625,26084.83984375,1802513.125,20640.853515625,4785.64453125,2174.635986328125,49175.28515625,1460410.5,3757.314453125,16151.396484375,239591.25,9276251.0,334205.78125,361161.78125,1955.14990234375,13530.9482421875,49859.75,40840.625,24929.27734375,34397.7421875,220232.390625,86679.7421875,109602.953125,434075.71875,22072.392578125,17693.9140625,53125.98828125,5293.5947265625,204071.1875,2333724.0,26536.5390625,4675.80712890625,3171629.75,72881.828125,339352.3125,74180.3828125,16292.71875,2052.048583984375,15749.4521484375,27457.7734375,14358.580078125,3435672.0,1074786.375,1082040.625,202448.28125,211566.515625,2146045.75,19704.59375,4984467.0,32738.591796875,73037.6171875,4235.97998046875,38260.78125,23637.19921875,14170.541015625,454720.90625,18391.46875,10769.1669921875,10007.28125,17578.5625,1626500.75,146626.15625,22858.78515625,14083.111328125,36231.53125,733966.9375,130911.3046875,21226.36328125,13977.8017578125,492895.28125,256819.0,526923.3125,43544.72265625,39338.94140625,194833.71875,384028.46875,288411.25,1557025.375,240595.6875,11194.7548828125,30936.34375,1678.99951171875,281983.78125,542819.5,1469593.375,110939.1953125,366358.46875,384819.9375,102421.5703125,894134.4375,679310.3125,7087.9501953125,29446.595703125,94461.421875,965418.8125,58602.12109375,40524.74609375,2389001.5,16415791.0,37521.0,298063.53125,20885.212890625,21571.02734375
2006-01-01,485221.5,597409.3125,922265.5625,366558.59375,255351.359375,6530.865234375,436378.0,15867.4912109375,41195.3984375,27790.62890625,1958260.625,21178.611328125,4917.00537109375,2379.51025390625,51124.4296875,1473502.25,3963.74951171875,17229.4140625,280887.9375,10209220.0,345800.65625,393238.8125,1958.5882568359375,14792.37109375,52060.5859375,42917.48046875,26471.513671875,36269.75,235327.0625,96467.546875,118094.1328125,477622.25,24508.810546875,17146.3046875,54796.9765625,5629.53515625,211942.734375,2420215.25,24614.67578125,4419.9482421875,3289767.0,76016.6015625,367808.09375,78683.296875,16497.841796875,1975.1368408203125,15619.8154296875,29096.203125,15064.828125,3794950.25,1186131.875,1154995.0,222592.6875,216972.140625,2239115.0,20700.392578125,5020970.5,38971.23046875,79872.6015625,4309.90625,42367.98046875,25354.771484375,15092.2216796875,487219.46875,21217.7734375,10961.9736328125,12709.66015625,18505.7421875,1714147.125,158891.15625,24149.08203125,15895.130859375,37581.15234375,773890.3125,134112.484375,21571.951171875,14658.5986328125,570886.6875,283897.0,567388.9375,47312.07421875,41622.703125,223737.90625,409815.65625,302813.25,1602275.0,277735.25,12112.642578125,31557.306640625,1888.852294921875,307355.34375,583635.0,1608294.875,122095.5078125,393925.5,416852.78125,99717.7109375,919610.9375,731977.125,7123.85595703125,34828.0546875,98692.7265625,1098248.875,63395.2265625,43557.77734375,2472596.25,16750561.0,39797.11328125,350149.21875,25009.8046875,17829.294921875
2007-01-01,480361.5625,659283.0625,949605.4375,380535.0625,283576.46875,6641.67724609375,454229.1875,16438.255859375,43459.375,28547.861328125,2174483.25,21455.890625,5074.5166015625,2701.21484375,53748.15234375,1492628.125,4178.4248046875,19113.330078125,304751.0625,11182232.0,367326.65625,432202.03125,1599.1134033203125,12905.0693359375,55788.5625,44848.00390625,29127.20703125,39800.1015625,244785.59375,105341.171875,124956.1875,546713.0,26958.478515625,19788.453125,66377.859375,5816.42626953125,230653.828125,2536418.25,24164.548828125,4547.72119140625,3441685.75,89247.71875,377043.21875,84928.7734375,16868.03515625,2024.8880615234375,17582.853515625,30692.2578125,15486.90625,4242954.0,1317021.375,1296288.625,241541.296875,223045.5,2330725.75,21748.15234375,5106212.0,43852.55078125,85806.3359375,4432.4580078125,45622.671875,26765.771484375,18254.66796875,524662.625,21371.505859375,11728.0205078125,12468.7021484375,20102.294921875,1766151.25,166535.9375,25419.142578125,16554.951171875,39666.484375,823071.6875,143522.25,22546.494140625,15146.974609375,623486.9375,295617.96875,613538.0,45172.1484375,46139.97265625,245771.125,443129.34375,312656.5,1688964.875,320796.75,12843.1826171875,33407.640625,2054.402099609375,338204.53125,618971.6875,1718184.0,133405.421875,427008.09375,456515.28125,106566.578125,963961.5625,795081.25,7075.4140625,38507.7890625,105265.78125,1200557.5,68716.6171875,46674.08203125,2528118.0,16985660.0,43940.06640625,399752.34375,34364.1171875,18717.369140625
2008-01-01,514266.1875,712242.3125,971043.0625,393096.40625,310814.46875,6224.9921875,467202.90625,17367.220703125,48185.640625,27898.017578125,2424714.5,22339.794921875,5445.8818359375,2956.489013671875,56263.26953125,1518038.0,4318.974609375,20261.380859375,300240.78125,11776912.0,370902.84375,472014.4375,1693.0380859375,17064.119140625,58179.16015625,48604.94921875,31346.41796875,39983.98828125,256167.015625,107687.859375,138892.0625,625460.3125,29866.1328125,29167.50390625,71991.21875,6164.240234375,242504.03125,2582489.5,24958.037109375,4538.095703125,3525126.0,98784.0625,390115.34375,89795.8515625,17558.494140625,2064.22314453125,16648.689453125,31418.904296875,17548.52734375,4390493.5,1536182.75,1300653.25,228279.765625,224756.046875,2398678.75,21381.259765625,5044142.5,53932.2421875,89093.6484375,4866.82763671875,47735.92578125,29422.84765625,19861.609375,588679.125,23056.046875,12114.7060546875,12550.8134765625,20452.794921875,1804000.75,184017.765625,26679.814453125,18200.828125,43508.6484375,860465.1875,142963.328125,23684.0703125,16629.439453125,635433.8125,320709.65625,637673.4375,50219.07421875,51071.55859375,262963.0625,474722.8125,318381.21875,1704451.875,379435.28125,13415.2265625,33871.57421875,1793.313720703125,336570.75,634290.375,1754463.375,144519.0,436420.71875,477719.09375,113538.75,928687.0,826822.3125,7406.6728515625,44103.2734375,110717.46875,1278350.625,76157.4375,50226.890625,2568484.0,16850342.0,49512.65625,464371.3125,36307.9765625,13997.6767578125
2009-01-01,443475.59375,681255.6875,981726.1875,386075.0625,341129.875,5719.69921875,462498.0,17663.642578125,48981.58203125,25724.05078125,2521818.75,22745.19921875,5650.72021484375,3043.092041015625,57010.19921875,1417426.375,4604.78466796875,18912.591796875,306812.96875,12627631.0,360193.125,483182.75,1751.5465087890625,14796.80859375,62160.12109375,53012.078125,30854.97265625,40790.7109375,246466.75,113096.7265625,135568.453125,705590.0625,32354.666015625,22485.119140625,79367.359375,6383.83837890625,228116.90625,2521018.0,20273.90234375,4763.03369140625,3362922.25,97037.5234375,378253.6875,94263.0,16771.876953125,2012.3809814453125,17497.439453125,31883.884765625,14888.2705078125,4821723.0,1711001.0,1297531.375,212522.9375,234138.15625,2325475.75,21409.619140625,4806125.5,65489.25390625,96006.5234375,4610.80078125,44591.67578125,29154.064453125,16743.150390625,573022.5625,26841.689453125,12033.896484375,12674.0244140625,20251.76953125,1767215.0,203930.265625,27062.103515625,18566.123046875,46891.73046875,815439.9375,144306.296875,23976.171875,16629.78125,695488.5625,293956.625,687894.5,54644.96875,54324.58984375,265950.75,498647.71875,314587.21875,1692098.25,373441.375,14419.1533203125,36847.203125,1636.8267822265625,343522.875,626159.1875,1685956.125,165948.546875,415501.53125,471871.03125,116138.1171875,928495.1875,861167.625,7700.001953125,35374.125,116737.140625,1243994.125,83614.5703125,55904.71875,2430517.0,16405376.0,53599.65234375,402463.09375,41177.83984375,25334.765625
2010-01-01,510198.40625,777507.5625,1050050.375,396089.5625,382648.6875,5423.87109375,493342.8125,17733.912109375,55112.7109375,29155.509765625,2928987.5,25122.837890625,6125.5595703125,3154.07177734375,59503.08203125,1493889.875,4830.67822265625,25452.064453125,355489.40625,14155120.0,376886.0,527021.125,1717.280517578125,21826.287109375,64845.390625,60468.56640625,31425.37890625,46849.8828125,260796.640625,122251.5703125,144440.75,800276.1875,36868.12109375,26754.005859375,90240.15625,6961.97021484375,234695.703125,2620077.25,24031.560546875,5008.65283203125,3547485.75,107260.1796875,346454.28125,99169.8359375,19221.744140625,2120.468017578125,16311.1181640625,33674.1171875,13768.2734375,5520395.0,2016554.5,1419117.875,220664.59375,249342.953125,2353151.75,21946.248046875,4977400.5,70252.25,104803.5390625,4889.09375,47994.9609375,32630.90625,16684.8984375,614990.1875,27912.361328125,12923.2353515625,14499.1435546875,20567.755859375,1926537.375,213879.734375,26936.287109375,20018.306640625,52578.625,826498.0,150594.0,24939.021484375,18044.58203125,796198.8125,309646.46875,738282.6875,58528.75,64387.4296875,301219.46875,552288.0,324045.0,1782489.875,379397.0625,15449.1142578125,38264.17578125,1878.927001953125,406037.96875,657505.375,1667058.5,182532.609375,437908.625,484027.5,127041.046875,1010176.375,958463.875,8140.73828125,40518.53515625,122305.875,1417072.625,95140.7734375,60535.13671875,2559553.25,16843858.0,61253.96484375,489675.1875,47823.73828125,27934.52734375
2011-01-01,566175.0,879071.8125,1099710.625,416419.78125,430327.9375,5324.32080078125,500751.65625,19223.169921875,61378.7265625,32176.19921875,3274982.25,27191.87890625,6455.662109375,3363.133056640625,62936.23828125,1569459.125,4970.005859375,24927.966796875,390992.84375,15123922.0,392483.75,587814.6875,1882.967529296875,26593.138671875,68002.1171875,64813.38671875,31166.341796875,50489.328125,264490.4375,125250.0390625,160903.953125,895599.3125,43460.04296875,38505.05859375,103266.5546875,7638.34814453125,244523.703125,2699752.5,28777.193359375,4431.55322265625,3727164.25,127765.3125,315636.9375,106681.4453125,19809.724609375,2412.697509765625,17085.3515625,35878.81640625,14318.373046875,5960416.5,2436969.5,1516491.5,228279.796875,263748.84375,2403388.75,22879.076171875,4941211.5,77674.203125,111986.3046875,5278.9765625,53888.3046875,36173.9453125,17730.1171875,675154.125,30564.37109375,13485.650390625,16489.013671875,22722.927734375,2098079.0,234192.515625,27507.35546875,21620.23828125,56471.75390625,850795.0,157514.59375,26257.58203125,19028.4375,852696.875,323943.09375,807294.125,66634.109375,71861.984375,331280.3125,589911.625,315796.125,1777945.0,382154.625,17150.599609375,39150.25,2116.130859375,434206.71875,695669.375,1661606.5,198777.03125,466684.5,518883.15625,127038.8046875,1028930.0625,994211.25,9057.046875,46303.6484375,120481.0390625,1564285.75,107684.8515625,65524.52734375,2588466.75,17140938.0,67613.9921875,557411.1875,54185.234375,29628.08203125
2012-01-01,548297.0,885093.0625,1113762.5,427241.0625,474807.09375,5076.23486328125,507917.28125,21511.224609375,68441.7734375,30131.4765625,3264115.0,28550.05859375,6739.7412109375,3267.492919921875,66398.4921875,1593280.125,5428.763671875,26751.7109375,402933.15625,16233770.0,404711.28125,607842.9375,2039.7080078125,29807.078125,72870.109375,73241.5546875,30460.576171875,53511.00390625,267628.78125,128320.1640625,171616.21875,1029295.1875,44139.40625,42544.92578125,114179.6953125,8143.7109375,241846.328125,2734094.25,28877.134765625,4500.5673828125,3751672.25,141132.65625,298132.0,113669.71875,20819.2578125,2306.160888671875,17440.630859375,38115.51171875,14679.7177734375,6383269.5,2584320.5,1275241.875,239986.46875,276815.6875,2345848.75,23401.37890625,4995651.5,81319.09375,120889.7734375,5224.77783203125,53901.3359375,36917.15625,16100.95703125,716465.8125,30243.255859375,13895.76953125,16308.328125,23254.70703125,2219791.25,238365.484375,29162.58984375,23000.943359375,59566.7421875,856515.0,160462.421875,27619.0859375,21438.818359375,883112.0,344826.34375,813585.125,74404.8671875,70025.40625,345320.8125,637683.25,308522.28125,1809467.0,398659.5625,18116.876953125,40614.98828125,2208.677001953125,448518.21875,696868.75,1638126.5,221160.5625,470693.65625,539054.1875,104372.109375,1056611.875,1078492.125,9895.2578125,44151.23828125,120191.6875,1663626.625,104713.1796875,64264.54296875,2660003.75,17539960.0,69004.21875,568858.4375,52391.546875,34632.95703125
2013-01-01,517821.875,893109.3125,1173420.125,426138.5625,500315.0625,4963.6357421875,504611.03125,23994.6484375,74769.609375,31848.783203125,3296892.75,29475.884765625,7233.15283203125,3219.02197265625,69468.734375,1652165.0,3566.967529296875,22950.90625,417952.34375,16707255.0,406576.84375,622442.125,2123.60791015625,28179.732421875,73441.875,81627.6796875,27438.29296875,58646.55078125,265700.59375,131474.734375,182068.390625,1028737.4375,44800.18359375,39452.734375,121083.453125,8517.5791015625,235588.40625,2707164.5,28875.83203125,4404.5400390625,3716178.25,150032.90625,293429.5,114885.4609375,21088.87109375,2341.4638671875,17739.771484375,37853.83984375,14954.080078125,6547277.0,2625268.75,1218744.625,236847.09375,290909.96875,2279599.25,23282.001953125,5042040.5,83134.4375,129935.7734375,5439.2392578125,53884.76953125,37243.21875,16672.384765625,716395.6875,30673.4140625,14305.537109375,17139.078125,23811.39453125,2193581.75,242431.828125,29658.578125,22978.35546875,61208.34375,849873.375,166053.1875,28067.140625,21531.091796875,930997.6875,344631.03125,820678.1875,81459.0390625,76046.6953125,351353.71875,662045.0,303604.21875,1757735.75,405310.1875,18357.17578125,39665.85546875,2211.536376953125,440763.25,701311.375,1608673.0,227673.375,473450.03125,532576.75,85707.1171875,1060722.625,1079971.625,10755.6240234375,43218.65625,117919.4453125,1767366.5,107952.640625,65808.4375,2710015.0,17838098.0,70309.0,539210.125,52246.6953125,37015.28515625
2014-01-01,511422.03125,870641.0625,1173767.625,431041.34375,533235.75,4830.78466796875,511177.4375,27013.626953125,78439.1328125,35175.453125,3283211.5,30082.7421875,7729.9697265625,3179.252685546875,73862.8671875,1688899.5,3438.507080078125,24010.45703125,421150.25,17331976.0,409561.3125,638126.0625,2193.345947265625,27589.61328125,77101.4921875,94145.7109375,26199.40625,65516.76171875,267288.90625,140193.09375,190250.390625,1023232.375,46005.4375,39387.0234375,142612.9375,9912.8173828125,232105.359375,2702652.5,29493.384765625,4104.8505859375,3818016.75,155051.515625,292936.09375,117356.6953125,21169.53125,2406.72509765625,18228.283203125,40803.9765625,15446.181640625,6775478.5,2654282.5,1190812.375,254484.703125,293966.1875,2249161.75,23162.921875,4963706.5,83574.453125,141301.84375,5793.12841796875,57730.00390625,38182.55078125,17158.171875,744663.9375,32761.4921875,15412.3427734375,15915.5048828125,24483.392578125,2244421.25,239725.9375,30975.896484375,24283.6484375,64640.12109375,827695.875,169534.015625,29982.9609375,22439.412109375,989434.25,338734.625,849197.4375,89261.484375,77987.046875,353355.78125,693330.1875,302754.3125,1811203.875,414640.8125,20000.603515625,40725.25390625,2326.634765625,440208.78125,703923.625,1612163.625,233309.375,480251.90625,544112.375,86887.296875,1091579.375,1072882.0,11920.8037109375,41777.66015625,119021.9765625,1850262.875,109936.3359375,69357.6171875,2769868.75,18332030.0,72090.4609375,351723.65625,54232.9765625,37724.59765625
2015-01-01,466175.6875,906909.6875,1149595.5,448293.96875,566295.375,4858.71044921875,530633.0,30426.3515625,79732.53125,33270.37109375,3071934.25,30804.443359375,7923.95263671875,3278.956298828125,76892.1328125,1654817.625,3702.25390625,27593.1484375,419399.1875,17910582.0,412464.84375,636824.375,2211.47412109375,21279.271484375,82723.6953125,107902.1875,27366.34375,72411.0625,277028.46875,153845.15625,182703.828125,1067188.625,48326.7265625,30549.193359375,160869.140625,10789.2373046875,236363.9375,2762439.25,29658.46875,4278.25927734375,3905048.75,148295.125,293156.1875,125578.3125,21892.302734375,2859.378662109375,19522.79296875,44622.5625,16789.732421875,7189761.5,2667796.75,1060234.75,353144.03125,305229.625,2293957.25,24202.55078125,5074887.0,89057.5625,160442.5625,6231.1455078125,60414.12109375,38893.96484375,17651.462890625,762711.125,35432.421875,17404.130859375,16040.19140625,25492.072265625,2298143.5,253941.34375,34280.94140625,24918.3046875,67830.8671875,869773.4375,174052.71875,32257.6328125,22726.474609375,1003257.625,320456.625,900225.5625,99804.59375,77999.6328125,357163.25,724360.8125,313092.71875,1928564.125,437905.84375,21438.30859375,43035.4140625,2425.50439453125,452143.5625,713509.5,1700788.625,241492.0625,509045.5,562909.6875,85912.2578125,1123069.875,1103931.375,13324.9072265625,38105.14453125,117954.03125,1984242.0,116403.2109375,73095.8046875,2905721.75,18927364.0,71978.28125,152026.9375,51739.125,39961.22265625
2016-01-01,447193.09375,904730.875,1218110.25,464551.53125,605863.1875,4918.669921875,547293.9375,31884.1484375,82999.71875,36775.6171875,2925105.25,34307.578125,8349.7734375,3416.718994140625,81182.078125,1674676.0,3943.927001953125,24470.8203125,415567.125,18545632.0,414370.875,636964.4375,2369.822998046875,18353.6640625,88268.4140625,110257.59375,30257.568359375,83710.3359375,287780.25,165748.953125,181165.53125,1031618.3125,49943.29296875,27690.25,187329.75,10760.666015625,243869.765625,2803517.25,29250.83203125,4254.01171875,4020468.5,143630.234375,288693.96875,126963.90625,22706.92578125,3143.394775390625,18669.021484375,47641.17578125,18027.96875,7636911.5,2704488.0,1104674.0,380435.0625,328649.15625,2401284.0,25042.15234375,4954408.0,90547.5859375,175289.9375,6050.1025390625,62983.859375,41020.22265625,17054.455078125,778469.25,38697.515625,18463.2265625,18255.71875,27257.259765625,2371449.0,253175.421875,34004.05078125,24780.908203125,66895.4296875,871630.75,183424.71875,34388.18359375,23383.337890625,976771.4375,310118.0,905778.9375,109345.984375,80866.515625,367197.15625,769193.625,321738.90625,1991839.75,461493.1875,22257.06640625,45264.49609375,2572.746337890625,460889.28125,718710.375,1771252.5,253131.53125,520678.84375,570745.625,86016.5,1111742.0,1136613.0,14817.6953125,35403.3046875,119678.4453125,1986427.5,122259.7421875,72866.625,2961023.25,19241262.0,71624.578125,59429.8515625,54486.52734375,41680.89453125
2017-01-01,452337.34375,1026128.125,1240334.375,480926.90625,654304.75,4775.564453125,568297.125,32311.0,92562.421875,36955.8046875,2970570.75,37078.6171875,8500.01171875,3548.969482421875,85510.1796875,1771272.75,4198.60205078125,23887.72265625,428811.65625,19501140.0,434867.25,650044.0,2503.084716796875,21788.55078125,93173.296875,113877.359375,32195.4375,83190.109375,308119.15625,170901.515625,191677.71875,1005485.75,51381.7265625,32468.7734375,201764.578125,11277.48046875,253666.09375,2922007.0,31121.4921875,4313.8740234375,4237502.5,149986.875,295748.25,128992.0546875,28845.638671875,3474.89013671875,17450.9140625,50134.015625,19231.935546875,8069977.5,2819440.75,1144472.625,409848.0625,337804.46875,2474220.75,25654.482421875,5003367.5,95520.6875,195892.1875,5679.72705078125,65523.10546875,41137.4296875,18404.740234375,814839.25,40026.515625,19681.333984375,19479.3203125,27943.9609375,2405365.25,259740.765625,33583.80859375,24755.791015625,78512.265625,918735.9375,191922.484375,35705.484375,24470.62109375,966859.5625,327096.3125,945173.0,119260.703125,83863.625,382137.5,805991.5625,332017.5,2070935.625,509684.40625,23440.90234375,47185.00390625,2679.099853515625,488347.34375,738072.875,1853309.375,259296.828125,544587.6875,592403.5,88025.03125,1125149.25,1171981.625,15468.455078125,35088.546875,120652.8203125,2106730.75,120632.53125,77850.265625,3037790.75,19754754.0,72320.1640625,11206.9384765625,54565.28515625,44672.17578125
2018-01-01,480472.8125,1025747.0625,1281952.125,491529.875,703909.25,4929.23779296875,574277.9375,34089.71484375,97365.484375,38096.9375,3055464.5,40513.921875,8523.8291015625,3699.124755859375,89462.921875,1813162.625,4317.43701171875,25277.76171875,442786.0,19439218.0,447600.5,675197.0,2576.33447265625,25524.94140625,94493.5390625,122192.390625,33228.0703125,86002.9921875,312982.34375,179347.515625,194712.96875,1055879.375,52026.57421875,34920.828125,228577.296875,11865.4990234375,257947.328125,2961145.75,32524.79296875,4859.7236328125,4269387.5,156489.875,297629.65625,132225.3125,27371.283203125,3439.763427734375,17185.755859375,50487.97265625,19620.341796875,8587871.0,2973450.25,1103968.75,433609.65625,347091.75,2494745.25,26261.693359375,4976960.0,99601.0625,206778.5,5520.0791015625,67375.015625,40043.76171875,19106.5078125,850123.5625,43503.75,21230.275390625,19922.5546875,28536.701171875,2468013.25,269522.46875,33215.5703125,25117.201171875,82790.3515625,938571.625,195540.109375,34072.49609375,26164.759765625,1015577.4375,341524.75,995691.5625,122538.25,85711.328125,395547.1875,844893.875,341050.90625,2096605.375,532345.8125,25151.453125,49479.65625,2807.659912109375,513217.28125,742983.0,1895817.25,264471.3125,551598.875,608809.125,91557.0546875,1132769.0,1194562.5,16474.908203125,37961.78515625,121956.5234375,2207112.25,125040.2578125,82497.203125,3076047.5,20333180.0,73093.46875,10926.7197265625,56531.27734375,44342.453125
2019-01-01,487570.8125,991465.4375,1277449.0,496070.75,752750.875,4836.072265625,586966.375,36650.51953125,99103.8125,39212.87109375,3084710.0,43519.10546875,8660.5693359375,3941.94189453125,92454.828125,1841899.0,4523.73876953125,25586.341796875,445883.90625,19919016.0,438956.9375,695070.3125,2658.228271484375,24146.4140625,97073.265625,131016.7109375,33543.33984375,88797.96875,321613.5625,190204.09375,194528.1875,1100661.125,53657.51953125,30225.345703125,284914.375,12212.1650390625,260316.484375,3010224.0,33328.30078125,5104.68115234375,4297892.0,168337.34375,301896.875,139007.046875,29377.283203125,3266.132080078125,17140.796875,51408.2734375,19836.83203125,8900328.0,3087351.0,1078874.125,496190.625,363184.25,2500243.0,26322.5546875,5016027.0,102803.078125,217130.78125,5513.29833984375,69309.046875,40323.77734375,20314.865234375,889645.8125,47311.73046875,22313.96484375,19335.61328125,29426.189453125,2458029.5,280396.375,35366.62109375,25191.701171875,88171.5078125,955673.3125,200119.90625,33347.86328125,27302.517578125,981853.6875,335132.25,1034836.0,124981.8828125,85287.390625,402519.65625,883988.1875,349450.71875,2080972.625,556987.0625,26909.005859375,51816.9765625,3026.964599609375,512273.21875,748245.9375,1926702.125,270329.1875,559511.0625,613829.625,97221.2578125,1151411.875,1219961.875,17588.455078125,37296.21484375,125568.609375,2219237.25,130906.890625,89275.765625,3110495.0,20791364.0,73335.140625,7167.7861328125,57695.06640625,42325.1171875
