Date,Unemployment [Thousands of persons],Labor force [Thousands of persons],Vacancies [Thousands of vacancies]
1929-04-01,     346.61,   50233.47,    1007.22
1929-05-01,     829.57,   50276.86,     980.47
1929-06-01,    1036.60,   50320.26,     962.91
1929-07-01,     397.87,   50363.66,     989.13
1929-08-01,      20.16,   50407.05,     928.39
1929-09-01,     459.12,   50452.24,    1069.20
1929-10-01,    1166.49,   50497.42,     974.02
1929-11-01,     955.26,   50542.60,     816.93
1929-12-01,    1052.23,   50587.78,     765.97
1930-01-01,    1118.99,   50632.96,     646.60
1930-02-01,    1581.16,   50678.15,     656.05
1930-03-01,    1841.26,   50723.33,     624.97
1930-04-01,    1827.67,   50768.51,     623.29
1930-05-01,    1722.58,   50813.69,     597.71
1930-06-01,    1917.38,   50858.87,     573.79
1930-07-01,    2555.38,   50904.06,     537.81
1930-08-01,    3383.03,   50949.24,     537.79
1930-09-01,    3971.53,   50982.46,     509.11
1930-10-01,    4596.51,   51015.67,     492.24
1930-11-01,    5503.07,   51048.89,     501.12
1930-12-01,    6073.66,   51082.11,     486.68
1931-01-01,    5714.69,   51115.33,     492.35
1931-02-01,    5969.03,   51148.54,     508.35
1931-03-01,    6029.21,   51181.76,     511.38
1931-04-01,    6115.07,   51214.98,     492.57
1931-05-01,    6303.53,   51248.19,     461.06
1931-06-01,    6676.84,   51281.41,     435.72
1931-07-01,    7101.94,   51314.63,     441.82
1931-08-01,    7707.31,   51347.85,     425.61
1931-09-01,    8132.74,   51375.47,     388.04
1931-10-01,    8610.02,   51403.10,     368.51
1931-11-01,    9231.82,   51430.72,     405.95
1931-12-01,    9828.54,   51458.35,     406.21
1932-01-01,    9288.07,   51485.98,     375.41
1932-02-01,    9612.44,   51513.60,     385.08
1932-03-01,   10194.85,   51541.23,     357.23
1932-04-01,   10844.93,   51568.85,     311.55
1932-05-01,   11526.65,   51596.48,     309.18
1932-06-01,   12245.24,   51624.11,     311.08
1932-07-01,   12675.34,   51651.73,     298.14
1932-08-01,   12930.18,   51679.36,     301.29
1932-09-01,   12848.65,   51704.83,     307.30
1932-10-01,   12839.46,   51730.30,     331.51
1932-11-01,   12768.15,   51755.76,     312.10
1932-12-01,   13048.87,   51781.23,     308.02
1933-01-01,   12288.55,   51806.70,     310.29
1933-02-01,   12455.27,   51832.17,     300.04
1933-03-01,   13151.10,   51857.64,     246.45
1933-04-01,   13225.00,   51883.11,     300.76
1933-05-01,   13283.40,   51908.58,     308.83
1933-06-01,   13004.29,   51934.05,     340.32
1933-07-01,   12387.15,   51959.51,     344.15
1933-08-01,   11670.63,   51984.98,     355.99
1933-09-01,   11172.27,   52012.41,     318.91
1933-10-01,   11063.67,   52039.83,     331.86
1933-11-01,   11085.12,   52067.26,     328.67
1933-12-01,   10976.35,   52094.69,     326.74
1934-01-01,    9798.96,   52122.11,     355.58
1934-02-01,    9334.77,   52149.54,     353.43
1934-03-01,    8770.95,   52176.96,     342.36
1934-04-01,    8686.81,   52204.39,     354.97
1934-05-01,    8858.52,   52231.81,     358.90
1934-06-01,    9244.66,   52259.24,     326.80
1934-07-01,    9824.66,   52286.66,     326.75
1934-08-01,   10604.07,   52314.09,     314.13
1934-09-01,   11259.26,   52344.32,     315.65
1934-10-01,   11281.48,   52374.56,     317.91
1934-11-01,   11219.87,   52404.79,     331.36
1934-12-01,   10717.72,   52435.03,     347.02
1935-01-01,    9380.79,   52465.26,     341.01
1935-02-01,    9186.71,   52495.50,     341.65
1935-03-01,    9213.01,   52525.73,     356.83
1935-04-01,    9223.57,   52555.97,     356.05
1935-05-01,    9344.57,   52586.20,     343.22
1935-06-01,    9544.62,   52616.44,     356.85
1935-07-01,    9328.99,   52646.68,     372.07
1935-08-01,    9360.69,   52676.91,     366.86
1935-09-01,    9702.92,   52704.61,     408.73
1935-10-01,    9201.79,   52732.31,     405.26
1935-11-01,    8863.68,   52760.01,     411.77
1935-12-01,    8678.30,   52787.71,     425.49
1936-01-01,    7901.18,   52815.41,     405.52
1936-02-01,    7979.31,   52843.11,     417.01
1936-03-01,    7856.60,   52870.80,     493.41
1936-04-01,    8236.30,   52898.50,     474.40
1936-05-01,    7764.27,   52926.20,     520.78
1936-06-01,    7863.65,   52953.90,     530.52
1936-07-01,    7549.88,   52981.60,     524.79
1936-08-01,    7135.05,   53009.30,     540.31
1936-09-01,    7059.08,   53035.92,     550.15
1936-10-01,    7327.94,   53062.54,     541.81
1936-11-01,    7029.00,   53089.16,     570.42
1936-12-01,    6788.20,   53115.78,     562.30
1937-01-01,    6435.54,   53142.40,     564.56
1937-02-01,    6374.97,   53169.02,     560.18
1937-03-01,    6239.85,   53195.64,     561.03
1937-04-01,    6306.84,   53222.26,     581.02
1937-05-01,    5979.85,   53248.88,     585.59
1937-06-01,    6126.68,   53275.50,     560.55
1937-07-01,    5847.24,   53302.12,     494.44
1937-08-01,    5940.82,   53328.74,     524.69
1937-09-01,    6206.14,   53363.24,     525.01
1937-10-01,    6509.18,   53397.74,     464.03
1937-11-01,    7320.22,   53432.24,     394.78
1937-12-01,    8506.56,   53466.74,     349.62
1938-01-01,    9031.01,   53501.24,     360.71
1938-02-01,    9572.19,   53535.74,     350.47
1938-03-01,    9905.14,   53570.24,     342.91
1938-04-01,   10163.46,   53604.74,     329.99
1938-05-01,   10588.39,   53639.24,     320.46
1938-06-01,   10734.75,   53673.74,     316.33
1938-07-01,   10516.07,   53708.24,     340.85
1938-08-01,   10307.86,   53742.74,     347.98
1938-09-01,   10002.92,   53779.13,     345.52
1938-10-01,    9805.19,   53815.52,     363.28
1938-11-01,    9230.22,   53851.90,     378.97
1938-12-01,    8816.12,   53888.29,     369.84
1939-01-01,    9496.14,   53924.68,     375.14
1939-02-01,    9405.41,   53961.06,     365.69
1939-03-01,    9282.16,   53997.45,     385.52
1939-04-01,    9396.48,   54033.84,     381.09
1939-05-01,    9137.87,   54070.22,     372.84
1939-06-01,    8813.97,   54106.61,     390.94
1939-07-01,    8760.34,   54143.00,     389.87
1939-08-01,    8554.92,   54179.38,     386.74
1939-09-01,    8252.63,   54222.25,     391.73
1939-10-01,    8400.24,   54265.12,     441.03
1939-11-01,    8412.31,   54307.99,     424.15
1939-12-01,    8255.90,   54350.86,     429.05
1940-01-01,    8447.35,   54393.74,     437.21
1940-02-01,    8530.22,   54436.61,     449.05
1940-03-01,    8188.27,   54479.48,     413.40
1940-04-01,    8625.44,   54522.35,     404.03
1940-05-01,    8457.61,   54565.22,     412.64
1940-06-01,    7306.56,   54608.09,     423.27
1940-07-01,    7711.25,   54650.96,     408.33
1940-08-01,    8171.26,   54693.83,     412.01
1940-09-01,    7291.10,   54737.98,     484.53
1940-10-01,    8085.84,   54782.14,     471.00
1940-11-01,    7812.75,   54826.30,     485.95
1940-12-01,    7358.13,   54870.46,     526.48
1941-01-01,    6661.14,   54914.61,     563.04
1941-02-01,    6441.17,   54958.77,     597.83
1941-03-01,    6523.35,   55002.93,     619.77
1941-04-01,    6737.76,   55047.08,     673.18
1941-05-01,    6010.45,   55091.24,     707.00
1941-06-01,    5425.32,   55135.40,     750.40
1941-07-01,    5076.52,   55179.55,     776.80
1941-08-01,    5262.82,   55223.71,     768.86
1941-09-01,    4974.66,   55273.98,     765.97
1941-10-01,    4315.29,   55324.24,     733.29
1941-11-01,    4081.10,   55374.51,     749.47
1941-12-01,    3829.85,   55424.77,     778.76
1942-01-01,    3883.25,   55475.03,     799.57
1942-02-01,    3725.75,   55525.30,     831.02
1942-03-01,    3523.49,   55575.56,     911.10
1942-04-01,    3198.49,   55625.83,    1003.92
1942-05-01,    2750.40,   55676.09,    1037.38
1942-06-01,    2546.69,   55726.36,    1035.13
1942-07-01,    2415.13,   55776.62,    1098.63
1942-08-01,    2087.93,   55826.89,    1287.39
1942-09-01,    1822.07,   55891.74,    1488.59
1942-10-01,    1807.40,   55956.58,    1570.73
1942-11-01,    1747.87,   56021.43,    1717.03
1942-12-01,    1615.28,   56086.28,    1668.37
1943-01-01,    1347.63,   56151.13,    1756.53
1943-02-01,    1332.32,   56215.97,    1935.12
1943-03-01,    1136.87,   56280.82,    2007.86
1943-04-01,    1087.47,   56345.67,    2026.88
1943-05-01,    1026.67,   56410.51,    2056.43
1943-06-01,    1174.69,   56475.36,    2080.11
1943-07-01,    1221.27,   56540.21,    2132.37
1943-08-01,    1024.55,   56605.06,    2199.74
1943-09-01,     968.92,   56662.25,    2122.51
1943-10-01,     918.86,   56719.45,    2132.43
1943-11-01,     794.87,   56776.64,    2144.24
1943-12-01,     767.26,   56833.84,    2329.96
1944-01-01,     768.03,   56891.04,    2335.05
1944-02-01,     671.99,   56948.23,    2475.71
1944-03-01,     723.97,   57005.43,    2466.28
1944-04-01,     696.16,   57062.62,    2447.32
1944-05-01,     811.10,   57119.82,    2684.19
1944-06-01,     823.35,   57177.01,    2701.37
1944-07-01,     807.00,   57234.21,    2154.65
1944-08-01,     687.50,   57291.40,    2237.53
1944-09-01,     682.40,   57344.21,    2320.07
1944-10-01,     522.31,   57397.02,    2635.70
1944-11-01,     568.75,   57449.83,    2776.82
1944-12-01,     575.03,   57502.64,    2902.23
1945-01-01,     604.33,   57555.45,    2877.55
1945-02-01,     633.69,   57608.26,    2823.13
1945-03-01,     616.97,   57661.06,    2790.28
1945-04-01,     588.68,   57713.87,    2840.66
1945-05-01,     606.55,   57766.68,    2785.29
1945-06-01,     849.95,   57819.49,    2835.20
1945-07-01,     891.23,   57872.30,    3103.38
1945-08-01,     874.67,   57925.11,    2718.13
1945-09-01,    1971.17,   57975.49,    2396.49
1945-10-01,    1932.26,   58025.87,    2291.09
1945-11-01,    2050.09,   58076.25,    2280.37
1945-12-01,    2278.56,   58126.63,    2204.85
1946-01-01,    2303.81,   58177.00,    2186.30
1946-02-01,    2305.80,   58227.38,    2012.19
1946-03-01,    2453.49,   58277.76,    2106.39
1946-04-01,    2274.80,   58328.14,    2130.37
1946-05-01,    2486.93,   58378.52,    1898.87
1946-06-01,    2348.84,   58428.90,    2123.70
1946-07-01,    2070.17,   58479.28,    2238.47
1946-08-01,    2183.16,   58529.66,    2097.90
1946-09-01,    2327.38,   58624.10,    2070.78
1946-10-01,    2348.74,   58718.53,    1998.00
1946-11-01,    2328.99,   58812.97,    1952.64
1946-12-01,    2450.55,   58907.40,    1902.65
1947-01-01,    2187.16,   59001.84,    1884.21
1947-02-01,    2045.93,   59096.27,    1904.38
1947-03-01,    2056.29,   59190.71,    1845.99
1947-04-01,    2329.48,   59285.14,    1780.35
1947-05-01,    2070.23,   59379.58,    1762.91
1947-06-01,    2165.01,   59474.02,    1704.98
1947-07-01,    2187.55,   59568.45,    1666.19
1947-08-01,    2143.99,   59662.89,    1735.98
1947-09-01,    2090.51,   59749.31,    1999.44
1947-10-01,    2083.58,   59835.73,    1864.13
1947-11-01,    1941.87,   59922.15,    1813.32
1947-12-01,    1907.16,   60008.58,    1788.21
1948-01-01,    2043.23,   60095.00,    1676.82
1948-02-01,    2299.91,   60524.00,    1661.73
1948-03-01,    2402.80,   60070.00,    1566.09
1948-04-01,    2366.40,   60677.00,    1576.77
1948-05-01,    2099.02,   59972.00,    1597.45
1948-06-01,    2194.45,   60957.00,    1584.89
1948-07-01,    2202.52,   61181.00,    1572.05
1948-08-01,    2371.43,   60806.00,    1532.01
1948-09-01,    2310.97,   60815.00,    1622.68
1948-10-01,    2243.90,   60646.00,    1459.93
1948-11-01,    2306.68,   60702.00,    1390.99
1948-12-01,    2446.76,   61169.00,    1282.11
1949-01-01,    2613.15,   60771.00,    1206.53
1949-02-01,    2869.68,   61057.00,    1062.46
1949-03-01,    3053.65,   61073.00,    1068.06
1949-04-01,    3233.37,   61007.00,    1022.92
1949-05-01,    3736.80,   61259.00,    1010.20
1949-06-01,    3778.78,   60948.00,     975.49
1949-07-01,    4107.17,   61301.00,     918.57
1949-08-01,    4188.12,   61590.00,     884.18
1949-09-01,    4067.78,   61633.00,     846.23
1949-10-01,    4912.61,   62185.00,     805.24
1949-11-01,    3968.32,   62005.00,     790.69
1949-12-01,    4085.93,   61908.00,     792.06
1950-01-01,    4007.97,   61661.00,     894.23
1950-02-01,    3947.97,   61687.00,     918.47
1950-03-01,    3881.05,   61604.00,     930.51
1950-04-01,    3605.16,   62158.00,     977.78
1950-05-01,    3414.57,   62083.00,    1000.19
1950-06-01,    3370.63,   62419.00,    1078.70
1950-07-01,    3106.05,   62121.00,    1155.76
1950-08-01,    2816.82,   62596.00,    1309.26
1950-09-01,    2743.36,   62349.00,    1287.40
1950-10-01,    2621.98,   62428.00,    1374.39
1950-11-01,    2616.01,   62286.00,    1396.32
1950-12-01,    2668.92,   62068.00,    1429.50
1951-01-01,    2291.82,   61941.00,    1568.82
1951-02-01,    2100.45,   61778.00,    1572.61
1951-03-01,    2125.88,   62526.00,    1715.65
1951-04-01,    1916.05,   61808.00,    1728.60
1951-05-01,    1861.32,   62044.00,    1744.36
1951-06-01,    1971.68,   61615.00,    1690.46
1951-07-01,    1925.29,   62106.00,    1686.14
1951-08-01,    1919.74,   61927.00,    1674.35
1951-09-01,    2038.74,   61780.00,    1686.50
1951-10-01,    2177.14,   62204.00,    1678.35
1951-11-01,    2170.49,   62014.00,    1686.82
1951-12-01,    1936.17,   62457.00,    1745.93
1952-01-01,    1997.82,   62432.00,    1707.18
1952-02-01,    1934.99,   62419.00,    1749.12
1952-03-01,    1789.91,   61721.00,    1672.87
1952-04-01,    1789.88,   61720.00,    1696.40
1952-05-01,    1861.74,   62058.00,    1636.35
1952-06-01,    1863.09,   62103.00,    1600.36
1952-07-01,    1982.78,   61962.00,    1527.69
1952-08-01,    2103.82,   61877.00,    1625.13
1952-09-01,    1936.17,   62457.00,    1762.64
1952-10-01,    1859.13,   61971.00,    1793.40
1952-11-01,    1749.75,   62491.00,    1873.62
1952-12-01,    1690.77,   62621.00,    1857.52
1953-01-01,    1839.73,   63439.00,    1771.34
1953-02-01,    1651.52,   63520.00,    1858.41
1953-03-01,    1655.08,   63657.00,    1869.46
1953-04-01,    1705.51,   63167.00,    1763.92
1953-05-01,    1565.38,   62615.00,    1767.14
1953-06-01,    1576.58,   63063.00,    1678.26
1953-07-01,    1639.48,   63057.00,    1564.89
1953-08-01,    1696.03,   62816.00,    1520.31
1953-09-01,    1819.08,   62727.00,    1464.35
1953-10-01,    1948.88,   62867.00,    1330.31
1953-11-01,    2203.22,   62949.00,    1202.56
1953-12-01,    2825.78,   62795.00,    1090.88
1954-01-01,    3091.95,   63101.00,    1016.31
1954-02-01,    3327.69,   63994.00,     978.48
1954-03-01,    3636.20,   63793.00,     943.95
1954-04-01,    3772.11,   63934.00,     922.13
1954-05-01,    3756.82,   63675.00,     887.66
1954-06-01,    3547.21,   63343.00,     917.97
1954-07-01,    3671.52,   63302.00,     905.11
1954-08-01,    3822.42,   63707.00,     901.93
1954-09-01,    3916.75,   64209.00,     859.98
1954-10-01,    3644.35,   63936.00,     900.81
1954-11-01,    3379.23,   63759.00,     960.01
1954-12-01,    3165.60,   63312.00,     999.62
1955-01-01,    3131.59,   63910.00,    1043.65
1955-02-01,    2993.71,   63696.00,    1070.59
1955-03-01,    2938.57,   63882.00,    1151.37
1955-04-01,    3034.51,   64564.00,    1213.04
1955-05-01,    2768.38,   64381.00,    1280.51
1955-06-01,    2708.24,   64482.00,    1274.80
1955-07-01,    2605.80,   65145.00,    1376.18
1955-08-01,    2754.40,   65581.00,    1438.41
1955-09-01,    2690.75,   65628.00,    1431.40
1955-10-01,    2830.30,   65821.00,    1515.59
1955-11-01,    2773.55,   66037.00,    1520.84
1955-12-01,    2790.69,   66445.00,    1515.49
1956-01-01,    2656.76,   66419.00,    1572.41
1956-02-01,    2578.84,   66124.00,    1623.35
1956-03-01,    2779.35,   66175.00,    1476.37
1956-04-01,    2650.56,   66264.00,    1533.02
1956-05-01,    2869.05,   66722.00,    1500.93
1956-06-01,    2868.19,   66702.00,    1485.54
1956-07-01,    2937.09,   66752.00,    1416.12
1956-08-01,    2733.59,   66673.00,    1430.72
1956-09-01,    2601.85,   66714.00,    1467.39
1956-10-01,    2595.29,   66546.00,    1528.26
1956-11-01,    2866.25,   66657.00,    1479.11
1956-12-01,    2801.40,   66700.00,    1490.40
1957-01-01,    2789.98,   66428.00,    1474.48
1957-02-01,    2608.28,   66879.00,    1429.35
1957-03-01,    2475.78,   66913.00,    1397.26
1957-04-01,    2599.23,   66647.00,    1332.18
1957-05-01,    2734.49,   66695.00,    1317.06
1957-06-01,    2883.24,   67052.00,    1275.83
1957-07-01,    2828.11,   67336.00,    1268.70
1957-08-01,    2734.95,   66706.00,    1205.32
1957-09-01,    2950.82,   67064.00,    1189.99
1957-10-01,    3017.97,   67066.00,    1053.88
1957-11-01,    3423.27,   67123.00,     969.32
1957-12-01,    3504.70,   67398.00,     971.27
1958-01-01,    3891.51,   67095.00,     895.64
1958-02-01,    4300.86,   67201.00,     845.03
1958-03-01,    4503.94,   67223.00,     802.83
1958-04-01,    5005.88,   67647.00,     774.06
1958-05-01,    5024.23,   67895.00,     764.90
1958-06-01,    4940.20,   67674.00,     812.35
1958-07-01,    5086.80,   67824.00,     836.19
1958-08-01,    5034.74,   68037.00,     855.35
1958-09-01,    4828.14,   68002.00,     858.68
1958-10-01,    4559.02,   68045.00,     903.25
1958-11-01,    4194.80,   67658.00,     942.46
1958-12-01,    4199.88,   67740.00,     972.42
1959-01-01,    4076.16,   67936.00,     972.80
1959-02-01,    3991.29,   67649.00,    1070.03
1959-03-01,    3811.81,   68068.00,    1125.38
1959-04-01,    3553.63,   68339.00,    1190.79
1959-05-01,    3477.08,   68178.00,    1209.55
1959-06-01,    3413.90,   68278.00,    1231.01
1959-07-01,    3495.49,   68539.00,    1229.51
1959-08-01,    3558.46,   68432.00,    1223.33
1959-09-01,    3769.97,   68545.00,    1230.97
1959-10-01,    3922.80,   68821.00,    1202.69
1959-11-01,    3974.91,   68533.00,    1223.71
1959-12-01,    3656.68,   68994.00,    1212.41
1960-01-01,    3586.02,   68962.00,    1233.95
1960-02-01,    3309.55,   68949.00,    1233.95
1960-03-01,    3693.55,   68399.00,    1189.35
1960-04-01,    3618.11,   69579.00,    1144.75
1960-05-01,    3550.93,   69626.00,    1129.88
1960-06-01,    3776.44,   69934.00,    1100.15
1960-07-01,    3835.97,   69745.00,    1062.98
1960-08-01,    3911.10,   69841.00,    1048.11
1960-09-01,    3858.30,   70151.00,    1003.51
1960-10-01,    4262.92,   69884.00,     966.35
1960-11-01,    4296.78,   70439.00,     944.05
1960-12-01,    4646.07,   70395.00,     899.44
1961-01-01,    4649.50,   70447.00,     899.44
1961-02-01,    4858.98,   70420.00,     884.58
1961-03-01,    4878.51,   70703.00,     899.44
1961-04-01,    4918.69,   70267.00,     906.88
1961-05-01,    5002.09,   70452.00,     944.05
1961-06-01,    4890.58,   70878.00,     951.48
1961-07-01,    4937.52,   70536.00,     981.21
1961-08-01,    4655.24,   70534.00,    1018.38
1961-09-01,    4704.54,   70217.00,    1040.68
1961-10-01,    4581.98,   70492.00,    1092.71
1961-11-01,    4292.94,   70376.00,    1129.88
1961-12-01,    4204.62,   70077.00,    1122.45
1962-01-01,    4070.96,   70189.00,    1174.48
1962-02-01,    3872.49,   70409.00,    1152.18
1962-03-01,    3943.18,   70414.00,    1152.18
1962-04-01,    3935.57,   70278.00,    1152.18
1962-05-01,    3880.30,   70551.00,    1189.35
1962-06-01,    3878.27,   70514.00,    1152.18
1962-07-01,    3796.31,   70302.00,    1152.18
1962-08-01,    4045.92,   70981.00,    1122.45
1962-09-01,    3984.57,   71153.00,    1100.15
1962-10-01,    3829.52,   70917.00,    1085.28
1962-11-01,    4039.65,   70871.00,    1085.28
1962-12-01,    3896.97,   70854.00,    1085.28
1963-01-01,    4055.32,   71146.00,    1100.15
1963-02-01,    4204.46,   71262.00,    1100.15
1963-03-01,    4071.11,   71423.00,    1115.01
1963-04-01,    4086.73,   71697.00,    1092.71
1963-05-01,    4238.09,   71832.00,    1070.41
1963-06-01,    4011.06,   71626.00,    1077.85
1963-07-01,    4029.54,   71956.00,    1107.58
1963-08-01,    3876.44,   71786.00,    1092.71
1963-09-01,    3967.20,   72131.00,    1085.28
1963-10-01,    3975.45,   72281.00,    1122.45
1963-11-01,    4127.83,   72418.00,    1100.15
1963-12-01,    3970.34,   72188.00,    1159.61
1964-01-01,    4051.94,   72356.00,    1159.61
1964-02-01,    3924.88,   72683.00,    1137.31
1964-03-01,    3926.50,   72713.00,    1152.18
1964-04-01,    3883.52,   73274.00,    1196.78
1964-05-01,    3743.14,   73395.00,    1196.78
1964-06-01,    3797.66,   73032.00,    1241.38
1964-07-01,    3577.34,   73007.00,    1278.55
1964-08-01,    3655.90,   73118.00,    1256.25
1964-09-01,    3737.79,   73290.00,    1271.12
1964-10-01,    3738.71,   73308.00,    1271.12
1964-11-01,    3517.73,   73286.00,    1330.58
1964-12-01,    3673.25,   73465.00,    1323.15
1965-01-01,    3604.88,   73569.00,    1338.02
1965-02-01,    3766.71,   73857.00,    1390.05
1965-03-01,    3475.60,   73949.00,    1404.92
1965-04-01,    3562.94,   74228.00,    1419.78
1965-05-01,    3425.44,   74466.00,    1471.82
1965-06-01,    3422.95,   74412.00,    1486.69
1965-07-01,    3289.48,   74761.00,    1486.69
1965-08-01,    3283.10,   74616.00,    1538.72
1965-09-01,    3203.59,   74502.00,    1598.19
1965-10-01,    3143.20,   74838.00,    1642.79
1965-11-01,    3066.68,   74797.00,    1754.29
1965-12-01,    3003.72,   75093.00,    1784.02
1966-01-01,    3007.44,   75186.00,    1798.89
1966-02-01,    2848.25,   74954.00,    1843.49
1966-03-01,    2852.85,   75075.00,    1947.56
1966-04-01,    2862.84,   75338.00,    1865.79
1966-05-01,    2942.43,   75447.00,    1880.66
1966-06-01,    2874.59,   75647.00,    1895.52
1966-07-01,    2877.97,   75736.00,    1895.52
1966-08-01,    2889.75,   76046.00,    1865.79
1966-09-01,    2814.07,   76056.00,    1828.62
1966-10-01,    2819.36,   76199.00,    1828.62
1966-11-01,    2757.96,   76610.00,    1821.19
1966-12-01,    2912.36,   76641.00,    1798.89
1967-01-01,    2988.92,   76639.00,    1813.76
1967-02-01,    2907.80,   76521.00,    1798.89
1967-03-01,    2900.46,   76328.00,    1754.29
1967-04-01,    2917.53,   76777.00,    1761.72
1967-05-01,    2917.37,   76773.00,    1746.86
1967-06-01,    3013.53,   77270.00,    1731.99
1967-07-01,    2943.63,   77464.00,    1694.82
1967-08-01,    2953.06,   77712.00,    1739.42
1967-09-01,    2956.86,   77812.00,    1717.12
1967-10-01,    3127.76,   78194.00,    1746.86
1967-11-01,    3049.45,   78191.00,    1731.99
1967-12-01,    2982.66,   78491.00,    1739.42
1968-01-01,    2870.39,   77578.00,    1798.89
1968-02-01,    2972.74,   78230.00,    1761.72
1968-03-01,    2895.47,   78256.00,    1798.89
1968-04-01,    2739.45,   78270.00,    1828.62
1968-05-01,    2759.64,   78847.00,    1821.19
1968-06-01,    2927.44,   79120.00,    1813.76
1968-07-01,    2921.89,   78970.00,    1865.79
1968-08-01,    2758.39,   78811.00,    1902.96
1968-09-01,    2681.17,   78858.00,    1940.12
1968-10-01,    2683.04,   78913.00,    2036.76
1968-11-01,    2693.11,   79209.00,    2029.33
1968-12-01,    2701.74,   79463.00,    1992.16
1969-01-01,    2703.78,   79523.00,    2073.93
1969-02-01,    2720.65,   80019.00,    2059.06
1969-03-01,    2722.69,   80079.00,    2073.93
1969-04-01,    2729.55,   80281.00,    2088.79
1969-05-01,    2724.25,   80125.00,    2096.23
1969-06-01,    2824.36,   80696.00,    2007.03
1969-07-01,    2828.95,   80827.00,    1992.16
1969-08-01,    2838.71,   81106.00,    1947.56
1969-09-01,    3007.73,   81290.00,    2059.06
1969-10-01,    3015.28,   81494.00,    2021.89
1969-11-01,    2848.89,   81397.00,    1977.29
1969-12-01,    2856.84,   81624.00,    1902.96
1970-01-01,    3197.26,   81981.00,    1813.76
1970-02-01,    3450.34,   82151.00,    1791.46
1970-03-01,    3629.91,   82498.00,    1687.39
1970-04-01,    3805.44,   82727.00,    1635.35
1970-05-01,    3959.18,   82483.00,    1538.72
1970-06-01,    4041.72,   82484.00,    1508.99
1970-07-01,    4145.05,   82901.00,    1449.52
1970-08-01,    4226.88,   82880.00,    1434.65
1970-09-01,    4479.52,   82954.00,    1419.78
1970-10-01,    4580.18,   83276.00,    1315.72
1970-11-01,    4929.33,   83548.00,    1308.28
1970-12-01,    5103.87,   83670.00,    1308.28
1971-01-01,    4947.15,   83850.00,    1256.25
1971-02-01,    4932.58,   83603.00,    1293.42
1971-03-01,    5014.50,   83575.00,    1293.42
1971-04-01,    4952.81,   83946.00,    1285.98
1971-05-01,    4963.97,   84135.00,    1300.85
1971-06-01,    4938.65,   83706.00,    1360.32
1971-07-01,    5060.40,   84340.00,    1330.58
1971-08-01,    5165.05,   84673.00,    1338.02
1971-09-01,    5083.86,   84731.00,    1323.15
1971-10-01,    4922.58,   84872.00,    1338.02
1971-11-01,    5127.48,   85458.00,    1360.32
1971-12-01,    5137.50,   85625.00,    1375.18
1972-01-01,    4986.72,   85978.00,    1434.65
1972-02-01,    4904.05,   86036.00,    1464.39
1972-03-01,    5023.44,   86611.00,    1486.69
1972-04-01,    4937.00,   86614.00,    1501.55
1972-05-01,    4948.11,   86809.00,    1523.85
1972-06-01,    4959.34,   87006.00,    1538.72
1972-07-01,    4880.01,   87143.00,    1568.45
1972-08-01,    4900.95,   87517.00,    1620.49
1972-09-01,    4806.56,   87392.00,    1642.79
1972-10-01,    4899.50,   87491.00,    1717.12
1972-11-01,    4642.38,   87592.00,    1746.86
1972-12-01,    4573.04,   87943.00,    1888.09
1973-01-01,    4286.86,   87487.00,    1947.56
1973-02-01,    4418.20,   88364.00,    1925.26
1973-03-01,    4353.45,   88846.00,    1932.69
1973-04-01,    4450.90,   89018.00,    1895.52
1973-05-01,    4359.87,   88977.00,    1917.82
1973-06-01,    4387.85,   89548.00,    1917.82
1973-07-01,    4300.99,   89604.00,    1947.56
1973-08-01,    4296.43,   89509.00,    1902.96
1973-09-01,    4312.22,   89838.00,    1880.66
1973-10-01,    4146.03,   90131.00,    1902.96
1973-11-01,    4354.37,   90716.00,    1880.66
1973-12-01,    4453.61,   90890.00,    1798.89
1974-01-01,    4651.15,   91199.00,    1791.46
1974-02-01,    4757.22,   91485.00,    1746.86
1974-03-01,    4664.10,   91453.00,    1754.29
1974-04-01,    4655.64,   91287.00,    1813.76
1974-05-01,    4671.40,   91596.00,    1784.02
1974-06-01,    4960.87,   91868.00,    1731.99
1974-07-01,    5071.66,   92212.00,    1665.09
1974-08-01,    5063.24,   92059.00,    1627.92
1974-09-01,    5456.79,   92488.00,    1553.59
1974-10-01,    5551.08,   92518.00,    1442.08
1974-11-01,    6122.56,   92766.00,    1330.58
1974-12-01,    6680.16,   92780.00,    1219.08
1975-01-01,    7543.37,   93128.00,    1144.75
1975-02-01,    7514.86,   92776.00,    1122.45
1975-03-01,    8012.19,   93165.00,    1085.28
1975-04-01,    8219.11,   93399.00,    1085.28
1975-05-01,    8449.56,   93884.00,    1077.85
1975-06-01,    8234.60,   93575.00,    1159.61
1975-07-01,    8085.81,   94021.00,    1174.48
1975-08-01,    7909.61,   94162.00,    1159.61
1975-09-01,    7912.97,   94202.00,    1189.35
1975-10-01,    7918.43,   94267.00,    1189.35
1975-11-01,    7822.75,   94250.00,    1233.95
1975-12-01,    7741.54,   94409.00,    1233.95
1976-01-01,    7499.79,   94934.00,    1256.25
1976-02-01,    7314.85,   94998.00,    1323.15
1976-03-01,    7236.34,   95215.00,    1330.58
1976-04-01,    7372.44,   95746.00,    1315.72
1976-05-01,    7092.68,   95847.00,    1345.45
1976-06-01,    7287.26,   95885.00,    1352.88
1976-07-01,    7533.47,   96583.00,    1330.58
1976-08-01,    7545.80,   96741.00,    1330.58
1976-09-01,    7338.03,   96553.00,    1323.15
1976-10-01,    7446.21,   96704.00,    1338.02
1976-11-01,    7585.81,   97254.00,    1360.32
1976-12-01,    7593.14,   97348.00,    1419.78
1977-01-01,    7290.60,   97208.00,    1464.39
1977-02-01,    7431.66,   97785.00,    1456.95
1977-03-01,    7260.51,   98115.00,    1494.12
1977-04-01,    7079.76,   98330.00,    1531.29
1977-05-01,    6906.55,   98665.00,    1568.45
1977-06-01,    7134.70,   99093.00,    1575.89
1977-07-01,    6825.00,   98913.00,    1620.49
1977-08-01,    6955.62,   99366.00,    1650.22
1977-09-01,    6762.80,   99453.00,    1642.79
1977-10-01,    6787.42,   99815.00,    1717.12
1977-11-01,    6839.17,  100576.00,    1761.72
1977-12-01,    6431.42,  100491.00,    1813.76
1978-01-01,    6455.87,  100873.00,    1821.19
1978-02-01,    6352.73,  100837.00,    1836.06
1978-03-01,    6368.80,  101092.00,    1888.09
1978-04-01,    6196.01,  101574.00,    1992.16
1978-05-01,    6113.76,  101896.00,    1969.86
1978-06-01,    6039.89,  102371.00,    1962.42
1978-07-01,    6348.74,  102399.00,    1962.42
1978-08-01,    6048.15,  102511.00,    1992.16
1978-09-01,    6167.70,  102795.00,    2014.46
1978-10-01,    5978.64,  103080.00,    2073.93
1978-11-01,    6110.16,  103562.00,    2051.63
1978-12-01,    6228.54,  103809.00,    2059.06
1979-01-01,    6139.36,  104057.00,    2036.76
1979-02-01,    6165.62,  104502.00,    1984.72
1979-03-01,    6066.16,  104589.00,    1999.59
1979-04-01,    6041.98,  104172.00,    2073.93
1979-05-01,    5833.58,  104171.00,    2059.06
1979-06-01,    5964.37,  104638.00,    2021.89
1979-07-01,    5985.11,  105002.00,    1999.59
1979-08-01,    6305.76,  105096.00,    2021.89
1979-09-01,    6226.27,  105530.00,    2066.49
1979-10-01,    6342.00,  105700.00,    2096.23
1979-11-01,    6242.91,  105812.00,    1962.42
1979-12-01,    6375.48,  106258.00,    1940.12
1980-01-01,    6713.41,  106562.00,    1888.09
1980-02-01,    6721.91,  106697.00,    1843.49
1980-03-01,    6705.85,  106442.00,    1821.19
1980-04-01,    7354.78,  106591.00,    1605.62
1980-05-01,    8019.68,  106929.00,    1471.82
1980-06-01,    8115.28,  106780.00,    1494.12
1980-07-01,    8358.40,  107159.00,    1494.12
1980-08-01,    8247.08,  107105.00,    1501.55
1980-09-01,    8032.35,  107098.00,    1568.45
1980-10-01,    8055.38,  107405.00,    1568.45
1980-11-01,    8067.60,  107568.00,    1635.35
1980-12-01,    7729.34,  107352.00,    1575.89
1981-01-01,    8101.95,  108026.00,    1531.29
1981-02-01,    8009.91,  108242.00,    1553.59
1981-03-01,    8032.92,  108553.00,    1546.15
1981-04-01,    7842.60,  108925.00,    1538.72
1981-05-01,    8191.65,  109222.00,    1516.42
1981-06-01,    8129.70,  108396.00,    1538.72
1981-07-01,    7816.03,  108556.00,    1523.85
1981-08-01,    8045.65,  108725.00,    1508.99
1981-09-01,    8230.34,  108294.00,    1434.65
1981-10-01,    8612.90,  109024.00,    1345.45
1981-11-01,    9066.59,  109236.00,    1338.02
1981-12-01,    9257.52,  108912.00,    1278.55
1982-01-01,    9381.65,  109089.00,    1271.12
1982-02-01,    9742.56,  109467.00,    1219.08
1982-03-01,    9861.03,  109567.00,    1181.91
1982-04-01,   10213.26,  109820.00,    1129.88
1982-05-01,   10382.39,  110451.00,    1115.01
1982-06-01,   10567.78,  110081.00,    1055.55
1982-07-01,   10813.52,  110342.00,    1003.51
1982-08-01,   10830.37,  110514.00,     973.78
1982-09-01,   11182.82,  110721.00,     921.74
1982-10-01,   11517.38,  110744.00,     921.74
1982-11-01,   11993.40,  111050.00,     921.74
1982-12-01,   11996.96,  111083.00,     958.91
1983-01-01,   11512.28,  110695.00,     973.78
1983-02-01,   11505.94,  110634.00,     973.78
1983-03-01,   11390.46,  110587.00,    1003.51
1983-04-01,   11304.46,  110828.00,    1025.81
1983-05-01,   11190.40,  110796.00,    1115.01
1983-06-01,   11299.78,  111879.00,    1107.58
1983-07-01,   10505.06,  111756.00,    1174.48
1983-08-01,   10661.94,  112231.00,    1189.35
1983-09-01,   10331.42,  112298.00,    1211.65
1983-10-01,    9849.49,  111926.00,    1330.58
1983-11-01,    9539.38,  112228.00,    1330.58
1983-12-01,    9323.14,  112327.00,    1382.62
1984-01-01,    8976.72,  112209.00,    1419.78
1984-02-01,    8783.97,  112615.00,    1479.25
1984-03-01,    8791.61,  112713.00,    1479.25
1984-04-01,    8708.55,  113098.00,    1538.72
1984-05-01,    8410.03,  113649.00,    1553.59
1984-06-01,    8194.82,  113817.00,    1583.32
1984-07-01,    8547.90,  113972.00,    1605.62
1984-08-01,    8526.15,  113682.00,    1553.59
1984-09-01,    8311.56,  113857.00,    1590.75
1984-10-01,    8437.41,  114019.00,    1598.19
1984-11-01,    8220.24,  114170.00,    1575.89
1984-12-01,    8364.41,  114581.00,    1635.35
1985-01-01,    8374.92,  114725.00,    1590.75
1985-02-01,    8271.07,  114876.00,    1598.19
1985-03-01,    8303.62,  115328.00,    1635.35
1985-04-01,    8419.16,  115331.00,    1590.75
1985-05-01,    8296.85,  115234.00,    1627.92
1985-06-01,    8507.41,  114965.00,    1627.92
1985-07-01,    8533.68,  115320.00,    1613.05
1985-08-01,    8185.66,  115291.00,    1620.49
1985-09-01,    8229.25,  115905.00,    1642.79
1985-10-01,    8246.30,  116145.00,    1613.05
1985-11-01,    8129.45,  116135.00,    1642.79
1985-12-01,    8144.78,  116354.00,    1598.19
1986-01-01,    7817.69,  116682.00,    1590.75
1986-02-01,    8415.50,  116882.00,    1583.32
1986-03-01,    8439.84,  117220.00,    1568.45
1986-04-01,    8329.44,  117316.00,    1575.89
1986-05-01,    8462.02,  117528.00,    1546.15
1986-06-01,    8502.05,  118084.00,    1635.35
1986-07-01,    8269.03,  118129.00,    1568.45
1986-08-01,    8152.35,  118150.00,    1583.32
1986-09-01,    8287.65,  118395.00,    1598.19
1986-10-01,    8296.12,  118516.00,    1590.75
1986-11-01,    8185.75,  118634.00,    1657.65
1986-12-01,    7828.33,  118611.00,    1568.45
1987-01-01,    7843.77,  118845.00,    1546.15
1987-02-01,    7862.05,  119122.00,    1635.35
1987-03-01,    7871.82,  119270.00,    1702.25
1987-04-01,    7518.17,  119336.00,    1687.39
1987-05-01,    7560.50,  120008.00,    1724.56
1987-06-01,    7417.93,  119644.00,    1724.56
1987-07-01,    7314.02,  119902.00,    1724.56
1987-08-01,    7219.08,  120318.00,    1798.89
1987-09-01,    7080.65,  120011.00,    1791.46
1987-10-01,    7230.54,  120509.00,    1806.32
1987-11-01,    6991.32,  120540.00,    1828.62
1987-12-01,    6881.55,  120729.00,    1746.86
1988-01-01,    6895.23,  120969.00,    1702.25
1988-02-01,    6905.89,  121156.00,    1724.56
1988-03-01,    6892.04,  120913.00,    1769.16
1988-04-01,    6547.55,  121251.00,    1754.29
1988-05-01,    6779.98,  121071.00,    1791.46
1988-06-01,    6559.54,  121473.00,    1739.42
1988-07-01,    6569.91,  121665.00,    1769.16
1988-08-01,    6839.00,  122125.00,    1769.16
1988-09-01,    6585.84,  121960.00,    1694.82
1988-10-01,    6599.12,  122206.00,    1784.02
1988-11-01,    6499.76,  122637.00,    1724.56
1988-12-01,    6498.97,  122622.00,    1761.72
1989-01-01,    6663.06,  123390.00,    1702.25
1989-02-01,    6403.02,  123135.00,    1702.25
1989-03-01,    6161.35,  123227.00,    1657.65
1989-04-01,    6425.38,  123565.00,    1739.42
1989-05-01,    6420.65,  123474.00,    1665.09
1989-06-01,    6571.73,  123995.00,    1590.75
1989-07-01,    6446.28,  123967.00,    1620.49
1989-08-01,    6456.63,  124166.00,    1605.62
1989-09-01,    6569.03,  123944.00,    1598.19
1989-10-01,    6583.18,  124211.00,    1635.35
1989-11-01,    6730.40,  124637.00,    1568.45
1989-12-01,    6722.84,  124497.00,    1620.49
1990-01-01,    6794.98,  125833.00,    1583.32
1990-02-01,    6662.63,  125710.00,    1516.42
1990-03-01,    6541.65,  125801.00,    1508.99
1990-04-01,    6785.05,  125649.00,    1486.69
1990-05-01,    6798.22,  125893.00,    1449.52
1990-06-01,    6529.80,  125573.00,    1434.65
1990-07-01,    6915.26,  125732.00,    1434.65
1990-08-01,    7181.43,  125990.00,    1375.18
1990-09-01,    7427.63,  125892.00,    1323.15
1990-10-01,    7433.70,  125995.00,    1256.25
1990-11-01,    7816.34,  126070.00,    1167.05
1990-12-01,    7946.95,  126142.00,    1167.05
1991-01-01,    8061.12,  125955.00,    1085.28
1991-02-01,    8317.32,  126020.00,    1048.11
1991-03-01,    8584.18,  126238.00,    1025.81
1991-04-01,    8478.72,  126548.00,    1018.38
1991-05-01,    8706.14,  126176.00,    1018.38
1991-06-01,    8716.84,  126331.00,    1033.25
1991-07-01,    8578.47,  126154.00,     996.08
1991-08-01,    8704.35,  126150.00,     981.21
1991-09-01,    8738.85,  126650.00,     988.65
1991-10-01,    8864.94,  126642.00,     944.05
1991-11-01,    8869.07,  126701.00,     958.91
1991-12-01,    9246.47,  126664.00,     966.35
1992-01-01,    9290.05,  127261.00,     914.31
1992-02-01,    9413.32,  127207.00,     951.48
1992-03-01,    9442.70,  127604.00,     996.08
1992-04-01,    9460.23,  127841.00,     958.91
1992-05-01,    9737.04,  128119.00,     988.65
1992-06-01,   10019.80,  128459.00,     973.78
1992-07-01,    9899.35,  128563.00,     966.35
1992-08-01,    9774.59,  128613.00,     988.65
1992-09-01,    9766.08,  128501.00,     958.91
1992-10-01,    9345.90,  128026.00,     981.21
1992-11-01,    9504.63,  128441.00,    1010.95
1992-12-01,    9513.00,  128554.00,    1010.95
1993-01-01,    9373.20,  128400.00,     988.65
1993-02-01,    9120.52,  128458.00,    1025.81
1993-03-01,    9001.86,  128598.00,    1018.38
1993-04-01,    9129.46,  128584.00,    1018.38
1993-05-01,    9177.74,  129264.00,    1055.55
1993-06-01,    9058.77,  129411.00,    1025.81
1993-07-01,    8928.39,  129397.00,    1062.98
1993-08-01,    8814.09,  129619.00,    1085.28
1993-09-01,    8660.96,  129268.00,    1062.98
1993-10-01,    8810.96,  129573.00,    1115.01
1993-11-01,    8560.93,  129711.00,    1122.45
1993-12-01,    8446.17,  129941.00,    1152.18
1994-01-01,    8619.34,  130596.00,    1187.18
1994-02-01,    8624.15,  130669.00,    1236.50
1994-03-01,    8476.00,  130400.00,    1255.97
1994-04-01,    8359.74,  130621.00,    1253.70
1994-05-01,    7977.52,  130779.00,    1302.24
1994-06-01,    7964.22,  130561.00,    1271.05
1994-07-01,    7969.77,  130652.00,    1337.13
1994-08-01,    7876.50,  131275.00,    1280.33
1994-09-01,    7753.84,  131421.00,    1295.45
1994-10-01,    7641.15,  131744.00,    1375.27
1994-11-01,    7385.90,  131891.00,    1356.99
1994-12-01,    7257.31,  131951.00,    1406.28
1995-01-01,    7394.13,  132038.00,    1355.38
1995-02-01,    7134.21,  132115.00,    1357.36
1995-03-01,    7133.83,  132108.00,    1327.05
1995-04-01,    7690.22,  132590.00,    1341.58
1995-05-01,    7383.66,  131851.00,    1252.15
1995-06-01,    7389.14,  131949.00,    1270.70
1995-07-01,    7543.55,  132343.00,    1336.63
1995-08-01,    7543.15,  132336.00,    1323.12
1995-09-01,    7426.22,  132611.00,    1323.33
1995-10-01,    7299.38,  132716.00,    1342.37
1995-11-01,    7426.38,  132614.00,    1296.22
1995-12-01,    7420.62,  132511.00,    1419.37
1996-01-01,    7426.50,  132616.00,    1336.84
1996-02-01,    7312.36,  132952.00,    1302.91
1996-03-01,    7324.90,  133180.00,    1338.04
1996-04-01,    7470.90,  133409.00,    1305.21
1996-05-01,    7485.35,  133667.00,    1255.24
1996-06-01,    7085.94,  133697.00,    1377.82
1996-07-01,    7385.62,  134284.00,    1290.27
1996-08-01,    6836.75,  134054.00,    1296.55
1996-09-01,    6994.78,  134515.00,    1364.15
1996-10-01,    7015.89,  134921.00,    1295.61
1996-11-01,    7290.38,  135007.00,    1401.65
1996-12-01,    7296.10,  135113.00,    1387.79
1997-01-01,    7179.17,  135456.00,    1371.39
1997-02-01,    7040.80,  135400.00,    1428.35
1997-03-01,    7066.33,  135891.00,    1410.37
1997-04-01,    6936.82,  136016.00,    1396.54
1997-05-01,    6669.83,  136119.00,    1313.68
1997-06-01,    6810.55,  136211.00,    1439.16
1997-07-01,    6687.37,  136477.00,    1389.09
1997-08-01,    6557.66,  136618.00,    1410.26
1997-09-01,    6697.07,  136675.00,    1485.25
1997-10-01,    6421.75,  136633.00,    1456.19
1997-11-01,    6300.21,  136961.00,    1546.64
1997-12-01,    6446.28,  137155.00,    1444.01
1998-01-01,    6306.37,  137095.00,    1504.08
1998-02-01,    6307.15,  137112.00,    1545.94
1998-03-01,    6450.09,  137236.00,    1533.02
1998-04-01,    5897.45,  137150.00,    1540.66
1998-05-01,    6044.37,  137372.00,    1544.77
1998-06-01,    6185.48,  137455.00,    1514.32
1998-07-01,    6191.46,  137588.00,    1519.52
1998-08-01,    6190.65,  137570.00,    1545.14
1998-09-01,    6361.16,  138286.00,    1470.78
1998-10-01,    6222.56,  138279.00,    1459.54
1998-11-01,    6088.76,  138381.00,    1539.16
1998-12-01,    6099.90,  138634.00,    1506.81
1999-01-01,    5977.13,  139003.00,    1602.86
1999-02-01,    6114.55,  138967.00,    1630.29
1999-03-01,    5826.66,  138730.00,    1566.60
1999-04-01,    5975.24,  138959.00,    1553.33
1999-05-01,    5842.49,  139107.00,    1578.79
1999-06-01,    5991.15,  139329.00,    1508.94
1999-07-01,    5995.88,  139439.00,    1535.09
1999-08-01,    5856.06,  139430.00,    1543.94
1999-09-01,    5864.12,  139622.00,    1493.06
1999-10-01,    5730.61,  139771.00,    1557.96
1999-11-01,    5741.02,  140025.00,    1544.83
1999-12-01,    5607.08,  140177.00,    1571.95
2000-01-01,    5690.68,  142267.00,    1634.26
2000-02-01,    5840.70,  142456.00,    1661.73
2000-03-01,    5697.36,  142434.00,    1633.46
2000-04-01,    5424.54,  142751.00,    1640.17
2000-05-01,    5695.52,  142388.00,    1536.75
2000-06-01,    5703.64,  142591.00,    1505.11
2000-07-01,    5691.12,  142278.00,    1538.95
2000-08-01,    5843.07,  142514.00,    1446.37
2000-09-01,    5558.20,  142518.00,    1496.95
2000-10-01,    5562.26,  142622.00,    1486.19
2000-11-01,    5575.52,  142962.00,    1432.00
2000-12-01,    5586.67,  143248.00,    1428.12
2001-01-01,    6039.60,  143800.00,    1469.10
2001-02-01,    6035.44,  143701.00,    1430.65
2001-03-01,    6188.73,  143924.00,    1336.62
2001-04-01,    6317.04,  143569.00,    1295.36
2001-05-01,    6162.67,  143318.00,    1242.03
2001-06-01,    6451.06,  143357.00,    1224.06
2001-07-01,    6608.08,  143654.00,    1248.20
2001-08-01,    7020.92,  143284.00,    1129.47
2001-09-01,    7199.45,  143989.00,    1142.66
2001-10-01,    7636.56,  144086.00,    1040.49
2001-11-01,    7933.20,  144240.00,    1059.58
2001-12-01,    8225.39,  144305.00,    1032.07
2002-01-01,    8201.33,  143883.00,    1038.25
2002-02-01,    8245.22,  144653.00,     964.43
2002-03-01,    8235.42,  144481.00,    1013.83
2002-04-01,    8538.77,  144725.00,     974.25
2002-05-01,    8406.40,  144938.00,     970.32
2002-06-01,    8398.86,  144808.00,     957.69
2002-07-01,    8398.57,  144803.00,     945.06
2002-08-01,    8265.51,  145009.00,     987.16
2002-09-01,    8296.46,  145552.00,     926.54
2002-10-01,    8282.90,  145314.00,     976.50
2002-11-01,    8557.42,  145041.00,     986.32
2002-12-01,    8703.96,  145066.00,     889.49
2003-01-01,    8464.35,  145937.00,     965.83
2003-02-01,    8619.90,  146100.00,     906.33
2003-03-01,    8615.30,  146022.00,     869.84
2003-04-01,    8788.44,  146474.00,     872.37
2003-05-01,    8936.50,  146500.00,     923.17
2003-06-01,    9264.53,  147056.00,     951.52
2003-07-01,    9082.07,  146485.00,     836.72
2003-08-01,    8933.15,  146445.00,     895.38
2003-09-01,    8938.33,  146530.00,     867.59
2003-10-01,    8802.96,  146716.00,     927.66
2003-11-01,    8526.00,  147000.00,     932.99
2003-12-01,    8363.55,  146729.00,     958.25
2004-01-01,    8369.99,  146842.00,     961.06
2004-02-01,    8215.70,  146709.00,     991.38
2004-03-01,    8522.75,  146944.00,     989.41
2004-04-01,    8223.60,  146850.00,     985.48
2004-05-01,    8235.64,  147065.00,    1041.34
2004-06-01,    8257.76,  147460.00,     936.64
2004-07-01,    8123.06,  147692.00,    1070.53
2004-08-01,    7968.46,  147564.00,     993.90
2004-09-01,    7960.41,  147415.00,    1072.49
2004-10-01,    8128.61,  147793.00,    1106.74
2004-11-01,    8000.75,  148162.00,     974.53
2004-12-01,    7995.19,  148059.00,    1143.51
2005-01-01,    7845.54,  148029.00,    1067.72
2005-02-01,    8011.66,  148364.00,    1112.91
2005-03-01,    7716.33,  148391.00,    1135.09
2005-04-01,    7744.15,  148926.00,    1167.36
2005-05-01,    7612.31,  149261.00,    1065.76
2005-06-01,    7461.90,  149238.00,    1140.14
2005-07-01,    7471.60,  149432.00,    1194.59
2005-08-01,    7339.17,  149779.00,    1162.59
2005-09-01,    7497.70,  149954.00,    1221.54
2005-10-01,    7500.05,  150001.00,    1174.38
2005-11-01,    7503.25,  150065.00,    1192.34
2005-12-01,    7351.47,  150030.00,    1201.89
2006-01-01,    7060.06,  150214.00,    1234.17
2006-02-01,    7230.77,  150641.00,    1213.96
2006-03-01,    7088.21,  150813.00,    1328.20
2006-04-01,    7091.41,  150881.00,    1344.48
2006-05-01,    6949.17,  151069.00,    1252.69
2006-06-01,    6962.28,  151354.00,    1295.08
2006-07-01,    7114.72,  151377.00,    1233.32
2006-08-01,    7130.65,  151716.00,    1322.02
2006-09-01,    6824.79,  151662.00,    1329.60
2006-10-01,    6689.80,  152041.00,    1288.62
2006-11-01,    6858.27,  152406.00,    1303.78
2006-12-01,    6720.21,  152732.00,    1296.76
2007-01-01,    7044.62,  153144.00,    1336.90
2007-02-01,    6884.23,  152983.00,    1318.93
2007-03-01,    6734.24,  153051.00,    1392.75
2007-04-01,    6859.57,  152435.00,    1316.13
2007-05-01,    6717.48,  152670.00,    1307.14
2007-06-01,    7039.89,  153041.00,    1363.84
2007-07-01,    7193.54,  153054.00,    1290.58
2007-08-01,    7026.45,  152749.00,    1275.99
2007-09-01,    7210.46,  153414.00,    1305.74
2007-10-01,    7199.60,  153183.00,    1301.25
2007-11-01,    7230.24,  153835.00,    1304.06
2007-12-01,    7695.90,  153918.00,    1275.71
2008-01-01,    7703.15,  154063.00,    1297.88
2008-02-01,    7529.00,  153653.00,    1201.05
2008-03-01,    7849.31,  153908.00,    1185.89
2008-04-01,    7688.45,  153769.00,    1132.56
2008-05-01,    8332.36,  154303.00,    1177.19
2008-06-01,    8641.53,  154313.00,    1075.02
2008-07-01,    8959.20,  154469.00,    1052.28
2008-08-01,    9433.10,  154641.00,    1031.23
2008-09-01,    9428.77,  154570.00,     904.36
2008-10-01,   10066.94,  154876.00,     947.87
2008-11-01,   10515.45,  154639.00,     906.89
2008-12-01,   11289.82,  154655.00,     883.03
2009-01-01,   12028.38,  154210.00,     768.51
2009-02-01,   12826.65,  154538.00,     803.88
2009-03-01,   13409.57,  154133.00,     711.25
2009-04-01,   13905.81,  154509.00,     644.17
2009-05-01,   14546.22,  154747.00,     715.46
2009-06-01,   14698.02,  154716.00,     702.55
2009-07-01,   14677.69,  154502.00,     626.49
2009-08-01,   14813.47,  154307.00,     656.24
2009-09-01,   15075.05,  153827.00,     698.06
2009-10-01,   15378.40,  153784.00,     675.33
2009-11-01,   15233.92,  153878.00,     702.55
2009-12-01,   15157.99,  153111.00,     720.80
2010-01-01,   15041.43,  153484.00,     796.30
2010-02-01,   15062.01,  153694.00,     748.30
2010-03-01,   15241.45,  153954.00,     751.95
2010-04-01,   15307.58,  154622.00,     885.00
2010-05-01,   14792.74,  154091.00,     838.68
2010-06-01,   14439.90,  153616.00,     786.20
2010-07-01,   14446.95,  153691.00,     865.07
2010-08-01,   14638.17,  154086.00,     841.77
2010-09-01,   14627.62,  153975.00,     819.04
2010-10-01,   14441.69,  153635.00,     908.01
2010-11-01,   15104.25,  154125.00,     901.28
2010-12-01,   14289.45,  153650.00,     858.33
2011-01-01,   13946.93,  153263.00,     871.24
2011-02-01,   13789.26,  153214.00,     905.49
2011-03-01,   13803.84,  153376.00,     915.31
2011-04-01,   13972.41,  153543.00,     914.75
2011-05-01,   13813.11,  153479.00,     892.29
2011-06-01,   13954.49,  153346.00,     969.76
2011-07-01,   13795.92,  153288.00,    1016.92
2011-08-01,   13838.40,  153760.00,     934.40
2011-09-01,   13871.79,  154131.00,    1059.30
2011-10-01,   13548.57,  153961.00,    1015.79
2011-11-01,   13255.01,  154128.00,    1000.64
2011-12-01,   13089.58,  153995.00,    1057.62
2012-01-01,   12813.62,  154381.00,    1097.19
2012-02-01,   12837.69,  154671.00,    1014.95
2012-03-01,   12689.42,  154749.00,    1116.84
2012-04-01,   12672.69,  154545.00,    1064.63
2012-05-01,   12699.01,  154866.00,    1076.42
2012-06-01,   12716.81,  155083.00,    1097.75
2012-07-01,   12705.74,  154948.00,    1048.35
2012-08-01,   12535.80,  154763.00,    1069.12
2012-09-01,   12102.48,  155160.00,    1089.61
2012-10-01,   12133.21,  155554.00,    1059.58
2012-11-01,   11961.03,  155338.00,    1088.49
2012-12-01,   12294.61,  155628.00,    1114.31
2013-01-01,   12461.04,  155763.00,    1101.12
2013-02-01,   11959.02,  155312.00,    1123.86
2013-03-01,   11625.38,  155005.00,    1144.07
2013-04-01,   11809.94,  155394.00,    1119.37
2013-05-01,   11665.20,  155536.00,    1163.43
2013-06-01,   11681.17,  155749.00,    1164.84
2013-07-01,   11358.73,  155599.00,    1090.46
2013-08-01,   11203.56,  155605.00,    1146.59
2013-09-01,   11209.46,  155687.00,    1158.66
2013-10-01,   11136.46,  154673.00,    1185.05
2013-11-01,   10713.28,  155265.00,    1156.14
2013-12-01,   10397.19,  155182.00,    1156.70
2014-01-01,   10253.23,  155352.00,    1158.38
2014-02-01,   10417.36,  155483.00,    1227.43
2014-03-01,   10453.88,  156028.00,    1231.64
2014-04-01,    9632.88,  155369.00,    1281.60
2014-05-01,    9808.09,  155684.00,    1332.41
2014-06-01,    9498.13,  155707.00,    1398.37
2014-07-01,    9672.43,  156007.00,    1360.19
2014-08-01,    9523.93,  156130.00,    1501.38
2014-09-01,    9206.36,  156040.00,    1379.28
2014-10-01,    8915.77,  156417.00,    1406.79
2014-11-01,    9076.65,  156494.00,    1359.35
2014-12-01,    8754.59,  156332.00,    1439.91
2015-01-01,    8950.71,  157030.00,    1499.97
2015-02-01,    8615.42,  156644.00,    1534.22
2015-03-01,    8458.72,  156643.00,    1462.36
2015-04-01,    8481.24,  157060.00,    1571.27
2015-05-01,    8828.46,  157651.00,    1561.44
2015-06-01,    8324.29,  157062.00,    1473.03
2015-07-01,    8163.84,  156997.00,    1699.82
2015-08-01,    8015.77,  157172.00,    1534.50
2015-09-01,    7836.65,  156733.00,    1540.39
2015-10-01,    7858.35,  157167.00,    1620.39
2015-11-01,    8030.61,  157463.00,    1602.14
2015-12-01,    7901.75,  158035.00,    1640.60
2016-01-01,    7597.44,  158280.00,    1687.47
2016-02-01,    7773.36,  158640.00,    1619.55
2016-03-01,    7958.95,  159179.00,    1720.31
2016-04-01,    8116.19,  159141.00,    1628.81
2016-05-01,    7621.63,  158784.00,    1621.51
2016-06-01,    7789.38,  158967.00,    1611.69
2016-07-01,    7641.31,  159194.00,    1673.44
2016-08-01,    7818.54,  159562.00,    1593.44
2016-09-01,    7985.70,  159714.00,    1647.05
2016-10-01,    7820.65,  159605.00,    1569.30
2016-11-01,    7496.78,  159506.00,    1675.96
2016-12-01,    7504.87,  159678.00,    1674.00
2017-01-01,    7502.14,  159620.00,    1576.60
2017-02-01,    7353.51,  159859.00,    1662.49
2017-03-01,    7046.03,  160137.00,    1631.05
2017-04-01,    7055.18,  160345.00,    1709.65
2017-05-01,    7042.99,  160068.00,    1635.26
2017-06-01,    6888.26,  160192.00,    1769.71
2017-07-01,    6899.87,  160462.00,    1750.91
2017-08-01,    7065.78,  160586.00,    1761.57
2017-09-01,    6929.02,  161140.00,    1773.92
2017-10-01,    6732.98,  160309.00,    1798.62
2017-11-01,    6744.32,  160579.00,    1760.17
2017-12-01,    6581.94,  160535.00,    1778.41
2018-01-01,    6436.56,  160914.00,    1858.41
2018-02-01,    6632.90,  161778.00,    1839.04
2018-03-01,    6467.44,  161686.00,    1913.70
2018-04-01,    6470.84,  161771.00,    1930.26
2018-05-01,    6150.22,  161848.00,    1969.28
2018-06-01,    6488.40,  162210.00,    2029.34
2018-07-01,    6168.96,  162341.00,    2018.12
2018-08-01,    6143.08,  161660.00,    2023.17
2018-09-01,    5997.22,  162087.00,    2080.15
2018-10-01,    6178.88,  162602.00,    2050.11
2018-11-01,    6187.77,  162836.00,    2131.51
2018-12-01,    6365.03,  163206.00,    2102.04
2019-01-01,    6518.52,  162963.00,    2105.69
2019-02-01,    6193.96,  162999.00,    1983.31
2019-03-01,    6190.35,  162904.00,    2053.76
2019-04-01,    6015.68,  162586.00,    2041.13
2019-05-01,    5859.04,  162751.00,    2041.97
2019-06-01,    5874.05,  163168.00,    2019.24
2019-07-01,    6052.83,  163590.00,    1976.58
2019-08-01,    5895.86,  163774.00,    2014.75
2019-09-01,    5743.22,  164092.00,    1999.59
2019-10-01,    5918.98,  164416.00,    2045.90
2019-11-01,    5921.86,  164496.00,    1933.35
2019-12-01,    5929.16,  164699.00,    1880.30
2020-01-01,    5915.81,  164328.00,    2012.50
2020-02-01,    5754.42,  164412.00,    1957.49
2020-03-01,    7153.56,  162581.00,    1662.77
2020-04-01,   23128.85,  156276.00,    1301.53
2020-05-01,   20864.71,  158066.00,    1569.86
2020-06-01,   17600.33,  160003.00,    1727.89
2020-07-01,   16338.16,  160178.00,    1821.92
2020-08-01,   13503.76,  160759.00,    1787.68
2020-09-01,   12499.27,  160247.00,    1825.85
2020-10-01,   10945.35,  160961.00,    1919.32
2020-11-01,   10762.01,  160627.00,    1924.65
2020-12-01,   10770.99,  160761.00,    1896.86
2021-01-01,   10240.90,  160014.00,    2016.71
2021-02-01,    9928.25,  160133.00,    2194.39
2021-03-01,    9784.09,  160395.00,    2391.15
2021-04-01,    9813.92,  160884.00,    2605.31
2021-05-01,    9322.75,  160737.00,    2780.17
2021-06-01,    9516.35,  161294.00,    2895.81
2021-07-01,    8724.13,  161558.00,    3085.00
2021-08-01,    8239.46,  161558.00,    3054.96
2021-09-01,    7593.70,  161568.00,    3052.44
2021-10-01,    7278.66,  161748.00,    3189.97
2021-11-01,    6651.88,  162241.00,    3137.48
2021-12-01,    6334.73,  162429.00,    3230.95
2022-01-01,    6544.60,  163615.00,    3155.73
2022-02-01,    6224.67,  163807.00,    3284.00
2022-03-01,    5911.63,  164212.00,    3419.29
2022-04-01,    6065.11,  163922.00,    3304.49
2022-05-01,    5914.08,  164280.00,    3220.29
2022-06-01,    5907.60,  164100.00,    3144.78
2022-07-01,    5742.27,  164065.00,    3238.25
2022-08-01,    5930.68,  164741.00,    2840.24
2022-09-01,    5762.72,  164649.00,    3026.89
2022-10-01,    5928.44,  164679.00,    2954.48
2022-11-01,    5919.88,  164441.00,    3003.88
2022-12-01,    5774.93,  164998.00,    3087.52
2023-01-01,    5639.61,  165871.00,    2926.13
2023-02-01,    5985.47,  166263.00,    2764.45
2023-03-01,    5834.15,  166690.00,    2701.02
2023-04-01,    5667.05,  166678.00,    2779.89
2023-05-01,    6172.45,  166823.00,    2613.45
2023-06-01,    6012.00,  167000.00,    2561.24
2023-07-01,    5848.95,  167113.00,    2471.42
2023-08-01,    6377.92,  167840.00,    2626.64
2023-09-01,    6380.09,  167897.00,    2612.32
2023-10-01,    6373.47,  167723.00,    2437.74
2023-11-01,    6220.70,  168127.00,    2506.79
2023-12-01,    6195.69,  167451.00,    2495.00
2024-01-01,    6189.21,  167276.00,    2487.70
